图册编号,主题,图像文件,格序,资产ID,资产名称,图像宽,图像高,图像SHA256
M001,家具器具设备组件,图像/M001_家具器具设备组件.png,1,LIFE-008,衣物收纳隔层,1448,1086,e337a5ec92504a2370934c55f94c72515117cae38edfd45196bd0161af434c60
M001,家具器具设备组件,图像/M001_家具器具设备组件.png,2,LIFE-009,梳妆镜框,1448,1086,e337a5ec92504a2370934c55f94c72515117cae38edfd45196bd0161af434c60
M001,家具器具设备组件,图像/M001_家具器具设备组件.png,3,LIFE-019,桌面输入设备托板,1448,1086,e337a5ec92504a2370934c55f94c72515117cae38edfd45196bd0161af434c60
M001,家具器具设备组件,图像/M001_家具器具设备组件.png,4,LIFE-020,书桌灯,1448,1086,e337a5ec92504a2370934c55f94c72515117cae38edfd45196bd0161af434c60
M001,家具器具设备组件,图像/M001_家具器具设备组件.png,5,LIFE-023,小圆凳,1448,1086,e337a5ec92504a2370934c55f94c72515117cae38edfd45196bd0161af434c60
M001,家具器具设备组件,图像/M001_家具器具设备组件.png,6,LIFE-024,玄关鞋柜,1448,1086,e337a5ec92504a2370934c55f94c72515117cae38edfd45196bd0161af434c60
M001,家具器具设备组件,图像/M001_家具器具设备组件.png,7,LIFE-025,墙面置物层板,1448,1086,e337a5ec92504a2370934c55f94c72515117cae38edfd45196bd0161af434c60
M001,家具器具设备组件,图像/M001_家具器具设备组件.png,8,LIFE-026,窗帘挂轨,1448,1086,e337a5ec92504a2370934c55f94c72515117cae38edfd45196bd0161af434c60
M001,家具器具设备组件,图像/M001_家具器具设备组件.png,9,LIFE-027,窗帘帘片,1448,1086,e337a5ec92504a2370934c55f94c72515117cae38edfd45196bd0161af434c60
M001,家具器具设备组件,图像/M001_家具器具设备组件.png,10,LIFE-028,室内顶灯,1448,1086,e337a5ec92504a2370934c55f94c72515117cae38edfd45196bd0161af434c60
M001,家具器具设备组件,图像/M001_家具器具设备组件.png,11,LIFE-029,壁灯灯体,1448,1086,e337a5ec92504a2370934c55f94c72515117cae38edfd45196bd0161af434c60
M001,家具器具设备组件,图像/M001_家具器具设备组件.png,12,LIFE-030,室内电源/控制面板,1448,1086,e337a5ec92504a2370934c55f94c72515117cae38edfd45196bd0161af434c60
M002,家具器具设备组件,图像/M002_家具器具设备组件.png,1,LIFE-031,起居地毯,1448,1086,c3275a4e2bf0df4a1d87173f552c1def97f8585aad1f92c675cd2a3f0b0c7ae8
M002,家具器具设备组件,图像/M002_家具器具设备组件.png,2,LIFE-032,通用工作桌,1448,1086,c3275a4e2bf0df4a1d87173f552c1def97f8585aad1f92c675cd2a3f0b0c7ae8
M002,家具器具设备组件,图像/M002_家具器具设备组件.png,3,LIFE-037,厨房操作台柜体,1448,1086,c3275a4e2bf0df4a1d87173f552c1def97f8585aad1f92c675cd2a3f0b0c7ae8
M002,家具器具设备组件,图像/M002_家具器具设备组件.png,4,LIFE-038,厨房台面,1448,1086,c3275a4e2bf0df4a1d87173f552c1def97f8585aad1f92c675cd2a3f0b0c7ae8
M002,家具器具设备组件,图像/M002_家具器具设备组件.png,5,LIFE-039,厨房灶具及烟罩,1448,1086,c3275a4e2bf0df4a1d87173f552c1def97f8585aad1f92c675cd2a3f0b0c7ae8
M002,家具器具设备组件,图像/M002_家具器具设备组件.png,6,LIFE-040,厨房水槽及龙头,1448,1086,c3275a4e2bf0df4a1d87173f552c1def97f8585aad1f92c675cd2a3f0b0c7ae8
M002,家具器具设备组件,图像/M002_家具器具设备组件.png,7,LIFE-041,厨房吊柜,1448,1086,c3275a4e2bf0df4a1d87173f552c1def97f8585aad1f92c675cd2a3f0b0c7ae8
M002,家具器具设备组件,图像/M002_家具器具设备组件.png,8,LIFE-042,食品储物柜,1448,1086,c3275a4e2bf0df4a1d87173f552c1def97f8585aad1f92c675cd2a3f0b0c7ae8
M002,家具器具设备组件,图像/M002_家具器具设备组件.png,9,LIFE-043,冰箱/冷藏柜外壳,1448,1086,c3275a4e2bf0df4a1d87173f552c1def97f8585aad1f92c675cd2a3f0b0c7ae8
M002,家具器具设备组件,图像/M002_家具器具设备组件.png,10,LIFE-044,炊具锅体,1448,1086,c3275a4e2bf0df4a1d87173f552c1def97f8585aad1f92c675cd2a3f0b0c7ae8
M002,家具器具设备组件,图像/M002_家具器具设备组件.png,11,LIFE-045,锅盖,1448,1086,c3275a4e2bf0df4a1d87173f552c1def97f8585aad1f92c675cd2a3f0b0c7ae8
M002,家具器具设备组件,图像/M002_家具器具设备组件.png,12,LIFE-046,碗盘通用容器,1448,1086,c3275a4e2bf0df4a1d87173f552c1def97f8585aad1f92c675cd2a3f0b0c7ae8
M003,家具器具设备组件,图像/M003_家具器具设备组件.png,1,LIFE-047,杯壶器具,1448,1086,b9abdfb934eb641f35746e0389f270e98061354f1fabad44d39c6d3b7e9344ad
M003,家具器具设备组件,图像/M003_家具器具设备组件.png,2,LIFE-048,砧板与切配工具,1448,1086,b9abdfb934eb641f35746e0389f270e98061354f1fabad44d39c6d3b7e9344ad
M003,家具器具设备组件,图像/M003_家具器具设备组件.png,3,LIFE-049,茶具壶及杯组合,1448,1086,b9abdfb934eb641f35746e0389f270e98061354f1fabad44d39c6d3b7e9344ad
M003,家具器具设备组件,图像/M003_家具器具设备组件.png,4,LIFE-050,洗面台柜体,1448,1086,b9abdfb934eb641f35746e0389f270e98061354f1fabad44d39c6d3b7e9344ad
M003,家具器具设备组件,图像/M003_家具器具设备组件.png,5,LIFE-051,洗面盆及龙头,1448,1086,b9abdfb934eb641f35746e0389f270e98061354f1fabad44d39c6d3b7e9344ad
M003,家具器具设备组件,图像/M003_家具器具设备组件.png,6,LIFE-052,卫生间坐便器,1448,1086,b9abdfb934eb641f35746e0389f270e98061354f1fabad44d39c6d3b7e9344ad
M003,家具器具设备组件,图像/M003_家具器具设备组件.png,7,LIFE-053,淋浴/浴缸盆体,1448,1086,b9abdfb934eb641f35746e0389f270e98061354f1fabad44d39c6d3b7e9344ad
M003,家具器具设备组件,图像/M003_家具器具设备组件.png,8,LIFE-054,淋浴隔屏,1448,1086,b9abdfb934eb641f35746e0389f270e98061354f1fabad44d39c6d3b7e9344ad
M003,家具器具设备组件,图像/M003_家具器具设备组件.png,9,LIFE-055,卫生间壁镜,1448,1086,b9abdfb934eb641f35746e0389f270e98061354f1fabad44d39c6d3b7e9344ad
M003,家具器具设备组件,图像/M003_家具器具设备组件.png,10,LIFE-056,给排水接头与阀门,1448,1086,b9abdfb934eb641f35746e0389f270e98061354f1fabad44d39c6d3b7e9344ad
M003,家具器具设备组件,图像/M003_家具器具设备组件.png,11,LIFE-057,毛巾挂架,1448,1086,b9abdfb934eb641f35746e0389f270e98061354f1fabad44d39c6d3b7e9344ad
M003,家具器具设备组件,图像/M003_家具器具设备组件.png,12,LIFE-064,商铺公共售货柜台,1448,1086,b9abdfb934eb641f35746e0389f270e98061354f1fabad44d39c6d3b7e9344ad
M004,家具器具设备组件,图像/M004_家具器具设备组件.png,1,LIFE-065,实际库存食品陈列通用单元,1448,1086,69a2eb80b25642731566a7b97cd51987259242dfa71ccc459f37b7e8ebc6d0ed
M004,家具器具设备组件,图像/M004_家具器具设备组件.png,2,LIFE-066,商铺货架框架,1448,1086,69a2eb80b25642731566a7b97cd51987259242dfa71ccc459f37b7e8ebc6d0ed
M004,家具器具设备组件,图像/M004_家具器具设备组件.png,3,LIFE-067,商铺抽屉与储物格,1448,1086,69a2eb80b25642731566a7b97cd51987259242dfa71ccc459f37b7e8ebc6d0ed
M004,家具器具设备组件,图像/M004_家具器具设备组件.png,4,LIFE-068,货架价格签槽,1448,1086,69a2eb80b25642731566a7b97cd51987259242dfa71ccc459f37b7e8ebc6d0ed
M004,家具器具设备组件,图像/M004_家具器具设备组件.png,5,LIFE-069,空展示盘与篮筐,1448,1086,69a2eb80b25642731566a7b97cd51987259242dfa71ccc459f37b7e8ebc6d0ed
M004,家具器具设备组件,图像/M004_家具器具设备组件.png,6,LIFE-070,布幔及棚面,1448,1086,69a2eb80b25642731566a7b97cd51987259242dfa71ccc459f37b7e8ebc6d0ed
M004,家具器具设备组件,图像/M004_家具器具设备组件.png,7,LIFE-071,杂货包装箱,1448,1086,69a2eb80b25642731566a7b97cd51987259242dfa71ccc459f37b7e8ebc6d0ed
M004,家具器具设备组件,图像/M004_家具器具设备组件.png,8,LIFE-072,仓储货箱,1448,1086,69a2eb80b25642731566a7b97cd51987259242dfa71ccc459f37b7e8ebc6d0ed
M004,家具器具设备组件,图像/M004_家具器具设备组件.png,9,LIFE-073,货箱封条与编码板,1448,1086,69a2eb80b25642731566a7b97cd51987259242dfa71ccc459f37b7e8ebc6d0ed
M004,家具器具设备组件,图像/M004_家具器具设备组件.png,10,LIFE-074,可回收袋筐,1448,1086,69a2eb80b25642731566a7b97cd51987259242dfa71ccc459f37b7e8ebc6d0ed
M004,家具器具设备组件,图像/M004_家具器具设备组件.png,11,LIFE-075,货运托盘,1448,1086,69a2eb80b25642731566a7b97cd51987259242dfa71ccc459f37b7e8ebc6d0ed
M004,家具器具设备组件,图像/M004_家具器具设备组件.png,12,LIFE-076,托盘货物固定带,1448,1086,69a2eb80b25642731566a7b97cd51987259242dfa71ccc459f37b7e8ebc6d0ed
M005,家具器具设备组件,图像/M005_家具器具设备组件.png,1,LIFE-077,仓储货架梁柱,1448,1086,f56b1946f3ff8e4d48edb4303a6c4504ff9520d0cc5a5bbdb3f4226bc61b75fa
M005,家具器具设备组件,图像/M005_家具器具设备组件.png,2,LIFE-078,输送带传输单元,1448,1086,f56b1946f3ff8e4d48edb4303a6c4504ff9520d0cc5a5bbdb3f4226bc61b75fa
M005,家具器具设备组件,图像/M005_家具器具设备组件.png,3,LIFE-079,装卸平台/升降托板,1448,1086,f56b1946f3ff8e4d48edb4303a6c4504ff9520d0cc5a5bbdb3f4226bc61b75fa
M005,家具器具设备组件,图像/M005_家具器具设备组件.png,4,LIFE-080,称量设备与磅秤,1448,1086,f56b1946f3ff8e4d48edb4303a6c4504ff9520d0cc5a5bbdb3f4226bc61b75fa
M005,家具器具设备组件,图像/M005_家具器具设备组件.png,5,LIFE-081,制造工作台,1448,1086,f56b1946f3ff8e4d48edb4303a6c4504ff9520d0cc5a5bbdb3f4226bc61b75fa
M005,家具器具设备组件,图像/M005_家具器具设备组件.png,6,LIFE-082,加工机床外壳,1448,1086,f56b1946f3ff8e4d48edb4303a6c4504ff9520d0cc5a5bbdb3f4226bc61b75fa
M005,家具器具设备组件,图像/M005_家具器具设备组件.png,7,LIFE-083,工坊工具架,1448,1086,f56b1946f3ff8e4d48edb4303a6c4504ff9520d0cc5a5bbdb3f4226bc61b75fa
M005,家具器具设备组件,图像/M005_家具器具设备组件.png,8,LIFE-084,采矿切割设备,1448,1086,f56b1946f3ff8e4d48edb4303a6c4504ff9520d0cc5a5bbdb3f4226bc61b75fa
M005,家具器具设备组件,图像/M005_家具器具设备组件.png,9,LIFE-085,矿石样品/矿料块,1448,1086,f56b1946f3ff8e4d48edb4303a6c4504ff9520d0cc5a5bbdb3f4226bc61b75fa
M005,家具器具设备组件,图像/M005_家具器具设备组件.png,10,LIFE-086,农作物采收容器,1448,1086,f56b1946f3ff8e4d48edb4303a6c4504ff9520d0cc5a5bbdb3f4226bc61b75fa
M005,家具器具设备组件,图像/M005_家具器具设备组件.png,11,LIFE-087,捕鱼网具及捕捞箱,1448,1086,f56b1946f3ff8e4d48edb4303a6c4504ff9520d0cc5a5bbdb3f4226bc61b75fa
M005,家具器具设备组件,图像/M005_家具器具设备组件.png,12,LIFE-088,冷链货箱,1448,1086,f56b1946f3ff8e4d48edb4303a6c4504ff9520d0cc5a5bbdb3f4226bc61b75fa
M006,家具器具设备组件,图像/M006_家具器具设备组件.png,1,LIFE-089,公司金融终端,1448,1086,d0c671a5c515a59153ab0973968478be17c0e60119524e16407701fbb0ad7b33
M006,家具器具设备组件,图像/M006_家具器具设备组件.png,2,LIFE-090,银行办理柜台屏,1448,1086,d0c671a5c515a59153ab0973968478be17c0e60119524e16407701fbb0ad7b33
M006,家具器具设备组件,图像/M006_家具器具设备组件.png,3,LIFE-091,货物取交签收终端,1448,1086,d0c671a5c515a59153ab0973968478be17c0e60119524e16407701fbb0ad7b33
M006,家具器具设备组件,图像/M006_家具器具设备组件.png,4,LIFE-092,谷物原料视觉母版,1448,1086,d0c671a5c515a59153ab0973968478be17c0e60119524e16407701fbb0ad7b33
M006,家具器具设备组件,图像/M006_家具器具设备组件.png,5,LIFE-093,蔬菜原料视觉母版,1448,1086,d0c671a5c515a59153ab0973968478be17c0e60119524e16407701fbb0ad7b33
M006,家具器具设备组件,图像/M006_家具器具设备组件.png,6,LIFE-094,鱼类食材视觉母版,1448,1086,d0c671a5c515a59153ab0973968478be17c0e60119524e16407701fbb0ad7b33
M006,家具器具设备组件,图像/M006_家具器具设备组件.png,7,LIFE-095,工业服务材料包装,1448,1086,d0c671a5c515a59153ab0973968478be17c0e60119524e16407701fbb0ad7b33
M006,家具器具设备组件,图像/M006_家具器具设备组件.png,8,LIFE-096,药材及药品包装,1448,1086,d0c671a5c515a59153ab0973968478be17c0e60119524e16407701fbb0ad7b33
M006,家具器具设备组件,图像/M006_家具器具设备组件.png,9,LIFE-106,书册母版,1448,1086,d0c671a5c515a59153ab0973968478be17c0e60119524e16407701fbb0ad7b33
M006,家具器具设备组件,图像/M006_家具器具设备组件.png,10,LIFE-107,卷轴/画卷母版,1448,1086,d0c671a5c515a59153ab0973968478be17c0e60119524e16407701fbb0ad7b33
M006,家具器具设备组件,图像/M006_家具器具设备组件.png,11,LIFE-109,讲台,1448,1086,d0c671a5c515a59153ab0973968478be17c0e60119524e16407701fbb0ad7b33
M006,家具器具设备组件,图像/M006_家具器具设备组件.png,12,LIFE-110,黑板/教学屏,1448,1086,d0c671a5c515a59153ab0973968478be17c0e60119524e16407701fbb0ad7b33
M007,家具器具设备组件,图像/M007_家具器具设备组件.png,1,LIFE-111,教室桌椅排布接口,1448,1086,c94c34f65c1e5e6b4877eec1baecd76567221aca483bcea7dbbf2aa8d3032844
M007,家具器具设备组件,图像/M007_家具器具设备组件.png,2,LIFE-112,实验台,1448,1086,c94c34f65c1e5e6b4877eec1baecd76567221aca483bcea7dbbf2aa8d3032844
M007,家具器具设备组件,图像/M007_家具器具设备组件.png,3,LIFE-113,实验仪器外壳,1448,1086,c94c34f65c1e5e6b4877eec1baecd76567221aca483bcea7dbbf2aa8d3032844
M007,家具器具设备组件,图像/M007_家具器具设备组件.png,4,LIFE-114,显微观察设备,1448,1086,c94c34f65c1e5e6b4877eec1baecd76567221aca483bcea7dbbf2aa8d3032844
M007,家具器具设备组件,图像/M007_家具器具设备组件.png,5,LIFE-115,研究样品容器,1448,1086,c94c34f65c1e5e6b4877eec1baecd76567221aca483bcea7dbbf2aa8d3032844
M007,家具器具设备组件,图像/M007_家具器具设备组件.png,6,LIFE-116,科研资料柜,1448,1086,c94c34f65c1e5e6b4877eec1baecd76567221aca483bcea7dbbf2aa8d3032844
M007,家具器具设备组件,图像/M007_家具器具设备组件.png,7,LIFE-117,能源调度控制台,1448,1086,c94c34f65c1e5e6b4877eec1baecd76567221aca483bcea7dbbf2aa8d3032844
M007,家具器具设备组件,图像/M007_家具器具设备组件.png,8,LIFE-118,数据/通信机柜,1448,1086,c94c34f65c1e5e6b4877eec1baecd76567221aca483bcea7dbbf2aa8d3032844
M007,家具器具设备组件,图像/M007_家具器具设备组件.png,9,LIFE-119,医学诊疗器械盘,1448,1086,c94c34f65c1e5e6b4877eec1baecd76567221aca483bcea7dbbf2aa8d3032844
M007,家具器具设备组件,图像/M007_家具器具设备组件.png,10,LIFE-120,病床护栏模块,1448,1086,c94c34f65c1e5e6b4877eec1baecd76567221aca483bcea7dbbf2aa8d3032844
M007,家具器具设备组件,图像/M007_家具器具设备组件.png,11,LIFE-121,病床医疗面板,1448,1086,c94c34f65c1e5e6b4877eec1baecd76567221aca483bcea7dbbf2aa8d3032844
M007,家具器具设备组件,图像/M007_家具器具设备组件.png,12,LIFE-122,检查设备/扫描舱,1448,1086,c94c34f65c1e5e6b4877eec1baecd76567221aca483bcea7dbbf2aa8d3032844
M008,家具器具设备组件,图像/M008_家具器具设备组件.png,1,LIFE-123,药柜药屉,1448,1086,dbe5d76b1e7d2fdbd9b241ab4c3035dda8a5a62c8cc089c1c32b339a1231b036
M008,家具器具设备组件,图像/M008_家具器具设备组件.png,2,LIFE-124,输液支架,1448,1086,dbe5d76b1e7d2fdbd9b241ab4c3035dda8a5a62c8cc089c1c32b339a1231b036
M008,家具器具设备组件,图像/M008_家具器具设备组件.png,3,LIFE-125,救护担架,1448,1086,dbe5d76b1e7d2fdbd9b241ab4c3035dda8a5a62c8cc089c1c32b339a1231b036
M008,家具器具设备组件,图像/M008_家具器具设备组件.png,4,LIFE-126,康复扶手,1448,1086,dbe5d76b1e7d2fdbd9b241ab4c3035dda8a5a62c8cc089c1c32b339a1231b036
M008,家具器具设备组件,图像/M008_家具器具设备组件.png,5,LIFE-127,医务洗手消毒台,1448,1086,dbe5d76b1e7d2fdbd9b241ab4c3035dda8a5a62c8cc089c1c32b339a1231b036
M008,家具器具设备组件,图像/M008_家具器具设备组件.png,6,LIFE-140,公共公告屏/告示板,1448,1086,dbe5d76b1e7d2fdbd9b241ab4c3035dda8a5a62c8cc089c1c32b339a1231b036
M008,家具器具设备组件,图像/M008_家具器具设备组件.png,7,LIFE-141,会议桌及席位,1448,1086,dbe5d76b1e7d2fdbd9b241ab4c3035dda8a5a62c8cc089c1c32b339a1231b036
M008,家具器具设备组件,图像/M008_家具器具设备组件.png,8,LIFE-142,议会发言台,1448,1086,dbe5d76b1e7d2fdbd9b241ab4c3035dda8a5a62c8cc089c1c32b339a1231b036
M008,家具器具设备组件,图像/M008_家具器具设备组件.png,9,LIFE-143,投票箱/核验台,1448,1086,dbe5d76b1e7d2fdbd9b241ab4c3035dda8a5a62c8cc089c1c32b339a1231b036
M008,家具器具设备组件,图像/M008_家具器具设备组件.png,10,LIFE-144,公共预算账簿柜,1448,1086,dbe5d76b1e7d2fdbd9b241ab4c3035dda8a5a62c8cc089c1c32b339a1231b036
M008,家具器具设备组件,图像/M008_家具器具设备组件.png,11,LIFE-145,公共审计取证盒,1448,1086,dbe5d76b1e7d2fdbd9b241ab4c3035dda8a5a62c8cc089c1c32b339a1231b036
M008,家具器具设备组件,图像/M008_家具器具设备组件.png,12,LIFE-146,档案卷宗柜,1448,1086,dbe5d76b1e7d2fdbd9b241ab4c3035dda8a5a62c8cc089c1c32b339a1231b036
M009,家具器具设备组件,图像/M009_家具器具设备组件.png,1,LIFE-147,城市信息查询终端,1448,1086,364bf3033092f2f0aba41635ddd743afb07e6a17df0b9948fd35aa5832d3dd2d
M009,家具器具设备组件,图像/M009_家具器具设备组件.png,2,LIFE-148,外交仪仗旗座,1448,1086,364bf3033092f2f0aba41635ddd743afb07e6a17df0b9948fd35aa5832d3dd2d
M009,家具器具设备组件,图像/M009_家具器具设备组件.png,3,LIFE-149,边境/移民办理台,1448,1086,364bf3033092f2f0aba41635ddd743afb07e6a17df0b9948fd35aa5832d3dd2d
M009,家具器具设备组件,图像/M009_家具器具设备组件.png,4,LIFE-150,慈善救济柜,1448,1086,364bf3033092f2f0aba41635ddd743afb07e6a17df0b9948fd35aa5832d3dd2d
M009,家具器具设备组件,图像/M009_家具器具设备组件.png,5,LIFE-151,警务值班桌,1448,1086,364bf3033092f2f0aba41635ddd743afb07e6a17df0b9948fd35aa5832d3dd2d
M009,家具器具设备组件,图像/M009_家具器具设备组件.png,6,LIFE-152,警用证物柜,1448,1086,364bf3033092f2f0aba41635ddd743afb07e6a17df0b9948fd35aa5832d3dd2d
M009,家具器具设备组件,图像/M009_家具器具设备组件.png,7,LIFE-153,司法审判席,1448,1086,364bf3033092f2f0aba41635ddd743afb07e6a17df0b9948fd35aa5832d3dd2d
M009,家具器具设备组件,图像/M009_家具器具设备组件.png,8,LIFE-154,司法旁听座椅,1448,1086,364bf3033092f2f0aba41635ddd743afb07e6a17df0b9948fd35aa5832d3dd2d
M009,家具器具设备组件,图像/M009_家具器具设备组件.png,9,LIFE-155,讯问记录台,1448,1086,364bf3033092f2f0aba41635ddd743afb07e6a17df0b9948fd35aa5832d3dd2d
M009,家具器具设备组件,图像/M009_家具器具设备组件.png,10,LIFE-156,监所床位/储物组合,1448,1086,364bf3033092f2f0aba41635ddd743afb07e6a17df0b9948fd35aa5832d3dd2d
M009,家具器具设备组件,图像/M009_家具器具设备组件.png,11,LIFE-157,巡逻岗亭信息台,1448,1086,364bf3033092f2f0aba41635ddd743afb07e6a17df0b9948fd35aa5832d3dd2d
M009,家具器具设备组件,图像/M009_家具器具设备组件.png,12,LIFE-158,安防监控器,1448,1086,364bf3033092f2f0aba41635ddd743afb07e6a17df0b9948fd35aa5832d3dd2d
M010,家具器具设备组件,图像/M010_家具器具设备组件.png,1,LIFE-159,消防工具柜,1448,1086,a7c85d88426ed6d3bb41092269f7861f787d397737085584a1948cd5f1316c11
M010,家具器具设备组件,图像/M010_家具器具设备组件.png,2,LIFE-169,画框及展架,1448,1086,a7c85d88426ed6d3bb41092269f7861f787d397737085584a1948cd5f1316c11
M010,家具器具设备组件,图像/M010_家具器具设备组件.png,3,LIFE-170,画布与画架,1448,1086,a7c85d88426ed6d3bb41092269f7861f787d397737085584a1948cd5f1316c11
M010,家具器具设备组件,图像/M010_家具器具设备组件.png,4,LIFE-171,书法纸砚及笔架,1448,1086,a7c85d88426ed6d3bb41092269f7861f787d397737085584a1948cd5f1316c11
M010,家具器具设备组件,图像/M010_家具器具设备组件.png,5,LIFE-172,印刷/出版设备,1448,1086,a7c85d88426ed6d3bb41092269f7861f787d397737085584a1948cd5f1316c11
M010,家具器具设备组件,图像/M010_家具器具设备组件.png,6,LIFE-173,展陈介绍牌,1448,1086,a7c85d88426ed6d3bb41092269f7861f787d397737085584a1948cd5f1316c11
M010,家具器具设备组件,图像/M010_家具器具设备组件.png,7,LIFE-174,乐器琴体,1448,1086,a7c85d88426ed6d3bb41092269f7861f787d397737085584a1948cd5f1316c11
M010,家具器具设备组件,图像/M010_家具器具设备组件.png,8,LIFE-175,打击乐器鼓体,1448,1086,a7c85d88426ed6d3bb41092269f7861f787d397737085584a1948cd5f1316c11
M010,家具器具设备组件,图像/M010_家具器具设备组件.png,9,LIFE-176,演出舞台模块,1448,1086,a7c85d88426ed6d3bb41092269f7861f787d397737085584a1948cd5f1316c11
M010,家具器具设备组件,图像/M010_家具器具设备组件.png,10,LIFE-177,后台收纳与音响架,1448,1086,a7c85d88426ed6d3bb41092269f7861f787d397737085584a1948cd5f1316c11
M010,家具器具设备组件,图像/M010_家具器具设备组件.png,11,LIFE-178,信仰礼仪供台,1448,1086,a7c85d88426ed6d3bb41092269f7861f787d397737085584a1948cd5f1316c11
M010,家具器具设备组件,图像/M010_家具器具设备组件.png,12,LIFE-179,香炉及烛灯,1448,1086,a7c85d88426ed6d3bb41092269f7861f787d397737085584a1948cd5f1316c11
M011,家具器具设备组件,图像/M011_家具器具设备组件.png,1,LIFE-180,哲学辩论讲席,1448,1086,f7134c7bbc4a6f9b5bc5c25ab9a41610cc1fdc7f24684fbcc46503e8d9726fd3
M011,家具器具设备组件,图像/M011_家具器具设备组件.png,2,LIFE-181,棋盘与棋具,1448,1086,f7134c7bbc4a6f9b5bc5c25ab9a41610cc1fdc7f24684fbcc46503e8d9726fd3
M011,家具器具设备组件,图像/M011_家具器具设备组件.png,3,LIFE-182,体育球及球具,1448,1086,f7134c7bbc4a6f9b5bc5c25ab9a41610cc1fdc7f24684fbcc46503e8d9726fd3
M011,家具器具设备组件,图像/M011_家具器具设备组件.png,4,LIFE-183,体育器械框架,1448,1086,f7134c7bbc4a6f9b5bc5c25ab9a41610cc1fdc7f24684fbcc46503e8d9726fd3
M011,家具器具设备组件,图像/M011_家具器具设备组件.png,5,LIFE-184,游艺桌/娱乐设备,1448,1086,f7134c7bbc4a6f9b5bc5c25ab9a41610cc1fdc7f24684fbcc46503e8d9726fd3
M011,家具器具设备组件,图像/M011_家具器具设备组件.png,6,LIFE-185,节庆旗幡挂件,1448,1086,f7134c7bbc4a6f9b5bc5c25ab9a41610cc1fdc7f24684fbcc46503e8d9726fd3
M011,家具器具设备组件,图像/M011_家具器具设备组件.png,7,LIFE-186,节庆花灯外壳,1448,1086,f7134c7bbc4a6f9b5bc5c25ab9a41610cc1fdc7f24684fbcc46503e8d9726fd3
M011,家具器具设备组件,图像/M011_家具器具设备组件.png,8,LIFE-187,婚礼礼仪台,1448,1086,f7134c7bbc4a6f9b5bc5c25ab9a41610cc1fdc7f24684fbcc46503e8d9726fd3
M011,家具器具设备组件,图像/M011_家具器具设备组件.png,9,LIFE-188,婚礼座席,1448,1086,f7134c7bbc4a6f9b5bc5c25ab9a41610cc1fdc7f24684fbcc46503e8d9726fd3
M011,家具器具设备组件,图像/M011_家具器具设备组件.png,10,LIFE-189,葬仪台与棺具,1448,1086,f7134c7bbc4a6f9b5bc5c25ab9a41610cc1fdc7f24684fbcc46503e8d9726fd3
M011,家具器具设备组件,图像/M011_家具器具设备组件.png,11,LIFE-190,纪念牌位,1448,1086,f7134c7bbc4a6f9b5bc5c25ab9a41610cc1fdc7f24684fbcc46503e8d9726fd3
M011,家具器具设备组件,图像/M011_家具器具设备组件.png,12,LIFE-191,生日/家庭庆典摆台,1448,1086,f7134c7bbc4a6f9b5bc5c25ab9a41610cc1fdc7f24684fbcc46503e8d9726fd3
M012,家具器具设备组件、建筑交通载具组件,图像/M012_家具器具设备组件、建筑交通载具组件.png,1,LIFE-192,社区茶室器具,1448,1086,a705ae6b6694c50c45f606cfe4018f8ce0809cb8a0e7b858128063cdc12a23e5
M012,家具器具设备组件、建筑交通载具组件,图像/M012_家具器具设备组件、建筑交通载具组件.png,2,LIFE-193,旅游接待办理台,1448,1086,a705ae6b6694c50c45f606cfe4018f8ce0809cb8a0e7b858128063cdc12a23e5
M012,家具器具设备组件、建筑交通载具组件,图像/M012_家具器具设备组件、建筑交通载具组件.png,3,LIFE-194,宠物寝窝,1448,1086,a705ae6b6694c50c45f606cfe4018f8ce0809cb8a0e7b858128063cdc12a23e5
M012,家具器具设备组件、建筑交通载具组件,图像/M012_家具器具设备组件、建筑交通载具组件.png,4,LIFE-195,宠物食水盆,1448,1086,a705ae6b6694c50c45f606cfe4018f8ce0809cb8a0e7b858128063cdc12a23e5
M012,家具器具设备组件、建筑交通载具组件,图像/M012_家具器具设备组件、建筑交通载具组件.png,5,LIFE-196,家务清洁工具,1448,1086,a705ae6b6694c50c45f606cfe4018f8ce0809cb8a0e7b858128063cdc12a23e5
M012,家具器具设备组件、建筑交通载具组件,图像/M012_家具器具设备组件、建筑交通载具组件.png,6,LIFE-197,晾晒架,1448,1086,a705ae6b6694c50c45f606cfe4018f8ce0809cb8a0e7b858128063cdc12a23e5
M012,家具器具设备组件、建筑交通载具组件,图像/M012_家具器具设备组件、建筑交通载具组件.png,7,LIFE-198,洗衣设备,1448,1086,a705ae6b6694c50c45f606cfe4018f8ce0809cb8a0e7b858128063cdc12a23e5
M012,家具器具设备组件、建筑交通载具组件,图像/M012_家具器具设备组件、建筑交通载具组件.png,8,LIFE-199,美容理发台,1448,1086,a705ae6b6694c50c45f606cfe4018f8ce0809cb8a0e7b858128063cdc12a23e5
M012,家具器具设备组件、建筑交通载具组件,图像/M012_家具器具设备组件、建筑交通载具组件.png,9,LIFE-200,婚丧礼品包,1448,1086,a705ae6b6694c50c45f606cfe4018f8ce0809cb8a0e7b858128063cdc12a23e5
M012,家具器具设备组件、建筑交通载具组件,图像/M012_家具器具设备组件、建筑交通载具组件.png,10,LIFE-227,住宅壁边种植长槽粗组件,1448,1086,a705ae6b6694c50c45f606cfe4018f8ce0809cb8a0e7b858128063cdc12a23e5
M012,家具器具设备组件、建筑交通载具组件,图像/M012_家具器具设备组件、建筑交通载具组件.png,11,BUILT-003,共享回廊楼板,1448,1086,a705ae6b6694c50c45f606cfe4018f8ce0809cb8a0e7b858128063cdc12a23e5
M012,家具器具设备组件、建筑交通载具组件,图像/M012_家具器具设备组件、建筑交通载具组件.png,12,BUILT-007,共享双跑上行踏步,1448,1086,a705ae6b6694c50c45f606cfe4018f8ce0809cb8a0e7b858128063cdc12a23e5
M013,建筑交通载具组件,图像/M013_建筑交通载具组件.png,1,BUILT-008,共享双跑回行踏步,1448,1086,20f4ed41628078e31c90810e2a97e37b28d189d44dffaecc5ea11c97cd7e4b8a
M013,建筑交通载具组件,图像/M013_建筑交通载具组件.png,2,BUILT-009,共享楼梯半转平台,1448,1086,20f4ed41628078e31c90810e2a97e37b28d189d44dffaecc5ea11c97cd7e4b8a
M013,建筑交通载具组件,图像/M013_建筑交通载具组件.png,3,BUILT-010,共享奇数级差低位接台,1448,1086,20f4ed41628078e31c90810e2a97e37b28d189d44dffaecc5ea11c97cd7e4b8a
M013,建筑交通载具组件,图像/M013_建筑交通载具组件.png,4,BUILT-011,共享封闭山墙坡屋面,1448,1086,20f4ed41628078e31c90810e2a97e37b28d189d44dffaecc5ea11c97cd7e4b8a
M013,建筑交通载具组件,图像/M013_建筑交通载具组件.png,5,BUILT-012,共享回廊平檐顶,1448,1086,20f4ed41628078e31c90810e2a97e37b28d189d44dffaecc5ea11c97cd7e4b8a
M013,建筑交通载具组件,图像/M013_建筑交通载具组件.png,6,BUILT-013,共享0.2m奇数跨防水补边,1448,1086,20f4ed41628078e31c90810e2a97e37b28d189d44dffaecc5ea11c97cd7e4b8a
M013,建筑交通载具组件,图像/M013_建筑交通载具组件.png,7,BUILT-014,固定梯井服务翼结构,1448,1086,20f4ed41628078e31c90810e2a97e37b28d189d44dffaecc5ea11c97cd7e4b8a
M013,建筑交通载具组件,图像/M013_建筑交通载具组件.png,8,BUILT-015,共享南侧入口开洞,1448,1086,20f4ed41628078e31c90810e2a97e37b28d189d44dffaecc5ea11c97cd7e4b8a
M013,建筑交通载具组件,图像/M013_建筑交通载具组件.png,9,BUILT-016,共享内院门开洞,1448,1086,20f4ed41628078e31c90810e2a97e37b28d189d44dffaecc5ea11c97cd7e4b8a
M013,建筑交通载具组件,图像/M013_建筑交通载具组件.png,10,BUILT-017,共享间隔窗洞布局,1448,1086,20f4ed41628078e31c90810e2a97e37b28d189d44dffaecc5ea11c97cd7e4b8a
M013,建筑交通载具组件,图像/M013_建筑交通载具组件.png,11,BUILT-018,原地下层实墙与楼板,1448,1086,20f4ed41628078e31c90810e2a97e37b28d189d44dffaecc5ea11c97cd7e4b8a
M013,建筑交通载具组件,图像/M013_建筑交通载具组件.png,12,BUILT-045,共享墙侧实体牌框,1448,1086,20f4ed41628078e31c90810e2a97e37b28d189d44dffaecc5ea11c97cd7e4b8a
M014,建筑交通载具组件,图像/M014_建筑交通载具组件.png,1,BUILT-053,共享实际屋缘短支托,1448,1086,d563f28f4fd387add98cb621a8e2e6c457c4bbe8035601eb6bfbdd3d9b37ffd5
M014,建筑交通载具组件,图像/M014_建筑交通载具组件.png,2,BUILT-054,共享入口墙侧木纸灯笼,1448,1086,d563f28f4fd387add98cb621a8e2e6c457c4bbe8035601eb6bfbdd3d9b37ffd5
M014,建筑交通载具组件,图像/M014_建筑交通载具组件.png,3,BUILT-055,旧楼实体石基台,1448,1086,d563f28f4fd387add98cb621a8e2e6c457c4bbe8035601eb6bfbdd3d9b37ffd5
M014,建筑交通载具组件,图像/M014_建筑交通载具组件.png,4,BUILT-056,旧南门石铺接台,1448,1086,d563f28f4fd387add98cb621a8e2e6c457c4bbe8035601eb6bfbdd3d9b37ffd5
M014,建筑交通载具组件,图像/M014_建筑交通载具组件.png,5,BUILT-057,旧楼楼梯井分片楼板,1448,1086,d563f28f4fd387add98cb621a8e2e6c457c4bbe8035601eb6bfbdd3d9b37ffd5
M014,建筑交通载具组件,图像/M014_建筑交通载具组件.png,6,BUILT-058,旧楼分段入口及窗洞墙,1448,1086,d563f28f4fd387add98cb621a8e2e6c457c4bbe8035601eb6bfbdd3d9b37ffd5
M014,建筑交通载具组件,图像/M014_建筑交通载具组件.png,7,BUILT-059,旧楼层角木柱,1448,1086,d563f28f4fd387add98cb621a8e2e6c457c4bbe8035601eb6bfbdd3d9b37ffd5
M014,建筑交通载具组件,图像/M014_建筑交通载具组件.png,8,BUILT-060,旧楼三面窗玻璃与框,1448,1086,d563f28f4fd387add98cb621a8e2e6c457c4bbe8035601eb6bfbdd3d9b37ffd5
M014,建筑交通载具组件,图像/M014_建筑交通载具组件.png,9,BUILT-061,旧层墙顶木压边,1448,1086,d563f28f4fd387add98cb621a8e2e6c457c4bbe8035601eb6bfbdd3d9b37ffd5
M014,建筑交通载具组件,图像/M014_建筑交通载具组件.png,10,BUILT-062,旧天枢楼体十级楼梯体,1448,1086,d563f28f4fd387add98cb621a8e2e6c457c4bbe8035601eb6bfbdd3d9b37ffd5
M014,建筑交通载具组件,图像/M014_建筑交通载具组件.png,11,BUILT-063,旧门侧展开门扇,1448,1086,d563f28f4fd387add98cb621a8e2e6c457c4bbe8035601eb6bfbdd3d9b37ffd5
M014,建筑交通载具组件,图像/M014_建筑交通载具组件.png,12,BUILT-064,旧木门柱石脚与门枋,1448,1086,d563f28f4fd387add98cb621a8e2e6c457c4bbe8035601eb6bfbdd3d9b37ffd5
M015,建筑交通载具组件,图像/M015_建筑交通载具组件.png,1,BUILT-065,旧三面木窗细棂,1448,1086,08ed79281a2f98c824be04508b3334233231e6a797e8147d6194c54feafa146d
M015,建筑交通载具组件,图像/M015_建筑交通载具组件.png,2,BUILT-066,旧入口基座错缝石浮雕,1448,1086,08ed79281a2f98c824be04508b3334233231e6a797e8147d6194c54feafa146d
M015,建筑交通载具组件,图像/M015_建筑交通载具组件.png,3,BUILT-067,旧窗开间木柱与头梁,1448,1086,08ed79281a2f98c824be04508b3334233231e6a797e8147d6194c54feafa146d
M015,建筑交通载具组件,图像/M015_建筑交通载具组件.png,4,BUILT-068,旧住宅工坊书院窗下护板,1448,1086,08ed79281a2f98c824be04508b3334233231e6a797e8147d6194c54feafa146d
M015,建筑交通载具组件,图像/M015_建筑交通载具组件.png,5,BUILT-069,旧墙侧悬挂小牌框,1448,1086,08ed79281a2f98c824be04508b3334233231e6a797e8147d6194c54feafa146d
M015,建筑交通载具组件,图像/M015_建筑交通载具组件.png,6,BUILT-070,旧墙侧灯笼杆,1448,1086,08ed79281a2f98c824be04508b3334233231e6a797e8147d6194c54feafa146d
M015,建筑交通载具组件,图像/M015_建筑交通载具组件.png,7,BUILT-071,旧木框纸罩灯笼,1448,1086,08ed79281a2f98c824be04508b3334233231e6a797e8147d6194c54feafa146d
M015,建筑交通载具组件,图像/M015_建筑交通载具组件.png,8,BUILT-072,旧亭柱脚与斗拱细部,1448,1086,08ed79281a2f98c824be04508b3334233231e6a797e8147d6194c54feafa146d
M015,建筑交通载具组件,图像/M015_建筑交通载具组件.png,9,BUILT-073,旧真实飞檐边瓦与瓦口,1448,1086,08ed79281a2f98c824be04508b3334233231e6a797e8147d6194c54feafa146d
M015,建筑交通载具组件,图像/M015_建筑交通载具组件.png,10,BUILT-074,旧飞檐局部成对斗拱,1448,1086,08ed79281a2f98c824be04508b3334233231e6a797e8147d6194c54feafa146d
M015,建筑交通载具组件,图像/M015_建筑交通载具组件.png,11,BUILT-088,天枢南侧柱廊门盖,1448,1086,08ed79281a2f98c824be04508b3334233231e6a797e8147d6194c54feafa146d
M015,建筑交通载具组件,图像/M015_建筑交通载具组件.png,12,BUILT-089,天枢每六层石基与巨柱,1448,1086,08ed79281a2f98c824be04508b3334233231e6a797e8147d6194c54feafa146d
M016,建筑交通载具组件,图像/M016_建筑交通载具组件.png,1,BUILT-090,天枢级间飞檐外廊,1448,1086,8b52c5fdeec38a9bcaf6283f50fd489ad4919f1106f5b661a0217877f1c39f56
M016,建筑交通载具组件,图像/M016_建筑交通载具组件.png,2,BUILT-091,天枢顶层开放观景层,1448,1086,8b52c5fdeec38a9bcaf6283f50fd489ad4919f1106f5b661a0217877f1c39f56
M016,建筑交通载具组件,图像/M016_建筑交通载具组件.png,3,BUILT-094,星港停泊能量环,1448,1086,8b52c5fdeec38a9bcaf6283f50fd489ad4919f1106f5b661a0217877f1c39f56
M016,建筑交通载具组件,图像/M016_建筑交通载具组件.png,4,BUILT-095,星港中央能量塔光柱,1448,1086,8b52c5fdeec38a9bcaf6283f50fd489ad4919f1106f5b661a0217877f1c39f56
M016,建筑交通载具组件,图像/M016_建筑交通载具组件.png,5,BUILT-096,旧住宅临街阳台板,1448,1086,8b52c5fdeec38a9bcaf6283f50fd489ad4919f1106f5b661a0217877f1c39f56
M016,建筑交通载具组件,图像/M016_建筑交通载具组件.png,6,BUILT-097,旧住宅阳台扶栏,1448,1086,8b52c5fdeec38a9bcaf6283f50fd489ad4919f1106f5b661a0217877f1c39f56
M016,建筑交通载具组件,图像/M016_建筑交通载具组件.png,7,BUILT-098,旧住宅门侧石接台和木扶条,1448,1086,8b52c5fdeec38a9bcaf6283f50fd489ad4919f1106f5b661a0217877f1c39f56
M016,建筑交通载具组件,图像/M016_建筑交通载具组件.png,8,BUILT-099,旧商肆双侧店檐,1448,1086,8b52c5fdeec38a9bcaf6283f50fd489ad4919f1106f5b661a0217877f1c39f56
M016,建筑交通载具组件,图像/M016_建筑交通载具组件.png,9,BUILT-100,旧商肆店檐立柱,1448,1086,8b52c5fdeec38a9bcaf6283f50fd489ad4919f1106f5b661a0217877f1c39f56
M016,建筑交通载具组件,图像/M016_建筑交通载具组件.png,10,BUILT-101,旧商肆店檐暖牌体,1448,1086,8b52c5fdeec38a9bcaf6283f50fd489ad4919f1106f5b661a0217877f1c39f56
M016,建筑交通载具组件,图像/M016_建筑交通载具组件.png,11,BUILT-102,旧工坊双烟囱结构,1448,1086,8b52c5fdeec38a9bcaf6283f50fd489ad4919f1106f5b661a0217877f1c39f56
M016,建筑交通载具组件,图像/M016_建筑交通载具组件.png,12,BUILT-103,旧工坊临街高木架,1448,1086,8b52c5fdeec38a9bcaf6283f50fd489ad4919f1106f5b661a0217877f1c39f56
M017,建筑交通载具组件,图像/M017_建筑交通载具组件.png,1,BUILT-104,旧工坊门侧装卸石台,1448,1086,ebadbc54e207d3b10e0b66e4401fc36a65017a0525e8399b79b10eb9bbcd263a
M017,建筑交通载具组件,图像/M017_建筑交通载具组件.png,2,BUILT-105,旧钱庄临街石壁柱,1448,1086,ebadbc54e207d3b10e0b66e4401fc36a65017a0525e8399b79b10eb9bbcd263a
M017,建筑交通载具组件,图像/M017_建筑交通载具组件.png,3,BUILT-106,旧钱庄中央长玻璃带,1448,1086,ebadbc54e207d3b10e0b66e4401fc36a65017a0525e8399b79b10eb9bbcd263a
M017,建筑交通载具组件,图像/M017_建筑交通载具组件.png,4,BUILT-107,旧钱庄入口石柱,1448,1086,ebadbc54e207d3b10e0b66e4401fc36a65017a0525e8399b79b10eb9bbcd263a
M017,建筑交通载具组件,图像/M017_建筑交通载具组件.png,5,BUILT-108,旧官署书院巡警署门前柱廊,1448,1086,ebadbc54e207d3b10e0b66e4401fc36a65017a0525e8399b79b10eb9bbcd263a
M017,建筑交通载具组件,图像/M017_建筑交通载具组件.png,6,BUILT-109,旧官署门侧矮石边墙,1448,1086,ebadbc54e207d3b10e0b66e4401fc36a65017a0525e8399b79b10eb9bbcd263a
M017,建筑交通载具组件,图像/M017_建筑交通载具组件.png,7,BUILT-110,旧巡警署屋顶观察小塔,1448,1086,ebadbc54e207d3b10e0b66e4401fc36a65017a0525e8399b79b10eb9bbcd263a
M017,建筑交通载具组件,图像/M017_建筑交通载具组件.png,8,BUILT-111,旧驿站航站前厅玻璃带,1448,1086,ebadbc54e207d3b10e0b66e4401fc36a65017a0525e8399b79b10eb9bbcd263a
M017,建筑交通载具组件,图像/M017_建筑交通载具组件.png,9,BUILT-112,旧渡口木栈台,1448,1086,ebadbc54e207d3b10e0b66e4401fc36a65017a0525e8399b79b10eb9bbcd263a
M017,建筑交通载具组件,图像/M017_建筑交通载具组件.png,10,BUILT-113,旧渡口木桩显示件,1448,1086,ebadbc54e207d3b10e0b66e4401fc36a65017a0525e8399b79b10eb9bbcd263a
M017,建筑交通载具组件,图像/M017_建筑交通载具组件.png,11,BUILT-114,旧渡口侧栏显示件,1448,1086,ebadbc54e207d3b10e0b66e4401fc36a65017a0525e8399b79b10eb9bbcd263a
M017,建筑交通载具组件,图像/M017_建筑交通载具组件.png,12,BUILT-115,旧医馆逐层石窗带,1448,1086,ebadbc54e207d3b10e0b66e4401fc36a65017a0525e8399b79b10eb9bbcd263a
M018,建筑交通载具组件,图像/M018_建筑交通载具组件.png,1,BUILT-116,旧医馆红十字外墙标识,1448,1086,7cf2282426e4034095f2a631be2775382e89c6dbbc7f77bac1bd8dc11f8a32c4
M018,建筑交通载具组件,图像/M018_建筑交通载具组件.png,2,BUILT-117,旧楼底能源光带与公建竖光条,1448,1086,7cf2282426e4034095f2a631be2775382e89c6dbbc7f77bac1bd8dc11f8a32c4
M018,建筑交通载具组件,图像/M018_建筑交通载具组件.png,3,BUILT-131,既有道路实体显示路面,1448,1086,7cf2282426e4034095f2a631be2775382e89c6dbbc7f77bac1bd8dc11f8a32c4
M018,建筑交通载具组件,图像/M018_建筑交通载具组件.png,4,BUILT-132,既有道路中心浅色线,1448,1086,7cf2282426e4034095f2a631be2775382e89c6dbbc7f77bac1bd8dc11f8a32c4
M018,建筑交通载具组件,图像/M018_建筑交通载具组件.png,5,BUILT-133,既有非跑道路面横缝,1448,1086,7cf2282426e4034095f2a631be2775382e89c6dbbc7f77bac1bd8dc11f8a32c4
M018,建筑交通载具组件,图像/M018_建筑交通载具组件.png,6,BUILT-134,既有路缘双肩条,1448,1086,7cf2282426e4034095f2a631be2775382e89c6dbbc7f77bac1bd8dc11f8a32c4
M018,建筑交通载具组件,图像/M018_建筑交通载具组件.png,7,BUILT-135,共享交通护栏横杆,1448,1086,7cf2282426e4034095f2a631be2775382e89c6dbbc7f77bac1bd8dc11f8a32c4
M018,建筑交通载具组件,图像/M018_建筑交通载具组件.png,8,BUILT-136,既有高架路轨石基础显示件,1448,1086,7cf2282426e4034095f2a631be2775382e89c6dbbc7f77bac1bd8dc11f8a32c4
M018,建筑交通载具组件,图像/M018_建筑交通载具组件.png,9,BUILT-137,既有高架路轨墩柱显示件,1448,1086,7cf2282426e4034095f2a631be2775382e89c6dbbc7f77bac1bd8dc11f8a32c4
M018,建筑交通载具组件,图像/M018_建筑交通载具组件.png,10,BUILT-138,既有高架路轨墩帽显示件,1448,1086,7cf2282426e4034095f2a631be2775382e89c6dbbc7f77bac1bd8dc11f8a32c4
M018,建筑交通载具组件,图像/M018_建筑交通载具组件.png,11,BUILT-139,既有高墩中间拉结显示件,1448,1086,7cf2282426e4034095f2a631be2775382e89c6dbbc7f77bac1bd8dc11f8a32c4
M018,建筑交通载具组件,图像/M018_建筑交通载具组件.png,12,BUILT-140,既有轨道高架路床,1448,1086,7cf2282426e4034095f2a631be2775382e89c6dbbc7f77bac1bd8dc11f8a32c4
M019,建筑交通载具组件,图像/M019_建筑交通载具组件.png,1,BUILT-141,既有双青色轨道导轨,1448,1086,1595c4b1563623b241195d70c702b3feab07ccbf2881d100392217afa553926d
M019,建筑交通载具组件,图像/M019_建筑交通载具组件.png,2,BUILT-142,既有轨道侧缘保护条,1448,1086,1595c4b1563623b241195d70c702b3feab07ccbf2881d100392217afa553926d
M019,建筑交通载具组件,图像/M019_建筑交通载具组件.png,3,BUILT-143,既有缆车承载索与能量线,1448,1086,1595c4b1563623b241195d70c702b3feab07ccbf2881d100392217afa553926d
M019,建筑交通载具组件,图像/M019_建筑交通载具组件.png,4,BUILT-144,既有崖壁升降机开放四柱井架,1448,1086,1595c4b1563623b241195d70c702b3feab07ccbf2881d100392217afa553926d
M019,建筑交通载具组件,图像/M019_建筑交通载具组件.png,5,BUILT-145,既有升降机侧导轨发光线,1448,1086,1595c4b1563623b241195d70c702b3feab07ccbf2881d100392217afa553926d
M019,建筑交通载具组件,图像/M019_建筑交通载具组件.png,6,BUILT-146,既有9m桥面,1448,1086,1595c4b1563623b241195d70c702b3feab07ccbf2881d100392217afa553926d
M019,建筑交通载具组件,图像/M019_建筑交通载具组件.png,7,BUILT-147,既有桥栏立柱,1448,1086,1595c4b1563623b241195d70c702b3feab07ccbf2881d100392217afa553926d
M019,建筑交通载具组件,图像/M019_建筑交通载具组件.png,8,BUILT-148,既有长桥主悬索,1448,1086,1595c4b1563623b241195d70c702b3feab07ccbf2881d100392217afa553926d
M019,建筑交通载具组件,图像/M019_建筑交通载具组件.png,9,BUILT-149,既有长桥竖吊杆,1448,1086,1595c4b1563623b241195d70c702b3feab07ccbf2881d100392217afa553926d
M019,建筑交通载具组件,图像/M019_建筑交通载具组件.png,10,BUILT-150,既有桥塔石基础显示件,1448,1086,1595c4b1563623b241195d70c702b3feab07ccbf2881d100392217afa553926d
M019,建筑交通载具组件,图像/M019_建筑交通载具组件.png,11,BUILT-151,既有悬桥塔柱显示件,1448,1086,1595c4b1563623b241195d70c702b3feab07ccbf2881d100392217afa553926d
M019,建筑交通载具组件,图像/M019_建筑交通载具组件.png,12,BUILT-152,既有悬桥塔横梁与冠盖,1448,1086,1595c4b1563623b241195d70c702b3feab07ccbf2881d100392217afa553926d
M020,建筑交通载具组件,图像/M020_建筑交通载具组件.png,1,BUILT-153,既有桥两端巨大矩形端块,1448,1086,85c17d8cb0f6d67fa813d6b403f5a352f28a56f0d31543d36288171a43e27d00
M020,建筑交通载具组件,图像/M020_建筑交通载具组件.png,2,BUILT-154,既有22×18m站台显示件,1448,1086,85c17d8cb0f6d67fa813d6b403f5a352f28a56f0d31543d36288171a43e27d00
M020,建筑交通载具组件,图像/M020_建筑交通载具组件.png,3,BUILT-155,既有站台两柱候车棚,1448,1086,85c17d8cb0f6d67fa813d6b403f5a352f28a56f0d31543d36288171a43e27d00
M020,建筑交通载具组件,图像/M020_建筑交通载具组件.png,4,BUILT-156,既有站台信号杆与牌体,1448,1086,85c17d8cb0f6d67fa813d6b403f5a352f28a56f0d31543d36288171a43e27d00
M020,建筑交通载具组件,图像/M020_建筑交通载具组件.png,5,BUILT-157,既有道路路口杆,1448,1086,85c17d8cb0f6d67fa813d6b403f5a352f28a56f0d31543d36288171a43e27d00
M020,建筑交通载具组件,图像/M020_建筑交通载具组件.png,6,BUILT-158,既有南岫960×44m跑道,1448,1086,85c17d8cb0f6d67fa813d6b403f5a352f28a56f0d31543d36288171a43e27d00
M020,建筑交通载具组件,图像/M020_建筑交通载具组件.png,7,BUILT-159,既有跑道暖色中心短划,1448,1086,85c17d8cb0f6d67fa813d6b403f5a352f28a56f0d31543d36288171a43e27d00
M020,建筑交通载具组件,图像/M020_建筑交通载具组件.png,8,BUILT-160,既有跑道两侧青灯点,1448,1086,85c17d8cb0f6d67fa813d6b403f5a352f28a56f0d31543d36288171a43e27d00
M020,建筑交通载具组件,图像/M020_建筑交通载具组件.png,9,BUILT-177,既有公共载具体壳盒,1448,1086,85c17d8cb0f6d67fa813d6b403f5a352f28a56f0d31543d36288171a43e27d00
M020,建筑交通载具组件,图像/M020_建筑交通载具组件.png,10,BUILT-178,既有公共载具上部玻璃盒,1448,1086,85c17d8cb0f6d67fa813d6b403f5a352f28a56f0d31543d36288171a43e27d00
M020,建筑交通载具组件,图像/M020_建筑交通载具组件.png,11,BUILT-179,既有公共载具底部能量饰带,1448,1086,85c17d8cb0f6d67fa813d6b403f5a352f28a56f0d31543d36288171a43e27d00
M020,建筑交通载具组件,图像/M020_建筑交通载具组件.png,12,BUILT-183,城市机位标杆与空白牌体,1448,1086,85c17d8cb0f6d67fa813d6b403f5a352f28a56f0d31543d36288171a43e27d00
M021,建筑交通载具组件,图像/M021_建筑交通载具组件.png,1,BUILT-186,四旋翼支臂,1448,1086,7d1625604de45ba1c0c6f2141e1d5d4bbfcbdcac2fe6016701b030a0c76de4f2
M021,建筑交通载具组件,图像/M021_建筑交通载具组件.png,2,BUILT-187,四旋翼旋翼叶片,1448,1086,7d1625604de45ba1c0c6f2141e1d5d4bbfcbdcac2fe6016701b030a0c76de4f2
M021,建筑交通载具组件,图像/M021_建筑交通载具组件.png,3,BUILT-188,四旋翼落地支脚,1448,1086,7d1625604de45ba1c0c6f2141e1d5d4bbfcbdcac2fe6016701b030a0c76de4f2
M021,建筑交通载具组件,图像/M021_建筑交通载具组件.png,4,BUILT-189,城市场景飞机双侧玻璃舱片,1448,1086,7d1625604de45ba1c0c6f2141e1d5d4bbfcbdcac2fe6016701b030a0c76de4f2
M021,建筑交通载具组件,图像/M021_建筑交通载具组件.png,5,BUILT-190,城市场景飞机顶舱盖,1448,1086,7d1625604de45ba1c0c6f2141e1d5d4bbfcbdcac2fe6016701b030a0c76de4f2
M021,建筑交通载具组件,图像/M021_建筑交通载具组件.png,6,BUILT-191,勤务飞机主翼,1448,1086,7d1625604de45ba1c0c6f2141e1d5d4bbfcbdcac2fe6016701b030a0c76de4f2
M021,建筑交通载具组件,图像/M021_建筑交通载具组件.png,7,BUILT-192,勤务飞机垂尾,1448,1086,7d1625604de45ba1c0c6f2141e1d5d4bbfcbdcac2fe6016701b030a0c76de4f2
M021,建筑交通载具组件,图像/M021_建筑交通载具组件.png,8,BUILT-193,勤务飞机水平尾翼,1448,1086,7d1625604de45ba1c0c6f2141e1d5d4bbfcbdcac2fe6016701b030a0c76de4f2
M021,建筑交通载具组件,图像/M021_建筑交通载具组件.png,9,BUILT-194,勤务飞机动力/暗色进出气体,1448,1086,7d1625604de45ba1c0c6f2141e1d5d4bbfcbdcac2fe6016701b030a0c76de4f2
M021,建筑交通载具组件,图像/M021_建筑交通载具组件.png,10,BUILT-195,登机眼位下可见操纵台壳,1448,1086,7d1625604de45ba1c0c6f2141e1d5d4bbfcbdcac2fe6016701b030a0c76de4f2
M021,建筑交通载具组件,图像/M021_建筑交通载具组件.png,11,BUILT-205,隔离共享高桥桥板/接缝,1448,1086,7d1625604de45ba1c0c6f2141e1d5d4bbfcbdcac2fe6016701b030a0c76de4f2
M021,建筑交通载具组件,图像/M021_建筑交通载具组件.png,12,BUILT-206,隔离共享高桥梁体,1448,1086,7d1625604de45ba1c0c6f2141e1d5d4bbfcbdcac2fe6016701b030a0c76de4f2
M022,建筑交通载具组件,图像/M022_建筑交通载具组件.png,1,BUILT-207,隔离共享电梯侧与岸侧落台,1448,1086,4e4687293d680d30e83c123b36c276cabbca4ce7a5b7e5c52aceeefbca7e87f9
M022,建筑交通载具组件,图像/M022_建筑交通载具组件.png,2,BUILT-208,隔离共享高桥墩/墩帽,1448,1086,4e4687293d680d30e83c123b36c276cabbca4ce7a5b7e5c52aceeefbca7e87f9
M022,建筑交通载具组件,图像/M022_建筑交通载具组件.png,3,BUILT-209,隔离共享高桥分段terrain基础,1448,1086,4e4687293d680d30e83c123b36c276cabbca4ce7a5b7e5c52aceeefbca7e87f9
M022,建筑交通载具组件,图像/M022_建筑交通载具组件.png,4,BUILT-210,隔离共享高桥护栏与转弯端接,1448,1086,4e4687293d680d30e83c123b36c276cabbca4ce7a5b7e5c52aceeefbca7e87f9
M022,建筑交通载具组件,图像/M022_建筑交通载具组件.png,5,BUILT-212,隔离实体石铺面和有限台基,1448,1086,4e4687293d680d30e83c123b36c276cabbca4ce7a5b7e5c52aceeefbca7e87f9
M022,建筑交通载具组件,图像/M022_建筑交通载具组件.png,6,BUILT-213,隔离实体街台坡接面,1448,1086,4e4687293d680d30e83c123b36c276cabbca4ce7a5b7e5c52aceeefbca7e87f9
M022,建筑交通载具组件,图像/M022_建筑交通载具组件.png,7,BUILT-214,隔离实体边沟盖板,1448,1086,4e4687293d680d30e83c123b36c276cabbca4ce7a5b7e5c52aceeefbca7e87f9
M022,建筑交通载具组件,图像/M022_建筑交通载具组件.png,8,BUILT-215,隔离矮路缘和树池围边,1448,1086,4e4687293d680d30e83c123b36c276cabbca4ce7a5b7e5c52aceeefbca7e87f9
M022,建筑交通载具组件,图像/M022_建筑交通载具组件.png,9,BUILT-216,隔离有限台基挡土侧体,1448,1086,4e4687293d680d30e83c123b36c276cabbca4ce7a5b7e5c52aceeefbca7e87f9
M022,建筑交通载具组件,图像/M022_建筑交通载具组件.png,10,BUILT-217,隔离钱庄步行连接十级台阶,1448,1086,4e4687293d680d30e83c123b36c276cabbca4ce7a5b7e5c52aceeefbca7e87f9
M022,建筑交通载具组件,图像/M022_建筑交通载具组件.png,11,BUILT-218,现代玻璃幕墙标准实开间,1448,1086,4e4687293d680d30e83c123b36c276cabbca4ce7a5b7e5c52aceeefbca7e87f9
M022,建筑交通载具组件,图像/M022_建筑交通载具组件.png,12,BUILT-219,现代金属竖向遮阳构件,1448,1086,4e4687293d680d30e83c123b36c276cabbca4ce7a5b7e5c52aceeefbca7e87f9
M023,建筑交通载具组件,图像/M023_建筑交通载具组件.png,1,BUILT-225,现代空中连廊端支座组件,1448,1086,2d11beec10361ecaa233d75edd21b62214f0b6f86857b42ab0d185512355a393
M023,建筑交通载具组件,图像/M023_建筑交通载具组件.png,2,BUILT-232,顺等高线不规则局部建筑基台,1448,1086,2d11beec10361ecaa233d75edd21b62214f0b6f86857b42ab0d185512355a393
M023,建筑交通载具组件,图像/M023_建筑交通载具组件.png,3,BUILT-233,街院之间共享0.2m城市外阶梯,1448,1086,2d11beec10361ecaa233d75edd21b62214f0b6f86857b42ab0d185512355a393
M023,建筑交通载具组件,图像/M023_建筑交通载具组件.png,4,BUILT-234,街院之间共享低坡城市外坡道,1448,1086,2d11beec10361ecaa233d75edd21b62214f0b6f86857b42ab0d185512355a393
M023,建筑交通载具组件,图像/M023_建筑交通载具组件.png,5,BUILT-235,庭院低墙与院门共享结构,1448,1086,2d11beec10361ecaa233d75edd21b62214f0b6f86857b42ab0d185512355a393
M023,建筑交通载具组件,图像/M023_建筑交通载具组件.png,6,BUILT-240,建筑垂直绿化安装架与花池壳,1448,1086,2d11beec10361ecaa233d75edd21b62214f0b6f86857b42ab0d185512355a393
M023,建筑交通载具组件,图像/M023_建筑交通载具组件.png,7,BUILT-241,未来全息标识实体发射座,1448,1086,2d11beec10361ecaa233d75edd21b62214f0b6f86857b42ab0d185512355a393
M023,建筑交通载具组件,图像/M023_建筑交通载具组件.png,8,BUILT-242,共享双跑楼梯扶手与井边防护,1448,1086,2d11beec10361ecaa233d75edd21b62214f0b6f86857b42ab0d185512355a393
M023,建筑交通载具组件,图像/M023_建筑交通载具组件.png,9,BUILT-243,可用屋面边缘共享安全栏组件,1448,1086,2d11beec10361ecaa233d75edd21b62214f0b6f86857b42ab0d185512355a393
M023,建筑交通载具组件,图像/M023_建筑交通载具组件.png,10,BUILT-244,精细体素木门扇视觉母版,1448,1086,2d11beec10361ecaa233d75edd21b62214f0b6f86857b42ab0d185512355a393
M023,建筑交通载具组件,图像/M023_建筑交通载具组件.png,11,BUILT-245,精细体素木窗棂视觉母版,1448,1086,2d11beec10361ecaa233d75edd21b62214f0b6f86857b42ab0d185512355a393
M023,建筑交通载具组件,图像/M023_建筑交通载具组件.png,12,BUILT-246,薄瓦檐梁椽母版A2,1448,1086,2d11beec10361ecaa233d75edd21b62214f0b6f86857b42ab0d185512355a393
M024,建筑交通载具组件,图像/M024_建筑交通载具组件.png,1,BUILT-248,精细体素梁端斗拱母版,1448,1086,51cb8a879ab598985690822457626e4ed3bf14711c379f2a01572bd5e2ac9d77
M024,建筑交通载具组件,图像/M024_建筑交通载具组件.png,2,BUILT-249,精细体素独立木纸灯笼母版A3,1448,1086,51cb8a879ab598985690822457626e4ed3bf14711c379f2a01572bd5e2ac9d77
M024,建筑交通载具组件,图像/M024_建筑交通载具组件.png,3,BUILT-250,石基台边角与破边视觉模块,1448,1086,51cb8a879ab598985690822457626e4ed3bf14711c379f2a01572bd5e2ac9d77
M024,建筑交通载具组件,图像/M024_建筑交通载具组件.png,4,BUILT-251,A1开敞木门框原模型待收件,1448,1086,51cb8a879ab598985690822457626e4ed3bf14711c379f2a01572bd5e2ac9d77
M024,建筑交通载具组件,图像/M024_建筑交通载具组件.png,5,BUILT-268,机场共享滑行道组件,1448,1086,51cb8a879ab598985690822457626e4ed3bf14711c379f2a01572bd5e2ac9d77
M024,建筑交通载具组件,图像/M024_建筑交通载具组件.png,6,BUILT-269,机场多飞机泊位组件,1448,1086,51cb8a879ab598985690822457626e4ed3bf14711c379f2a01572bd5e2ac9d77
M024,建筑交通载具组件,图像/M024_建筑交通载具组件.png,7,BUILT-270,航站至机位步行登机接台,1448,1086,51cb8a879ab598985690822457626e4ed3bf14711c379f2a01572bd5e2ac9d77
M024,建筑交通载具组件,图像/M024_建筑交通载具组件.png,8,BUILT-273,机场安全边界与合法门组件,1448,1086,51cb8a879ab598985690822457626e4ed3bf14711c379f2a01572bd5e2ac9d77
M024,建筑交通载具组件,图像/M024_建筑交通载具组件.png,9,BUILT-276,星港停泊环内实际泊位接台,1448,1086,51cb8a879ab598985690822457626e4ed3bf14711c379f2a01572bd5e2ac9d77
M024,建筑交通载具组件,图像/M024_建筑交通载具组件.png,10,BUILT-286,城市道路载具轮胎轮毂组件,1448,1086,51cb8a879ab598985690822457626e4ed3bf14711c379f2a01572bd5e2ac9d77
M024,建筑交通载具组件,图像/M024_建筑交通载具组件.png,11,BUILT-287,城市道路载具门壳与铰接组件,1448,1086,51cb8a879ab598985690822457626e4ed3bf14711c379f2a01572bd5e2ac9d77
M024,建筑交通载具组件,图像/M024_建筑交通载具组件.png,12,BUILT-288,列车车厢端连挂组件,1448,1086,51cb8a879ab598985690822457626e4ed3bf14711c379f2a01572bd5e2ac9d77
M025,建筑交通载具组件,图像/M025_建筑交通载具组件.png,1,BUILT-289,轻轨轮架和磁浮导向底座组件,1448,1086,314212318d918ff3e59c156707e2f58f1456eb69bddd68f2216fb0c3b59145eb
M025,建筑交通载具组件,图像/M025_建筑交通载具组件.png,2,BUILT-290,缆车吊架与承索夹组件,1448,1086,314212318d918ff3e59c156707e2f58f1456eb69bddd68f2216fb0c3b59145eb
M025,建筑交通载具组件,图像/M025_建筑交通载具组件.png,3,BUILT-291,渡船船艏/船底体素组件,1448,1086,314212318d918ff3e59c156707e2f58f1456eb69bddd68f2216fb0c3b59145eb
M025,建筑交通载具组件,图像/M025_建筑交通载具组件.png,4,BUILT-292,渡船甲板舷栏和登离缺口组件,1448,1086,314212318d918ff3e59c156707e2f58f1456eb69bddd68f2216fb0c3b59145eb
M025,建筑交通载具组件,图像/M025_建筑交通载具组件.png,5,BUILT-293,码头至渡船真实登离接板,1448,1086,314212318d918ff3e59c156707e2f58f1456eb69bddd68f2216fb0c3b59145eb
M025,建筑交通载具组件,图像/M025_建筑交通载具组件.png,6,BUILT-294,公共客机起落架与轮组,1448,1086,314212318d918ff3e59c156707e2f58f1456eb69bddd68f2216fb0c3b59145eb
M025,建筑交通载具组件,图像/M025_建筑交通载具组件.png,7,BUILT-295,公共客机机翼与翼端组件,1448,1086,314212318d918ff3e59c156707e2f58f1456eb69bddd68f2216fb0c3b59145eb
M025,建筑交通载具组件,图像/M025_建筑交通载具组件.png,8,BUILT-296,公共客机发动机/推力体组件,1448,1086,314212318d918ff3e59c156707e2f58f1456eb69bddd68f2216fb0c3b59145eb
M025,建筑交通载具组件,图像/M025_建筑交通载具组件.png,9,BUILT-297,公共客机水平及垂直尾翼组件,1448,1086,314212318d918ff3e59c156707e2f58f1456eb69bddd68f2216fb0c3b59145eb
M025,建筑交通载具组件,图像/M025_建筑交通载具组件.png,10,BUILT-300,码头系船柱与护舷道具,1448,1086,314212318d918ff3e59c156707e2f58f1456eb69bddd68f2216fb0c3b59145eb
M025,建筑交通载具组件,图像/M025_建筑交通载具组件.png,11,BUILT-307,真实接岸桥台基础组件,1448,1086,314212318d918ff3e59c156707e2f58f1456eb69bddd68f2216fb0c3b59145eb
M025,建筑交通载具组件,图像/M025_建筑交通载具组件.png,12,BUILT-308,桥板梁墩共享支座组件,1448,1086,314212318d918ff3e59c156707e2f58f1456eb69bddd68f2216fb0c3b59145eb
M026,建筑交通载具组件、自然植物景观组件,图像/M026_建筑交通载具组件、自然植物景观组件.png,1,BUILT-309,悬桥主缆真实岸侧锚块组件,1448,1086,28ac6b07c247d076e3b42713de1207182f38608d27cf7422dd850affdc7f6765
M026,建筑交通载具组件、自然植物景观组件,图像/M026_建筑交通载具组件、自然植物景观组件.png,2,BUILT-310,缆车terrain支柱和导向轮组件,1448,1086,28ac6b07c247d076e3b42713de1207182f38608d27cf7422dd850affdc7f6765
M026,建筑交通载具组件、自然植物景观组件,图像/M026_建筑交通载具组件、自然植物景观组件.png,3,BUILT-312,滨水真实栈台桩基组件,1448,1086,28ac6b07c247d076e3b42713de1207182f38608d27cf7422dd850affdc7f6765
M026,建筑交通载具组件、自然植物景观组件,图像/M026_建筑交通载具组件、自然植物景观组件.png,4,BUILT-316,住宅悬挑通廊承力梁母版,1448,1086,28ac6b07c247d076e3b42713de1207182f38608d27cf7422dd850affdc7f6765
M026,建筑交通载具组件、自然植物景观组件,图像/M026_建筑交通载具组件、自然植物景观组件.png,5,ENV-001,权威连续岩土表面母版,1448,1086,28ac6b07c247d076e3b42713de1207182f38608d27cf7422dd850affdc7f6765
M026,建筑交通载具组件、自然植物景观组件,图像/M026_建筑交通载具组件、自然植物景观组件.png,6,ENV-005,节理裂隙分层岩台母版,1448,1086,28ac6b07c247d076e3b42713de1207182f38608d27cf7422dd850affdc7f6765
M026,建筑交通载具组件、自然植物景观组件,图像/M026_建筑交通载具组件、自然植物景观组件.png,7,ENV-006,不规则高陡连续崖壁断面母版,1448,1086,28ac6b07c247d076e3b42713de1207182f38608d27cf7422dd850affdc7f6765
M026,建筑交通载具组件、自然植物景观组件,图像/M026_建筑交通载具组件、自然植物景观组件.png,8,ENV-008,错层岩台与次级崖阶母版,1448,1086,28ac6b07c247d076e3b42713de1207182f38608d27cf7422dd850affdc7f6765
M026,建筑交通载具组件、自然植物景观组件,图像/M026_建筑交通载具组件、自然植物景观组件.png,9,ENV-010,山鞍与山脊过渡块,1448,1086,28ac6b07c247d076e3b42713de1207182f38608d27cf7422dd850affdc7f6765
M026,建筑交通载具组件、自然植物景观组件,图像/M026_建筑交通载具组件、自然植物景观组件.png,10,ENV-011,坡脚岩屑堆与碎石坡母版,1448,1086,28ac6b07c247d076e3b42713de1207182f38608d27cf7422dd850affdc7f6765
M026,建筑交通载具组件、自然植物景观组件,图像/M026_建筑交通载具组件、自然植物景观组件.png,11,ENV-012,河谷侵蚀与河床切槽组件,1448,1086,28ac6b07c247d076e3b42713de1207182f38608d27cf7422dd850affdc7f6765
M026,建筑交通载具组件、自然植物景观组件,图像/M026_建筑交通载具组件、自然植物景观组件.png,12,ENV-013,悬挑岩檐与天然穿洞组件,1448,1086,28ac6b07c247d076e3b42713de1207182f38608d27cf7422dd850affdc7f6765
M027,自然植物景观组件,图像/M027_自然植物景观组件.png,1,ENV-014,土层剖面与裸露根际基底,1448,1086,93d44c051daf537357e6269ac89b72bed79dd1170667e0ee3d9420dd8f3a28bd
M027,自然植物景观组件,图像/M027_自然植物景观组件.png,2,ENV-015,中尺度破岩与独石装饰母版,1448,1086,93d44c051daf537357e6269ac89b72bed79dd1170667e0ee3d9420dd8f3a28bd
M027,自然植物景观组件,图像/M027_自然植物景观组件.png,3,ENV-016,近景0.2m量化碎石组件,1448,1086,93d44c051daf537357e6269ac89b72bed79dd1170667e0ee3d9420dd8f3a28bd
M027,自然植物景观组件,图像/M027_自然植物景观组件.png,4,ENV-017,灰白水蚀岸石组件,1448,1086,93d44c051daf537357e6269ac89b72bed79dd1170667e0ee3d9420dd8f3a28bd
M027,自然植物景观组件,图像/M027_自然植物景观组件.png,5,ENV-019,远山叠嶂岩脊代理母版,1448,1086,93d44c051daf537357e6269ac89b72bed79dd1170667e0ee3d9420dd8f3a28bd
M027,自然植物景观组件,图像/M027_自然植物景观组件.png,6,ENV-026,单瀑四段共享落水路径组件,1448,1086,93d44c051daf537357e6269ac89b72bed79dd1170667e0ee3d9420dd8f3a28bd
M027,自然植物景观组件,图像/M027_自然植物景观组件.png,7,ENV-027,连续共顶点河面母版,1448,1086,93d44c051daf537357e6269ac89b72bed79dd1170667e0ee3d9420dd8f3a28bd
M027,自然植物景观组件,图像/M027_自然植物景观组件.png,8,ENV-028,153m落差水帘母版,1448,1086,93d44c051daf537357e6269ac89b72bed79dd1170667e0ee3d9420dd8f3a28bd
M027,自然植物景观组件,图像/M027_自然植物景观组件.png,9,ENV-029,瀑下潭水面母版,1448,1086,93d44c051daf537357e6269ac89b72bed79dd1170667e0ee3d9420dd8f3a28bd
M027,自然植物景观组件,图像/M027_自然植物景观组件.png,10,ENV-032,多级跌水与瀑段衔接组件,1448,1086,93d44c051daf537357e6269ac89b72bed79dd1170667e0ee3d9420dd8f3a28bd
M027,自然植物景观组件,图像/M027_自然植物景观组件.png,11,ENV-034,山涧支流母版,1448,1086,93d44c051daf537357e6269ac89b72bed79dd1170667e0ee3d9420dd8f3a28bd
M027,自然植物景观组件,图像/M027_自然植物景观组件.png,12,ENV-035,支流汇口与河弯组件,1448,1086,93d44c051daf537357e6269ac89b72bed79dd1170667e0ee3d9420dd8f3a28bd
M028,自然植物景观组件,图像/M028_自然植物景观组件.png,1,ENV-037,上游来水与瀑口岩唇组件,1448,1086,77c8508e662305ca612002d98cf3aff24fceed968fe99a609be81ddd05cba91d
M028,自然植物景观组件,图像/M028_自然植物景观组件.png,2,ENV-038,自然缓岸与陡岸断面族,1448,1086,77c8508e662305ca612002d98cf3aff24fceed968fe99a609be81ddd05cba91d
M028,自然植物景观组件,图像/M028_自然植物景观组件.png,3,ENV-043,瀑潭体素泡沫组件,1448,1086,77c8508e662305ca612002d98cf3aff24fceed968fe99a609be81ddd05cba91d
M028,自然植物景观组件,图像/M028_自然植物景观组件.png,4,ENV-050,既有量化乔木树干与错层冠母版,1448,1086,77c8508e662305ca612002d98cf3aff24fceed968fe99a609be81ddd05cba91d
M028,自然植物景观组件,图像/M028_自然植物景观组件.png,5,ENV-052,近远林冠代理组件,1448,1086,77c8508e662305ca612002d98cf3aff24fceed968fe99a609be81ddd05cba91d
M028,自然植物景观组件,图像/M028_自然植物景观组件.png,6,ENV-054,松类体素分枝树母版,1448,1086,77c8508e662305ca612002d98cf3aff24fceed968fe99a609be81ddd05cba91d
M028,自然植物景观组件,图像/M028_自然植物景观组件.png,7,ENV-055,柏类柱冠树母版,1448,1086,77c8508e662305ca612002d98cf3aff24fceed968fe99a609be81ddd05cba91d
M028,自然植物景观组件,图像/M028_自然植物景观组件.png,8,ENV-056,竹竿竹节与叶簇母版,1448,1086,77c8508e662305ca612002d98cf3aff24fceed968fe99a609be81ddd05cba91d
M028,自然植物景观组件,图像/M028_自然植物景观组件.png,9,ENV-057,阔叶分枝与开阔树冠母版,1448,1086,77c8508e662305ca612002d98cf3aff24fceed968fe99a609be81ddd05cba91d
M028,自然植物景观组件,图像/M028_自然植物景观组件.png,10,ENV-059,乔木根脚与附岩根系视觉组件,1448,1086,77c8508e662305ca612002d98cf3aff24fceed968fe99a609be81ddd05cba91d
M028,自然植物景观组件,图像/M028_自然植物景观组件.png,11,ENV-060,既有灌木低冠组件,1448,1086,77c8508e662305ca612002d98cf3aff24fceed968fe99a609be81ddd05cba91d
M028,自然植物景观组件,图像/M028_自然植物景观组件.png,12,ENV-061,分枝灌木与花灌木母版,1448,1086,77c8508e662305ca612002d98cf3aff24fceed968fe99a609be81ddd05cba91d
M029,自然植物景观组件,图像/M029_自然植物景观组件.png,1,ENV-062,近景0.2m草叶簇组件,1448,1086,d5807fbb1ffce5e5268f763f76d0e70d2661961d1375beb6f2c1c06f3e4934bd
M029,自然植物景观组件,图像/M029_自然植物景观组件.png,2,ENV-064,蕨类与阔叶地被簇母版,1448,1086,d5807fbb1ffce5e5268f763f76d0e70d2661961d1375beb6f2c1c06f3e4934bd
M029,自然植物景观组件,图像/M029_自然植物景观组件.png,3,ENV-065,细茎芦苇组件,1448,1086,d5807fbb1ffce5e5268f763f76d0e70d2661961d1375beb6f2c1c06f3e4934bd
M029,自然植物景观组件,图像/M029_自然植物景观组件.png,4,ENV-066,水生荷叶与湿岸叶簇母版,1448,1086,d5807fbb1ffce5e5268f763f76d0e70d2661961d1375beb6f2c1c06f3e4934bd
M029,自然植物景观组件,图像/M029_自然植物景观组件.png,5,ENV-067,真实岩壁附壁垂藤组件,1448,1086,d5807fbb1ffce5e5268f763f76d0e70d2661961d1375beb6f2c1c06f3e4934bd
M029,自然植物景观组件,图像/M029_自然植物景观组件.png,6,ENV-069,林地落叶枯枝与倒木组件套装,1448,1086,d5807fbb1ffce5e5268f763f76d0e70d2661961d1375beb6f2c1c06f3e4934bd
M029,自然植物景观组件,图像/M029_自然植物景观组件.png,7,ENV-077,既有建筑基底与地下开挖地形组件,1448,1086,d5807fbb1ffce5e5268f763f76d0e70d2661961d1375beb6f2c1c06f3e4934bd
M029,自然植物景观组件,图像/M029_自然植物景观组件.png,8,ENV-078,既有建筑群肩坡过渡组件,1448,1086,d5807fbb1ffce5e5268f763f76d0e70d2661961d1375beb6f2c1c06f3e4934bd
M029,自然植物景观组件,图像/M029_自然植物景观组件.png,9,ENV-081,多点接地基础与山体承托母版,1448,1086,d5807fbb1ffce5e5268f763f76d0e70d2661961d1375beb6f2c1c06f3e4934bd
M029,自然植物景观组件,图像/M029_自然植物景观组件.png,10,ENV-082,石砌挡土墙结构母版,1448,1086,d5807fbb1ffce5e5268f763f76d0e70d2661961d1375beb6f2c1c06f3e4934bd
M029,自然植物景观组件,图像/M029_自然植物景观组件.png,11,ENV-084,挡墙压顶与泄水缝组件,1448,1086,d5807fbb1ffce5e5268f763f76d0e70d2661961d1375beb6f2c1c06f3e4934bd
M029,自然植物景观组件,图像/M029_自然植物景观组件.png,12,ENV-085,低矮干砌石与梯田田埂母版,1448,1086,d5807fbb1ffce5e5268f763f76d0e70d2661961d1375beb6f2c1c06f3e4934bd
M030,自然植物景观组件,图像/M030_自然植物景观组件.png,1,ENV-086,院廊外缘0.2m地形支撑衔接,1448,1086,fd080213020cbf98b4238aa1214e4f06c0d2a145085b4836a47147da943cdaa1
M030,自然植物景观组件,图像/M030_自然植物景观组件.png,2,ENV-088,路肩填挖与地形接边组件,1448,1086,fd080213020cbf98b4238aa1214e4f06c0d2a145085b4836a47147da943cdaa1
M030,自然植物景观组件,图像/M030_自然植物景观组件.png,3,ENV-091,街台排水边沟与集水边界组件,1448,1086,fd080213020cbf98b4238aa1214e4f06c0d2a145085b4836a47147da943cdaa1
M030,自然植物景观组件,图像/M030_自然植物景观组件.png,4,ENV-094,庭院与观景地坪母版,1448,1086,fd080213020cbf98b4238aa1214e4f06c0d2a145085b4836a47147da943cdaa1
M030,自然植物景观组件,图像/M030_自然植物景观组件.png,5,ENV-096,独立花槽与树池边框母版,1448,1086,fd080213020cbf98b4238aa1214e4f06c0d2a145085b4836a47147da943cdaa1
M030,自然植物景观组件,图像/M030_自然植物景观组件.png,6,ENV-097,独立花盆与种植容器母版,1448,1086,fd080213020cbf98b4238aa1214e4f06c0d2a145085b4836a47147da943cdaa1
M030,自然植物景观组件,图像/M030_自然植物景观组件.png,7,ENV-098,公共长椅与石凳母版,1448,1086,fd080213020cbf98b4238aa1214e4f06c0d2a145085b4836a47147da943cdaa1
M030,自然植物景观组件,图像/M030_自然植物景观组件.png,8,ENV-104,独立景观灯杆与石灯母版,1448,1086,fd080213020cbf98b4238aa1214e4f06c0d2a145085b4836a47147da943cdaa1
M030,自然植物景观组件,图像/M030_自然植物景观组件.png,9,ENV-110,昼夜渐变天空穹顶母版,1448,1086,fd080213020cbf98b4238aa1214e4f06c0d2a145085b4836a47147da943cdaa1
M030,自然植物景观组件,图像/M030_自然植物景观组件.png,10,ENV-112,太阳视觉天体组件,1448,1086,fd080213020cbf98b4238aa1214e4f06c0d2a145085b4836a47147da943cdaa1
M030,自然植物景观组件,图像/M030_自然植物景观组件.png,11,ENV-113,月亮视觉天体组件,1448,1086,fd080213020cbf98b4238aa1214e4f06c0d2a145085b4836a47147da943cdaa1
M030,自然植物景观组件,图像/M030_自然植物景观组件.png,12,ENV-114,夜空星点组件,1448,1086,fd080213020cbf98b4238aa1214e4f06c0d2a145085b4836a47147da943cdaa1
M031,自然植物景观组件、人物身体服装持物,图像/M031_自然植物景观组件、人物身体服装持物.png,1,ENV-134,未来国风盆景剪裁矮树母版,1448,1086,b582c6e802220f24177ae530328c27088b46d456e21c4cb193f06d79c57089ff
M031,自然植物景观组件、人物身体服装持物,图像/M031_自然植物景观组件、人物身体服装持物.png,2,CHAR-002,现有程序躯干,1448,1086,b582c6e802220f24177ae530328c27088b46d456e21c4cb193f06d79c57089ff
M031,自然植物景观组件、人物身体服装持物,图像/M031_自然植物景观组件、人物身体服装持物.png,3,CHAR-003,现有程序头部,1448,1086,b582c6e802220f24177ae530328c27088b46d456e21c4cb193f06d79c57089ff
M031,自然植物景观组件、人物身体服装持物,图像/M031_自然植物景观组件、人物身体服装持物.png,4,CHAR-004,现有程序大腿,1448,1086,b582c6e802220f24177ae530328c27088b46d456e21c4cb193f06d79c57089ff
M031,自然植物景观组件、人物身体服装持物,图像/M031_自然植物景观组件、人物身体服装持物.png,5,CHAR-005,现有程序小腿,1448,1086,b582c6e802220f24177ae530328c27088b46d456e21c4cb193f06d79c57089ff
M031,自然植物景观组件、人物身体服装持物,图像/M031_自然植物景观组件、人物身体服装持物.png,6,CHAR-006,现有程序鞋足,1448,1086,b582c6e802220f24177ae530328c27088b46d456e21c4cb193f06d79c57089ff
M031,自然植物景观组件、人物身体服装持物,图像/M031_自然植物景观组件、人物身体服装持物.png,7,CHAR-007,现有远景整腿代理,1448,1086,b582c6e802220f24177ae530328c27088b46d456e21c4cb193f06d79c57089ff
M031,自然植物景观组件、人物身体服装持物,图像/M031_自然植物景观组件、人物身体服装持物.png,8,CHAR-008,现有程序袖臂,1448,1086,b582c6e802220f24177ae530328c27088b46d456e21c4cb193f06d79c57089ff
M031,自然植物景观组件、人物身体服装持物,图像/M031_自然植物景观组件、人物身体服装持物.png,9,CHAR-009,现有程序手部,1448,1086,b582c6e802220f24177ae530328c27088b46d456e21c4cb193f06d79c57089ff
M031,自然植物景观组件、人物身体服装持物,图像/M031_自然植物景观组件、人物身体服装持物.png,10,CHAR-010,现有短发后片,1448,1086,b582c6e802220f24177ae530328c27088b46d456e21c4cb193f06d79c57089ff
M031,自然植物景观组件、人物身体服装持物,图像/M031_自然植物景观组件、人物身体服装持物.png,11,CHAR-011,现有长发延长片,1448,1086,b582c6e802220f24177ae530328c27088b46d456e21c4cb193f06d79c57089ff
M031,自然植物景观组件、人物身体服装持物,图像/M031_自然植物景观组件、人物身体服装持物.png,12,CHAR-012,现有袍衣下摆,1448,1086,b582c6e802220f24177ae530328c27088b46d456e21c4cb193f06d79c57089ff
M032,人物身体服装持物,图像/M032_人物身体服装持物.png,1,CHAR-013,现有帽子轮廓,1448,1086,676fbbac1034601abbc6cc686d2a101f03c330e38af1fb070e86f3a32921b228
M032,人物身体服装持物,图像/M032_人物身体服装持物.png,2,CHAR-014,现有挎包轮廓,1448,1086,676fbbac1034601abbc6cc686d2a101f03c330e38af1fb070e86f3a32921b228
M032,人物身体服装持物,图像/M032_人物身体服装持物.png,3,CHAR-015,现有婴幼儿合并脚块,1448,1086,676fbbac1034601abbc6cc686d2a101f03c330e38af1fb070e86f3a32921b228
M032,人物身体服装持物,图像/M032_人物身体服装持物.png,4,CHAR-059,精细体素成年人体母版A（直线肩胯）,1448,1086,676fbbac1034601abbc6cc686d2a101f03c330e38af1fb070e86f3a32921b228
M032,人物身体服装持物,图像/M032_人物身体服装持物.png,5,CHAR-060,精细体素成年人体母版B（圆柔肩胯）,1448,1086,676fbbac1034601abbc6cc686d2a101f03c330e38af1fb070e86f3a32921b228
M032,人物身体服装持物,图像/M032_人物身体服装持物.png,6,CHAR-061,精细体素婴儿身体母版,1448,1086,676fbbac1034601abbc6cc686d2a101f03c330e38af1fb070e86f3a32921b228
M032,人物身体服装持物,图像/M032_人物身体服装持物.png,7,CHAR-062,精细体素学龄前身体母版,1448,1086,676fbbac1034601abbc6cc686d2a101f03c330e38af1fb070e86f3a32921b228
M032,人物身体服装持物,图像/M032_人物身体服装持物.png,8,CHAR-063,精细体素学龄儿童身体母版,1448,1086,676fbbac1034601abbc6cc686d2a101f03c330e38af1fb070e86f3a32921b228
M032,人物身体服装持物,图像/M032_人物身体服装持物.png,9,CHAR-064,精细体素青少年身体母版,1448,1086,676fbbac1034601abbc6cc686d2a101f03c330e38af1fb070e86f3a32921b228
M032,人物身体服装持物,图像/M032_人物身体服装持物.png,10,CHAR-065,精细体素老年身体母版,1448,1086,676fbbac1034601abbc6cc686d2a101f03c330e38af1fb070e86f3a32921b228
M032,人物身体服装持物,图像/M032_人物身体服装持物.png,11,CHAR-066,精细成年头部母版,1448,1086,676fbbac1034601abbc6cc686d2a101f03c330e38af1fb070e86f3a32921b228
M032,人物身体服装持物,图像/M032_人物身体服装持物.png,12,CHAR-067,精细婴幼儿头部母版,1448,1086,676fbbac1034601abbc6cc686d2a101f03c330e38af1fb070e86f3a32921b228
M033,人物身体服装持物,图像/M033_人物身体服装持物.png,1,CHAR-068,精细儿童头部母版,1448,1086,0c6786ad600d5ce87fbf4f4b977eff5ab91834a8ef25f18e46a5a29d654f6926
M033,人物身体服装持物,图像/M033_人物身体服装持物.png,2,CHAR-069,精细老年头部母版,1448,1086,0c6786ad600d5ce87fbf4f4b977eff5ab91834a8ef25f18e46a5a29d654f6926
M033,人物身体服装持物,图像/M033_人物身体服装持物.png,3,CHAR-070,精细体素可握持手母版,1448,1086,0c6786ad600d5ce87fbf4f4b977eff5ab91834a8ef25f18e46a5a29d654f6926
M033,人物身体服装持物,图像/M033_人物身体服装持物.png,4,CHAR-071,精细体素裸足母版,1448,1086,0c6786ad600d5ce87fbf4f4b977eff5ab91834a8ef25f18e46a5a29d654f6926
M033,人物身体服装持物,图像/M033_人物身体服装持物.png,5,CHAR-072,孕期腹部造型替换件,1448,1086,0c6786ad600d5ce87fbf4f4b977eff5ab91834a8ef25f18e46a5a29d654f6926
M033,人物身体服装持物,图像/M033_人物身体服装持物.png,6,CHAR-073,通用人体骨骼与手足挂点母版,1448,1086,0c6786ad600d5ce87fbf4f4b977eff5ab91834a8ef25f18e46a5a29d654f6926
M033,人物身体服装持物,图像/M033_人物身体服装持物.png,7,CHAR-074,儿童比例人体骨骼母版,1448,1086,0c6786ad600d5ce87fbf4f4b977eff5ab91834a8ef25f18e46a5a29d654f6926
M033,人物身体服装持物,图像/M033_人物身体服装持物.png,8,CHAR-075,玩家第一人称双手前臂母版,1448,1086,0c6786ad600d5ce87fbf4f4b977eff5ab91834a8ef25f18e46a5a29d654f6926
M033,人物身体服装持物,图像/M033_人物身体服装持物.png,9,CHAR-085,利落短发细体素母版,1448,1086,0c6786ad600d5ce87fbf4f4b977eff5ab91834a8ef25f18e46a5a29d654f6926
M033,人物身体服装持物,图像/M033_人物身体服装持物.png,10,CHAR-086,侧分短发细体素母版,1448,1086,0c6786ad600d5ce87fbf4f4b977eff5ab91834a8ef25f18e46a5a29d654f6926
M033,人物身体服装持物,图像/M033_人物身体服装持物.png,11,CHAR-087,自然微卷短发母版,1448,1086,0c6786ad600d5ce87fbf4f4b977eff5ab91834a8ef25f18e46a5a29d654f6926
M033,人物身体服装持物,图像/M033_人物身体服装持物.png,12,CHAR-088,齐耳中短发母版,1448,1086,0c6786ad600d5ce87fbf4f4b977eff5ab91834a8ef25f18e46a5a29d654f6926
M034,人物身体服装持物,图像/M034_人物身体服装持物.png,1,CHAR-089,披肩长发母版,1448,1086,644d197bd64e4e7fb983b218ce32da7219e7cf1d648b8c9e2f1361e84cf5e5bf
M034,人物身体服装持物,图像/M034_人物身体服装持物.png,2,CHAR-090,单编辫长发母版,1448,1086,644d197bd64e4e7fb983b218ce32da7219e7cf1d648b8c9e2f1361e84cf5e5bf
M034,人物身体服装持物,图像/M034_人物身体服装持物.png,3,CHAR-091,束发马尾母版,1448,1086,644d197bd64e4e7fb983b218ce32da7219e7cf1d648b8c9e2f1361e84cf5e5bf
M034,人物身体服装持物,图像/M034_人物身体服装持物.png,4,CHAR-092,盘髻母版,1448,1086,644d197bd64e4e7fb983b218ce32da7219e7cf1d648b8c9e2f1361e84cf5e5bf
M034,人物身体服装持物,图像/M034_人物身体服装持物.png,5,CHAR-093,古风束冠髻母版,1448,1086,644d197bd64e4e7fb983b218ce32da7219e7cf1d648b8c9e2f1361e84cf5e5bf
M034,人物身体服装持物,图像/M034_人物身体服装持物.png,6,CHAR-094,儿童双髻母版,1448,1086,644d197bd64e4e7fb983b218ce32da7219e7cf1d648b8c9e2f1361e84cf5e5bf
M034,人物身体服装持物,图像/M034_人物身体服装持物.png,7,CHAR-095,老年稀疏发母版,1448,1086,644d197bd64e4e7fb983b218ce32da7219e7cf1d648b8c9e2f1361e84cf5e5bf
M034,人物身体服装持物,图像/M034_人物身体服装持物.png,8,CHAR-096,短须胡髭挂件母版,1448,1086,644d197bd64e4e7fb983b218ce32da7219e7cf1d648b8c9e2f1361e84cf5e5bf
M034,人物身体服装持物,图像/M034_人物身体服装持物.png,9,CHAR-097,长须挂件母版,1448,1086,644d197bd64e4e7fb983b218ce32da7219e7cf1d648b8c9e2f1361e84cf5e5bf
M034,人物身体服装持物,图像/M034_人物身体服装持物.png,10,CHAR-098,立体眉毛挂件母版,1448,1086,644d197bd64e4e7fb983b218ce32da7219e7cf1d648b8c9e2f1361e84cf5e5bf
M034,人物身体服装持物,图像/M034_人物身体服装持物.png,11,CHAR-099,布巾软帽母版,1448,1086,644d197bd64e4e7fb983b218ce32da7219e7cf1d648b8c9e2f1361e84cf5e5bf
M034,人物身体服装持物,图像/M034_人物身体服装持物.png,12,CHAR-100,发冠与簪槽母版,1448,1086,644d197bd64e4e7fb983b218ce32da7219e7cf1d648b8c9e2f1361e84cf5e5bf
M035,人物身体服装持物,图像/M035_人物身体服装持物.png,1,CHAR-101,警务制帽母版,1448,1086,494591c78d7ff83ed29a51fed731747c5b9f7de5ceeb9fce9c4db2fe1da5f8b8
M035,人物身体服装持物,图像/M035_人物身体服装持物.png,2,CHAR-102,守卫护盔母版,1448,1086,494591c78d7ff83ed29a51fed731747c5b9f7de5ceeb9fce9c4db2fe1da5f8b8
M035,人物身体服装持物,图像/M035_人物身体服装持物.png,3,CHAR-103,工坊防护帽母版,1448,1086,494591c78d7ff83ed29a51fed731747c5b9f7de5ceeb9fce9c4db2fe1da5f8b8
M035,人物身体服装持物,图像/M035_人物身体服装持物.png,4,CHAR-104,农用斗笠母版,1448,1086,494591c78d7ff83ed29a51fed731747c5b9f7de5ceeb9fce9c4db2fe1da5f8b8
M035,人物身体服装持物,图像/M035_人物身体服装持物.png,5,CHAR-105,厨房工作帽母版,1448,1086,494591c78d7ff83ed29a51fed731747c5b9f7de5ceeb9fce9c4db2fe1da5f8b8
M035,人物身体服装持物,图像/M035_人物身体服装持物.png,6,CHAR-106,医护工作帽母版,1448,1086,494591c78d7ff83ed29a51fed731747c5b9f7de5ceeb9fce9c4db2fe1da5f8b8
M035,人物身体服装持物,图像/M035_人物身体服装持物.png,7,CHAR-107,发簪母版,1448,1086,494591c78d7ff83ed29a51fed731747c5b9f7de5ceeb9fce9c4db2fe1da5f8b8
M035,人物身体服装持物,图像/M035_人物身体服装持物.png,8,CHAR-108,近视眼镜母版,1448,1086,494591c78d7ff83ed29a51fed731747c5b9f7de5ceeb9fce9c4db2fe1da5f8b8
M035,人物身体服装持物,图像/M035_人物身体服装持物.png,9,CHAR-109,科研防护眼镜母版,1448,1086,494591c78d7ff83ed29a51fed731747c5b9f7de5ceeb9fce9c4db2fe1da5f8b8
M035,人物身体服装持物,图像/M035_人物身体服装持物.png,10,CHAR-110,耳饰母版,1448,1086,494591c78d7ff83ed29a51fed731747c5b9f7de5ceeb9fce9c4db2fe1da5f8b8
M035,人物身体服装持物,图像/M035_人物身体服装持物.png,11,CHAR-111,医护口罩母版,1448,1086,494591c78d7ff83ed29a51fed731747c5b9f7de5ceeb9fce9c4db2fe1da5f8b8
M035,人物身体服装持物,图像/M035_人物身体服装持物.png,12,CHAR-112,工坊防尘面罩母版,1448,1086,494591c78d7ff83ed29a51fed731747c5b9f7de5ceeb9fce9c4db2fe1da5f8b8
M036,人物身体服装持物,图像/M036_人物身体服装持物.png,1,CHAR-113,短夹衣/交领上衣母版,1448,1086,48d3ad7cd650278c83544c409e817691eb8235c2a45adc395ec5456399c0470c
M036,人物身体服装持物,图像/M036_人物身体服装持物.png,2,CHAR-114,长袍上身母版,1448,1086,48d3ad7cd650278c83544c409e817691eb8235c2a45adc395ec5456399c0470c
M036,人物身体服装持物,图像/M036_人物身体服装持物.png,3,CHAR-115,长袍精细下摆母版,1448,1086,48d3ad7cd650278c83544c409e817691eb8235c2a45adc395ec5456399c0470c
M036,人物身体服装持物,图像/M036_人物身体服装持物.png,4,CHAR-116,外搭长衫母版,1448,1086,48d3ad7cd650278c83544c409e817691eb8235c2a45adc395ec5456399c0470c
M036,人物身体服装持物,图像/M036_人物身体服装持物.png,5,CHAR-117,无袖马甲母版,1448,1086,48d3ad7cd650278c83544c409e817691eb8235c2a45adc395ec5456399c0470c
M036,人物身体服装持物,图像/M036_人物身体服装持物.png,6,CHAR-118,日常长裤母版,1448,1086,48d3ad7cd650278c83544c409e817691eb8235c2a45adc395ec5456399c0470c
M036,人物身体服装持物,图像/M036_人物身体服装持物.png,7,CHAR-119,长裙母版,1448,1086,48d3ad7cd650278c83544c409e817691eb8235c2a45adc395ec5456399c0470c
M036,人物身体服装持物,图像/M036_人物身体服装持物.png,8,CHAR-120,织带腰封母版,1448,1086,48d3ad7cd650278c83544c409e817691eb8235c2a45adc395ec5456399c0470c
M036,人物身体服装持物,图像/M036_人物身体服装持物.png,9,CHAR-121,行走短靴母版,1448,1086,48d3ad7cd650278c83544c409e817691eb8235c2a45adc395ec5456399c0470c
M036,人物身体服装持物,图像/M036_人物身体服装持物.png,10,CHAR-122,布鞋母版,1448,1086,48d3ad7cd650278c83544c409e817691eb8235c2a45adc395ec5456399c0470c
M036,人物身体服装持物,图像/M036_人物身体服装持物.png,11,CHAR-123,儿童鞋母版,1448,1086,48d3ad7cd650278c83544c409e817691eb8235c2a45adc395ec5456399c0470c
M036,人物身体服装持物,图像/M036_人物身体服装持物.png,12,CHAR-124,居家寝衣母版,1448,1086,48d3ad7cd650278c83544c409e817691eb8235c2a45adc395ec5456399c0470c
M037,人物身体服装持物,图像/M037_人物身体服装持物.png,1,CHAR-125,婴儿包衣母版,1448,1086,70cfb1b8946a9e55b05e83c2722515dff519c35628fce7c9c23ed48509ff8a13
M037,人物身体服装持物,图像/M037_人物身体服装持物.png,2,CHAR-126,学堂童装母版,1448,1086,70cfb1b8946a9e55b05e83c2722515dff519c35628fce7c9c23ed48509ff8a13
M037,人物身体服装持物,图像/M037_人物身体服装持物.png,3,CHAR-127,警务制服模块母版,1448,1086,70cfb1b8946a9e55b05e83c2722515dff519c35628fce7c9c23ed48509ff8a13
M037,人物身体服装持物,图像/M037_人物身体服装持物.png,4,CHAR-128,守卫防护衣模块母版,1448,1086,70cfb1b8946a9e55b05e83c2722515dff519c35628fce7c9c23ed48509ff8a13
M037,人物身体服装持物,图像/M037_人物身体服装持物.png,5,CHAR-129,驾驶调度服模块母版,1448,1086,70cfb1b8946a9e55b05e83c2722515dff519c35628fce7c9c23ed48509ff8a13
M037,人物身体服装持物,图像/M037_人物身体服装持物.png,6,CHAR-130,工坊劳动衣模块母版,1448,1086,70cfb1b8946a9e55b05e83c2722515dff519c35628fce7c9c23ed48509ff8a13
M037,人物身体服装持物,图像/M037_人物身体服装持物.png,7,CHAR-131,田作服模块母版,1448,1086,70cfb1b8946a9e55b05e83c2722515dff519c35628fce7c9c23ed48509ff8a13
M037,人物身体服装持物,图像/M037_人物身体服装持物.png,8,CHAR-132,医生诊疗衣模块母版,1448,1086,70cfb1b8946a9e55b05e83c2722515dff519c35628fce7c9c23ed48509ff8a13
M037,人物身体服装持物,图像/M037_人物身体服装持物.png,9,CHAR-133,护理工作衣模块母版,1448,1086,70cfb1b8946a9e55b05e83c2722515dff519c35628fce7c9c23ed48509ff8a13
M037,人物身体服装持物,图像/M037_人物身体服装持物.png,10,CHAR-134,科研实验外套母版,1448,1086,70cfb1b8946a9e55b05e83c2722515dff519c35628fce7c9c23ed48509ff8a13
M037,人物身体服装持物,图像/M037_人物身体服装持物.png,11,CHAR-135,店员服务衣模块母版,1448,1086,70cfb1b8946a9e55b05e83c2722515dff519c35628fce7c9c23ed48509ff8a13
M037,人物身体服装持物,图像/M037_人物身体服装持物.png,12,CHAR-136,工作围裙母版,1448,1086,70cfb1b8946a9e55b05e83c2722515dff519c35628fce7c9c23ed48509ff8a13
M038,人物身体服装持物,图像/M038_人物身体服装持物.png,1,CHAR-137,官署礼常服模块母版,1448,1086,d465236745543edf4500c8a811a9ed81864cd948f6de9c2abc06ac024f8eb757
M038,人物身体服装持物,图像/M038_人物身体服装持物.png,2,CHAR-138,婚礼礼服模块母版,1448,1086,d465236745543edf4500c8a811a9ed81864cd948f6de9c2abc06ac024f8eb757
M038,人物身体服装持物,图像/M038_人物身体服装持物.png,3,CHAR-139,丧礼素服模块母版,1448,1086,d465236745543edf4500c8a811a9ed81864cd948f6de9c2abc06ac024f8eb757
M038,人物身体服装持物,图像/M038_人物身体服装持物.png,4,CHAR-140,雨披母版,1448,1086,d465236745543edf4500c8a811a9ed81864cd948f6de9c2abc06ac024f8eb757
M038,人物身体服装持物,图像/M038_人物身体服装持物.png,5,CHAR-141,围巾披肩母版,1448,1086,d465236745543edf4500c8a811a9ed81864cd948f6de9c2abc06ac024f8eb757
M038,人物身体服装持物,图像/M038_人物身体服装持物.png,6,CHAR-142,防护手套母版,1448,1086,d465236745543edf4500c8a811a9ed81864cd948f6de9c2abc06ac024f8eb757
M038,人物身体服装持物,图像/M038_人物身体服装持物.png,7,CHAR-143,水上救生穿戴母版,1448,1086,d465236745543edf4500c8a811a9ed81864cd948f6de9c2abc06ac024f8eb757
M038,人物身体服装持物,图像/M038_人物身体服装持物.png,8,CHAR-144,飞行员护具母版,1448,1086,d465236745543edf4500c8a811a9ed81864cd948f6de9c2abc06ac024f8eb757
M038,人物身体服装持物,图像/M038_人物身体服装持物.png,9,CHAR-145,身体绷带挂件母版,1448,1086,d465236745543edf4500c8a811a9ed81864cd948f6de9c2abc06ac024f8eb757
M038,人物身体服装持物,图像/M038_人物身体服装持物.png,10,CHAR-146,肢体支具母版,1448,1086,d465236745543edf4500c8a811a9ed81864cd948f6de9c2abc06ac024f8eb757
M038,人物身体服装持物,图像/M038_人物身体服装持物.png,11,CHAR-147,旅行背包母版,1448,1086,d465236745543edf4500c8a811a9ed81864cd948f6de9c2abc06ac024f8eb757
M038,人物身体服装持物,图像/M038_人物身体服装持物.png,12,CHAR-148,细体素挎包母版,1448,1086,d465236745543edf4500c8a811a9ed81864cd948f6de9c2abc06ac024f8eb757
M039,人物身体服装持物,图像/M039_人物身体服装持物.png,1,CHAR-149,职业工具腰带母版,1448,1086,f84c8c750a3f471b8fbc6692c6dc9cdf532493720e777af5914bd86098e2b99c
M039,人物身体服装持物,图像/M039_人物身体服装持物.png,2,CHAR-150,职业胸牌腰牌母版,1448,1086,f84c8c750a3f471b8fbc6692c6dc9cdf532493720e777af5914bd86098e2b99c
M039,人物身体服装持物,图像/M039_人物身体服装持物.png,3,CHAR-177,角色手持油纸/科技伞母版,1448,1086,f84c8c750a3f471b8fbc6692c6dc9cdf532493720e777af5914bd86098e2b99c
M039,人物身体服装持物,图像/M039_人物身体服装持物.png,4,CHAR-178,角色手持拐杖母版,1448,1086,f84c8c750a3f471b8fbc6692c6dc9cdf532493720e777af5914bd86098e2b99c
M039,人物身体服装持物,图像/M039_人物身体服装持物.png,5,CHAR-179,角色手持腋拐母版,1448,1086,f84c8c750a3f471b8fbc6692c6dc9cdf532493720e777af5914bd86098e2b99c
M039,人物身体服装持物,图像/M039_人物身体服装持物.png,6,CHAR-180,角色手提购物袋母版,1448,1086,f84c8c750a3f471b8fbc6692c6dc9cdf532493720e777af5914bd86098e2b99c
M039,人物身体服装持物,图像/M039_人物身体服装持物.png,7,CHAR-181,角色手持食品包母版,1448,1086,f84c8c750a3f471b8fbc6692c6dc9cdf532493720e777af5914bd86098e2b99c
M039,人物身体服装持物,图像/M039_人物身体服装持物.png,8,CHAR-182,角色手持餐碗母版,1448,1086,f84c8c750a3f471b8fbc6692c6dc9cdf532493720e777af5914bd86098e2b99c
M039,人物身体服装持物,图像/M039_人物身体服装持物.png,9,CHAR-183,角色手持筷子母版,1448,1086,f84c8c750a3f471b8fbc6692c6dc9cdf532493720e777af5914bd86098e2b99c
M039,人物身体服装持物,图像/M039_人物身体服装持物.png,10,CHAR-184,角色手持茶杯水杯母版,1448,1086,f84c8c750a3f471b8fbc6692c6dc9cdf532493720e777af5914bd86098e2b99c
M039,人物身体服装持物,图像/M039_人物身体服装持物.png,11,CHAR-185,角色手持烹饪勺母版,1448,1086,f84c8c750a3f471b8fbc6692c6dc9cdf532493720e777af5914bd86098e2b99c
M039,人物身体服装持物,图像/M039_人物身体服装持物.png,12,CHAR-186,角色手持扫帚母版,1448,1086,f84c8c750a3f471b8fbc6692c6dc9cdf532493720e777af5914bd86098e2b99c
M040,人物身体服装持物,图像/M040_人物身体服装持物.png,1,CHAR-187,角色手持抹布母版,1448,1086,d52c3d049c4c7ee8c79da6f8a463d54016a39b7a18ea1ed832e2cc446a0c12fa
M040,人物身体服装持物,图像/M040_人物身体服装持物.png,2,CHAR-188,角色提桶母版,1448,1086,d52c3d049c4c7ee8c79da6f8a463d54016a39b7a18ea1ed832e2cc446a0c12fa
M040,人物身体服装持物,图像/M040_人物身体服装持物.png,3,CHAR-189,教师/学生手持书册母版,1448,1086,d52c3d049c4c7ee8c79da6f8a463d54016a39b7a18ea1ed832e2cc446a0c12fa
M040,人物身体服装持物,图像/M040_人物身体服装持物.png,4,CHAR-190,角色手持毛笔母版,1448,1086,d52c3d049c4c7ee8c79da6f8a463d54016a39b7a18ea1ed832e2cc446a0c12fa
M040,人物身体服装持物,图像/M040_人物身体服装持物.png,5,CHAR-191,角色手持终端母版,1448,1086,d52c3d049c4c7ee8c79da6f8a463d54016a39b7a18ea1ed832e2cc446a0c12fa
M040,人物身体服装持物,图像/M040_人物身体服装持物.png,6,CHAR-192,角色手持记录板母版,1448,1086,d52c3d049c4c7ee8c79da6f8a463d54016a39b7a18ea1ed832e2cc446a0c12fa
M040,人物身体服装持物,图像/M040_人物身体服装持物.png,7,CHAR-193,医生佩戴与手持诊察器母版,1448,1086,d52c3d049c4c7ee8c79da6f8a463d54016a39b7a18ea1ed832e2cc446a0c12fa
M040,人物身体服装持物,图像/M040_人物身体服装持物.png,8,CHAR-194,医护提携急救包母版,1448,1086,d52c3d049c4c7ee8c79da6f8a463d54016a39b7a18ea1ed832e2cc446a0c12fa
M040,人物身体服装持物,图像/M040_人物身体服装持物.png,9,CHAR-195,医生手持诊脉/扫描探头母版,1448,1086,d52c3d049c4c7ee8c79da6f8a463d54016a39b7a18ea1ed832e2cc446a0c12fa
M040,人物身体服装持物,图像/M040_人物身体服装持物.png,10,CHAR-196,执勤手持照明器母版,1448,1086,d52c3d049c4c7ee8c79da6f8a463d54016a39b7a18ea1ed832e2cc446a0c12fa
M040,人物身体服装持物,图像/M040_人物身体服装持物.png,11,CHAR-197,执勤手持通信器母版,1448,1086,d52c3d049c4c7ee8c79da6f8a463d54016a39b7a18ea1ed832e2cc446a0c12fa
M040,人物身体服装持物,图像/M040_人物身体服装持物.png,12,CHAR-198,警务手持勤务棍母版,1448,1086,d52c3d049c4c7ee8c79da6f8a463d54016a39b7a18ea1ed832e2cc446a0c12fa
M041,人物身体服装持物、动物及穿戴组件,图像/M041_人物身体服装持物、动物及穿戴组件.png,1,CHAR-199,维修手持扳手母版,1448,1086,ae4f527fc06c6d6b42a494ac0f4b220fc1c1547ca8be40aa19f9cdb4fb276646
M041,人物身体服装持物、动物及穿戴组件,图像/M041_人物身体服装持物、动物及穿戴组件.png,2,CHAR-200,工坊手持锤母版,1448,1086,ae4f527fc06c6d6b42a494ac0f4b220fc1c1547ca8be40aa19f9cdb4fb276646
M041,人物身体服装持物、动物及穿戴组件,图像/M041_人物身体服装持物、动物及穿戴组件.png,3,CHAR-201,农业手持锄母版,1448,1086,ae4f527fc06c6d6b42a494ac0f4b220fc1c1547ca8be40aa19f9cdb4fb276646
M041,人物身体服装持物、动物及穿戴组件,图像/M041_人物身体服装持物、动物及穿戴组件.png,4,CHAR-202,农业手提采收篮母版,1448,1086,ae4f527fc06c6d6b42a494ac0f4b220fc1c1547ca8be40aa19f9cdb4fb276646
M041,人物身体服装持物、动物及穿戴组件,图像/M041_人物身体服装持物、动物及穿戴组件.png,5,CHAR-203,物流手抱包裹母版,1448,1086,ae4f527fc06c6d6b42a494ac0f4b220fc1c1547ca8be40aa19f9cdb4fb276646
M041,人物身体服装持物、动物及穿戴组件,图像/M041_人物身体服装持物、动物及穿戴组件.png,6,CHAR-204,婚恋角色手持花束母版,1448,1086,ae4f527fc06c6d6b42a494ac0f4b220fc1c1547ca8be40aa19f9cdb4fb276646
M041,人物身体服装持物、动物及穿戴组件,图像/M041_人物身体服装持物、动物及穿戴组件.png,7,CHAR-205,葬礼角色手持悼念花母版,1448,1086,ae4f527fc06c6d6b42a494ac0f4b220fc1c1547ca8be40aa19f9cdb4fb276646
M041,人物身体服装持物、动物及穿戴组件,图像/M041_人物身体服装持物、动物及穿戴组件.png,8,CHAR-206,婴儿照护背带母版,1448,1086,ae4f527fc06c6d6b42a494ac0f4b220fc1c1547ca8be40aa19f9cdb4fb276646
M041,人物身体服装持物、动物及穿戴组件,图像/M041_人物身体服装持物、动物及穿戴组件.png,9,CHAR-207,角色手持牵引绳母版,1448,1086,ae4f527fc06c6d6b42a494ac0f4b220fc1c1547ca8be40aa19f9cdb4fb276646
M041,人物身体服装持物、动物及穿戴组件,图像/M041_人物身体服装持物、动物及穿戴组件.png,10,CHAR-208,角色手持宠物喂食包母版,1448,1086,ae4f527fc06c6d6b42a494ac0f4b220fc1c1547ca8be40aa19f9cdb4fb276646
M041,人物身体服装持物、动物及穿戴组件,图像/M041_人物身体服装持物、动物及穿戴组件.png,11,CHAR-306,猫精细体素视觉母版,1448,1086,ae4f527fc06c6d6b42a494ac0f4b220fc1c1547ca8be40aa19f9cdb4fb276646
M041,人物身体服装持物、动物及穿戴组件,图像/M041_人物身体服装持物、动物及穿戴组件.png,12,CHAR-307,犬精细体素视觉母版,1448,1086,ae4f527fc06c6d6b42a494ac0f4b220fc1c1547ca8be40aa19f9cdb4fb276646
M042,动物及穿戴组件,图像/M042_动物及穿戴组件.png,1,CHAR-308,兔精细体素视觉母版,1448,1086,ce17d1e81e12ca0a75df7c5ee9f66dafc24d49ed477935b285e3090e2cc1acaa
M042,动物及穿戴组件,图像/M042_动物及穿戴组件.png,2,CHAR-309,观赏鱼精细体素视觉母版,1448,1086,ce17d1e81e12ca0a75df7c5ee9f66dafc24d49ed477935b285e3090e2cc1acaa
M042,动物及穿戴组件,图像/M042_动物及穿戴组件.png,3,CHAR-310,鸡精细体素视觉母版,1448,1086,ce17d1e81e12ca0a75df7c5ee9f66dafc24d49ed477935b285e3090e2cc1acaa
M042,动物及穿戴组件,图像/M042_动物及穿戴组件.png,4,CHAR-311,鸭精细体素视觉母版,1448,1086,ce17d1e81e12ca0a75df7c5ee9f66dafc24d49ed477935b285e3090e2cc1acaa
M042,动物及穿戴组件,图像/M042_动物及穿戴组件.png,5,CHAR-312,鹅精细体素视觉母版,1448,1086,ce17d1e81e12ca0a75df7c5ee9f66dafc24d49ed477935b285e3090e2cc1acaa
M042,动物及穿戴组件,图像/M042_动物及穿戴组件.png,6,CHAR-313,猪精细体素视觉母版,1448,1086,ce17d1e81e12ca0a75df7c5ee9f66dafc24d49ed477935b285e3090e2cc1acaa
M042,动物及穿戴组件,图像/M042_动物及穿戴组件.png,7,CHAR-314,山羊精细体素视觉母版,1448,1086,ce17d1e81e12ca0a75df7c5ee9f66dafc24d49ed477935b285e3090e2cc1acaa
M042,动物及穿戴组件,图像/M042_动物及穿戴组件.png,8,CHAR-315,牛精细体素视觉母版,1448,1086,ce17d1e81e12ca0a75df7c5ee9f66dafc24d49ed477935b285e3090e2cc1acaa
M042,动物及穿戴组件,图像/M042_动物及穿戴组件.png,9,CHAR-316,山林鹿精细体素视觉母版,1448,1086,ce17d1e81e12ca0a75df7c5ee9f66dafc24d49ed477935b285e3090e2cc1acaa
M042,动物及穿戴组件,图像/M042_动物及穿戴组件.png,10,CHAR-317,野猪精细体素视觉母版,1448,1086,ce17d1e81e12ca0a75df7c5ee9f66dafc24d49ed477935b285e3090e2cc1acaa
M042,动物及穿戴组件,图像/M042_动物及穿戴组件.png,11,CHAR-318,松鼠精细体素视觉母版,1448,1086,ce17d1e81e12ca0a75df7c5ee9f66dafc24d49ed477935b285e3090e2cc1acaa
M042,动物及穿戴组件,图像/M042_动物及穿戴组件.png,12,CHAR-319,山林小鸟精细体素视觉母版,1448,1086,ce17d1e81e12ca0a75df7c5ee9f66dafc24d49ed477935b285e3090e2cc1acaa
M043,动物及穿戴组件,图像/M043_动物及穿戴组件.png,1,CHAR-320,水岸鹭鸟精细体素视觉母版,1448,1086,d1aa9b892e8cc510a1209a983265fb6102a45355528f79522671c0057615ce81
M043,动物及穿戴组件,图像/M043_动物及穿戴组件.png,2,CHAR-321,溪流鱼精细体素视觉母版,1448,1086,d1aa9b892e8cc510a1209a983265fb6102a45355528f79522671c0057615ce81
M043,动物及穿戴组件,图像/M043_动物及穿戴组件.png,3,CHAR-322,蝶精细体素视觉母版,1448,1086,d1aa9b892e8cc510a1209a983265fb6102a45355528f79522671c0057615ce81
M043,动物及穿戴组件,图像/M043_动物及穿戴组件.png,4,CHAR-323,蜂精细体素视觉母版,1448,1086,d1aa9b892e8cc510a1209a983265fb6102a45355528f79522671c0057615ce81
M043,动物及穿戴组件,图像/M043_动物及穿戴组件.png,5,CHAR-324,四足动物骨骼母版,1448,1086,d1aa9b892e8cc510a1209a983265fb6102a45355528f79522671c0057615ce81
M043,动物及穿戴组件,图像/M043_动物及穿戴组件.png,6,CHAR-325,鸟类骨骼母版,1448,1086,d1aa9b892e8cc510a1209a983265fb6102a45355528f79522671c0057615ce81
M043,动物及穿戴组件,图像/M043_动物及穿戴组件.png,7,CHAR-326,鱼类游动骨骼母版,1448,1086,d1aa9b892e8cc510a1209a983265fb6102a45355528f79522671c0057615ce81
M043,动物及穿戴组件,图像/M043_动物及穿戴组件.png,8,CHAR-327,昆虫局部动作母版,1448,1086,d1aa9b892e8cc510a1209a983265fb6102a45355528f79522671c0057615ce81
M043,动物及穿戴组件,图像/M043_动物及穿戴组件.png,9,CHAR-328,宠物项圈母版,1448,1086,d1aa9b892e8cc510a1209a983265fb6102a45355528f79522671c0057615ce81
M043,动物及穿戴组件,图像/M043_动物及穿戴组件.png,10,CHAR-329,宠物名牌母版,1448,1086,d1aa9b892e8cc510a1209a983265fb6102a45355528f79522671c0057615ce81
M043,动物及穿戴组件,图像/M043_动物及穿戴组件.png,11,CHAR-330,宠物胸背带母版,1448,1086,d1aa9b892e8cc510a1209a983265fb6102a45355528f79522671c0057615ce81
M043,动物及穿戴组件,图像/M043_动物及穿戴组件.png,12,CHAR-331,家畜识别佩牌母版,1448,1086,d1aa9b892e8cc510a1209a983265fb6102a45355528f79522671c0057615ce81
M044,建筑与生活空间组合,图像/M044_建筑与生活空间组合.png,1,BUILT-019,住宅错落居住翼与入口庭模板,1448,1086,24cf77da633f9b670b54f365c781c24da875527a5c67dde29a5db612560270d5
M044,建筑与生活空间组合,图像/M044_建筑与生活空间组合.png,2,BUILT-020,市场后厅与三铺前院模板,1448,1086,24cf77da633f9b670b54f365c781c24da875527a5c67dde29a5db612560270d5
M044,建筑与生活空间组合,图像/M044_建筑与生活空间组合.png,3,BUILT-021,工坊大跨生产厅与服务翼模板,1448,1086,24cf77da633f9b670b54f365c781c24da875527a5c67dde29a5db612560270d5
M044,建筑与生活空间组合,图像/M044_建筑与生活空间组合.png,4,BUILT-022,官署书院翼院模板,1448,1086,24cf77da633f9b670b54f365c781c24da875527a5c67dde29a5db612560270d5
M044,建筑与生活空间组合,图像/M044_建筑与生活空间组合.png,5,BUILT-023,金融医疗大厅与服务塔模板,1448,1086,24cf77da633f9b670b54f365c781c24da875527a5c67dde29a5db612560270d5
M044,建筑与生活空间组合,图像/M044_建筑与生活空间组合.png,6,BUILT-024,交通滨水开放候车层与服务翼模板,1448,1086,24cf77da633f9b670b54f365c781c24da875527a5c67dde29a5db612560270d5
M044,建筑与生活空间组合,图像/M044_建筑与生活空间组合.png,7,BUILT-040,六族共享远景轮廓组合母版,1448,1086,24cf77da633f9b670b54f365c781c24da875527a5c67dde29a5db612560270d5
M044,建筑与生活空间组合,图像/M044_建筑与生活空间组合.png,8,BUILT-042,既有四驿六点环式散楼布置语法,1448,1086,24cf77da633f9b670b54f365c781c24da875527a5c67dde29a5db612560270d5
M044,建筑与生活空间组合,图像/M044_建筑与生活空间组合.png,9,BUILT-075,旧中式歇山式长脊飞檐屋顶,1448,1086,24cf77da633f9b670b54f365c781c24da875527a5c67dde29a5db612560270d5
M044,建筑与生活空间组合,图像/M044_建筑与生活空间组合.png,10,BUILT-076,旧中式悬山式屋顶,1448,1086,24cf77da633f9b670b54f365c781c24da875527a5c67dde29a5db612560270d5
M044,建筑与生活空间组合,图像/M044_建筑与生活空间组合.png,11,BUILT-077,旧工业多跨脊与采光带模板,1448,1086,24cf77da633f9b670b54f365c781c24da875527a5c67dde29a5db612560270d5
M044,建筑与生活空间组合,图像/M044_建筑与生活空间组合.png,12,BUILT-078,旧市场主厅脊与两侧平棚模板,1448,1086,24cf77da633f9b670b54f365c781c24da875527a5c67dde29a5db612560270d5
M045,建筑与生活空间组合,图像/M045_建筑与生活空间组合.png,1,BUILT-079,旧钱庄医馆平台采光顶模板,1448,1086,f2240270cdd960b1826163fd7cfd1afd39eb603a62556a93ed4d4b320cdabe08
M045,建筑与生活空间组合,图像/M045_建筑与生活空间组合.png,2,BUILT-080,旧驿站机场三跨中式候车顶模板,1448,1086,f2240270cdd960b1826163fd7cfd1afd39eb603a62556a93ed4d4b320cdabe08
M045,建筑与生活空间组合,图像/M045_建筑与生活空间组合.png,3,BUILT-081,旧渡口低木棚顶模板,1448,1086,f2240270cdd960b1826163fd7cfd1afd39eb603a62556a93ed4d4b320cdabe08
M045,建筑与生活空间组合,图像/M045_建筑与生活空间组合.png,4,BUILT-086,天枢阁五级三十层地标模板,1448,1086,f2240270cdd960b1826163fd7cfd1afd39eb603a62556a93ed4d4b320cdabe08
M045,建筑与生活空间组合,图像/M045_建筑与生活空间组合.png,5,BUILT-087,天枢公务翼院建筑群模板,1448,1086,f2240270cdd960b1826163fd7cfd1afd39eb603a62556a93ed4d4b320cdabe08
M045,建筑与生活空间组合,图像/M045_建筑与生活空间组合.png,6,BUILT-092,天枢前院灯旗铺地组合,1448,1086,f2240270cdd960b1826163fd7cfd1afd39eb603a62556a93ed4d4b320cdabe08
M045,建筑与生活空间组合,图像/M045_建筑与生活空间组合.png,7,BUILT-093,可登临观云亭双层屋盖模板,1448,1086,f2240270cdd960b1826163fd7cfd1afd39eb603a62556a93ed4d4b320cdabe08
M045,建筑与生活空间组合,图像/M045_建筑与生活空间组合.png,8,BUILT-161,既有地面道路连接语法,1448,1086,f2240270cdd960b1826163fd7cfd1afd39eb603a62556a93ed4d4b320cdabe08
M045,建筑与生活空间组合,图像/M045_建筑与生活空间组合.png,9,BUILT-162,既有跨城高架轨道语法,1448,1086,f2240270cdd960b1826163fd7cfd1afd39eb603a62556a93ed4d4b320cdabe08
M045,建筑与生活空间组合,图像/M045_建筑与生活空间组合.png,10,BUILT-163,既有山顶缆车连接语法,1448,1086,f2240270cdd960b1826163fd7cfd1afd39eb603a62556a93ed4d4b320cdabe08
M045,建筑与生活空间组合,图像/M045_建筑与生活空间组合.png,11,BUILT-164,既有151m崖底至崖上升降连接,1448,1086,f2240270cdd960b1826163fd7cfd1afd39eb603a62556a93ed4d4b320cdabe08
M045,建筑与生活空间组合,图像/M045_建筑与生活空间组合.png,12,BUILT-165,既有溪谷水运泊点与线路语法,1448,1086,f2240270cdd960b1826163fd7cfd1afd39eb603a62556a93ed4d4b320cdabe08
M046,建筑与生活空间组合,图像/M046_建筑与生活空间组合.png,1,BUILT-166,既有机场站至跑道道路连接,1448,1086,e05b7a551aefc00b8d1acb7789d7357658e211bbd108b5f7755926640338ef82
M046,建筑与生活空间组合,图像/M046_建筑与生活空间组合.png,2,BUILT-167,既有跑道起降公共航线模板,1448,1086,e05b7a551aefc00b8d1acb7789d7357658e211bbd108b5f7755926640338ef82
M046,建筑与生活空间组合,图像/M046_建筑与生活空间组合.png,3,BUILT-169,既有公共交通三块载具体代理母版,1448,1086,e05b7a551aefc00b8d1acb7789d7357658e211bbd108b5f7755926640338ef82
M046,建筑与生活空间组合,图像/M046_建筑与生活空间组合.png,4,BUILT-181,城市7m无人机租用机位母版,1448,1086,e05b7a551aefc00b8d1acb7789d7357658e211bbd108b5f7755926640338ef82
M046,建筑与生活空间组合,图像/M046_建筑与生活空间组合.png,5,BUILT-184,城市可租乘四旋翼本体模板,1448,1086,e05b7a551aefc00b8d1acb7789d7357658e211bbd108b5f7755926640338ef82
M046,建筑与生活空间组合,图像/M046_建筑与生活空间组合.png,6,BUILT-185,机场可驾驶勤务飞机本体模板,1448,1086,e05b7a551aefc00b8d1acb7789d7357658e211bbd108b5f7755926640338ef82
M046,建筑与生活空间组合,图像/M046_建筑与生活空间组合.png,7,BUILT-204,453m天枢高桥共享结构实验模板,1448,1086,e05b7a551aefc00b8d1acb7789d7357658e211bbd108b5f7755926640338ef82
M046,建筑与生活空间组合,图像/M046_建筑与生活空间组合.png,8,BUILT-211,52m市集实体街台实验模板,1448,1086,e05b7a551aefc00b8d1acb7789d7357658e211bbd108b5f7755926640338ef82
M046,建筑与生活空间组合,图像/M046_建筑与生活空间组合.png,9,BUILT-220,未来中式现代塔冠结构母版,1448,1086,e05b7a551aefc00b8d1acb7789d7357658e211bbd108b5f7755926640338ef82
M046,建筑与生活空间组合,图像/M046_建筑与生活空间组合.png,10,BUILT-221,现代CBD分层裙房与公共入口母版,1448,1086,e05b7a551aefc00b8d1acb7789d7357658e211bbd108b5f7755926640338ef82
M046,建筑与生活空间组合,图像/M046_建筑与生活空间组合.png,11,BUILT-222,中央现代高密CBD超高主塔模板,1448,1086,e05b7a551aefc00b8d1acb7789d7357658e211bbd108b5f7755926640338ef82
M046,建筑与生活空间组合,图像/M046_建筑与生活空间组合.png,12,BUILT-223,CBD玻璃金属次塔群模板,1448,1086,e05b7a551aefc00b8d1acb7789d7357658e211bbd108b5f7755926640338ef82
M047,建筑与生活空间组合,图像/M047_建筑与生活空间组合.png,1,BUILT-224,现代塔间可用空中连廊模板,1448,1086,50ebd704893e34f6f9312b4594a41667e95c8aaa9e738c5989889b1f9ce3b023
M047,建筑与生活空间组合,图像/M047_建筑与生活空间组合.png,2,BUILT-226,CBD公共交通与塔裙换乘模板,1448,1086,50ebd704893e34f6f9312b4594a41667e95c8aaa9e738c5989889b1f9ce3b023
M047,建筑与生活空间组合,图像/M047_建筑与生活空间组合.png,3,BUILT-227,连续中低层街屋开间母版,1448,1086,50ebd704893e34f6f9312b4594a41667e95c8aaa9e738c5989889b1f9ce3b023
M047,建筑与生活空间组合,图像/M047_建筑与生活空间组合.png,4,BUILT-228,转角街屋与角部开口母版,1448,1086,50ebd704893e34f6f9312b4594a41667e95c8aaa9e738c5989889b1f9ce3b023
M047,建筑与生活空间组合,图像/M047_建筑与生活空间组合.png,5,BUILT-229,连续街屋庭院组合语法,1448,1086,50ebd704893e34f6f9312b4594a41667e95c8aaa9e738c5989889b1f9ce3b023
M047,建筑与生活空间组合,图像/M047_建筑与生活空间组合.png,6,BUILT-230,CBD对侧大庭院与层次院墙模板,1448,1086,50ebd704893e34f6f9312b4594a41667e95c8aaa9e738c5989889b1f9ce3b023
M047,建筑与生活空间组合,图像/M047_建筑与生活空间组合.png,7,BUILT-231,书院多进低翼与连续回廊模板,1448,1086,50ebd704893e34f6f9312b4594a41667e95c8aaa9e738c5989889b1f9ce3b023
M047,建筑与生活空间组合,图像/M047_建筑与生活空间组合.png,8,BUILT-236,临街薄檐柱廊可用模块,1448,1086,50ebd704893e34f6f9312b4594a41667e95c8aaa9e738c5989889b1f9ce3b023
M047,建筑与生活空间组合,图像/M047_建筑与生活空间组合.png,9,BUILT-237,现代塔顶机电/可用层入口壳,1448,1086,50ebd704893e34f6f9312b4594a41667e95c8aaa9e738c5989889b1f9ce3b023
M047,建筑与生活空间组合,图像/M047_建筑与生活空间组合.png,10,BUILT-238,未来中式悬浮檐廊结构母版,1448,1086,50ebd704893e34f6f9312b4594a41667e95c8aaa9e738c5989889b1f9ce3b023
M047,建筑与生活空间组合,图像/M047_建筑与生活空间组合.png,11,BUILT-239,未来建筑磁悬浮基座结构母版,1448,1086,50ebd704893e34f6f9312b4594a41667e95c8aaa9e738c5989889b1f9ce3b023
M047,建筑与生活空间组合,图像/M047_建筑与生活空间组合.png,12,BUILT-265,谷地机场平展航站楼组合母版,1448,1086,50ebd704893e34f6f9312b4594a41667e95c8aaa9e738c5989889b1f9ce3b023
M048,建筑与生活空间组合,图像/M048_建筑与生活空间组合.png,1,BUILT-266,机场独立空管塔台模板,1448,1086,5dc46fd594db5a91b91db5142820dbc1e3d788594bf124b068747729a734d89d
M048,建筑与生活空间组合,图像/M048_建筑与生活空间组合.png,2,BUILT-267,机场共享实体机坪模板,1448,1086,5dc46fd594db5a91b91db5142820dbc1e3d788594bf124b068747729a734d89d
M048,建筑与生活空间组合,图像/M048_建筑与生活空间组合.png,3,BUILT-271,机场机库与勤务建筑模板,1448,1086,5dc46fd594db5a91b91db5142820dbc1e3d788594bf124b068747729a734d89d
M048,建筑与生活空间组合,图像/M048_建筑与生活空间组合.png,4,BUILT-275,星港实体发射台及着陆承台,1448,1086,5dc46fd594db5a91b91db5142820dbc1e3d788594bf124b068747729a734d89d
M048,建筑与生活空间组合,图像/M048_建筑与生活空间组合.png,5,BUILT-277,星际客运飞船本体母版,1448,1086,5dc46fd594db5a91b91db5142820dbc1e3d788594bf124b068747729a734d89d
M048,建筑与生活空间组合,图像/M048_建筑与生活空间组合.png,6,BUILT-279,可进入驾驶的城市公交本体母版,1448,1086,5dc46fd594db5a91b91db5142820dbc1e3d788594bf124b068747729a734d89d
M048,建筑与生活空间组合,图像/M048_建筑与生活空间组合.png,7,BUILT-280,城市有限库存货运车本体母版,1448,1086,5dc46fd594db5a91b91db5142820dbc1e3d788594bf124b068747729a734d89d
M048,建筑与生活空间组合,图像/M048_建筑与生活空间组合.png,8,BUILT-281,磁浮和轻轨列车车厢母版,1448,1086,5dc46fd594db5a91b91db5142820dbc1e3d788594bf124b068747729a734d89d
M048,建筑与生活空间组合,图像/M048_建筑与生活空间组合.png,9,BUILT-282,可登离缆车轿厢与吊架母版,1448,1086,5dc46fd594db5a91b91db5142820dbc1e3d788594bf124b068747729a734d89d
M048,建筑与生活空间组合,图像/M048_建筑与生活空间组合.png,10,BUILT-283,崖壁升降乘舱精细母版,1448,1086,5dc46fd594db5a91b91db5142820dbc1e3d788594bf124b068747729a734d89d
M048,建筑与生活空间组合,图像/M048_建筑与生活空间组合.png,11,BUILT-284,可登离溪谷渡船本体母版,1448,1086,5dc46fd594db5a91b91db5142820dbc1e3d788594bf124b068747729a734d89d
M048,建筑与生活空间组合,图像/M048_建筑与生活空间组合.png,12,BUILT-285,机场公共客运飞机完整本体母版,1448,1086,5dc46fd594db5a91b91db5142820dbc1e3d788594bf124b068747729a734d89d
M049,建筑与生活空间组合,图像/M049_建筑与生活空间组合.png,1,BUILT-298,机场移动登机梯实体道具,1448,1086,4110cac4eb2d6822921619b819ddf642f8b13cdb600a6719518dcc54dafb71ed
M049,建筑与生活空间组合,图像/M049_建筑与生活空间组合.png,2,BUILT-299,机场牵引车本体与拖杆,1448,1086,4110cac4eb2d6822921619b819ddf642f8b13cdb600a6719518dcc54dafb71ed
M049,建筑与生活空间组合,图像/M049_建筑与生活空间组合.png,3,BUILT-305,其余三桥共享承力结构母版,1448,1086,4110cac4eb2d6822921619b819ddf642f8b13cdb600a6719518dcc54dafb71ed
M049,建筑与生活空间组合,图像/M049_建筑与生活空间组合.png,4,BUILT-306,多层高架道路轨道共享支承模板,1448,1086,4110cac4eb2d6822921619b819ddf642f8b13cdb600a6719518dcc54dafb71ed
M049,建筑与生活空间组合,图像/M049_建筑与生活空间组合.png,5,BUILT-311,站台棚柱入口共享实体模板,1448,1086,4110cac4eb2d6822921619b819ddf642f8b13cdb600a6719518dcc54dafb71ed
M049,建筑与生活空间组合,图像/M049_建筑与生活空间组合.png,6,BUILT-313,顺山分层山路和发卡弯语法,1448,1086,4110cac4eb2d6822921619b819ddf642f8b13cdb600a6719518dcc54dafb71ed
M049,建筑与生活空间组合,图像/M049_建筑与生活空间组合.png,7,BUILT-314,高架之下真实生活交通场所模板,1448,1086,4110cac4eb2d6822921619b819ddf642f8b13cdb600a6719518dcc54dafb71ed
M049,建筑与生活空间组合,图像/M049_建筑与生活空间组合.png,8,ENV-002,分块近远地形壳组合,1448,1086,4110cac4eb2d6822921619b819ddf642f8b13cdb600a6719518dcc54dafb71ed
M049,建筑与生活空间组合,图像/M049_建筑与生活空间组合.png,9,ENV-003,既有群山底形配方,1448,1086,4110cac4eb2d6822921619b819ddf642f8b13cdb600a6719518dcc54dafb71ed
M049,建筑与生活空间组合,图像/M049_建筑与生活空间组合.png,10,ENV-004,不规则多峰连续山脊场景母版,1448,1086,4110cac4eb2d6822921619b819ddf642f8b13cdb600a6719518dcc54dafb71ed
M049,建筑与生活空间组合,图像/M049_建筑与生活空间组合.png,11,ENV-009,贯穿城区深谷场景母版,1448,1086,4110cac4eb2d6822921619b819ddf642f8b13cdb600a6719518dcc54dafb71ed
M049,建筑与生活空间组合,图像/M049_建筑与生活空间组合.png,12,ENV-025,多岭崖城与瀑谷景观组合,1448,1086,4110cac4eb2d6822921619b819ddf642f8b13cdb600a6719518dcc54dafb71ed
M050,建筑与生活空间组合,图像/M050_建筑与生活空间组合.png,1,ENV-030,不规则深潭岸床组合,1448,1086,fc3606d5fbfb42b54f178c42f615af1bccade28ae0eccdc7028f9467b4d5e809
M050,建筑与生活空间组合,图像/M050_建筑与生活空间组合.png,2,ENV-031,多瀑支流汇入主河场景模板,1448,1086,fc3606d5fbfb42b54f178c42f615af1bccade28ae0eccdc7028f9467b4d5e809
M050,建筑与生活空间组合,图像/M050_建筑与生活空间组合.png,3,ENV-036,浅滩砾洲与深浅水交界组合,1448,1086,fc3606d5fbfb42b54f178c42f615af1bccade28ae0eccdc7028f9467b4d5e809
M050,建筑与生活空间组合,图像/M050_建筑与生活空间组合.png,4,ENV-049,码头前水岸地形与泊水组合,1448,1086,fc3606d5fbfb42b54f178c42f615af1bccade28ae0eccdc7028f9467b4d5e809
M050,建筑与生活空间组合,图像/M050_建筑与生活空间组合.png,5,ENV-053,城区林缘与山肩林带组合,1448,1086,fc3606d5fbfb42b54f178c42f615af1bccade28ae0eccdc7028f9467b4d5e809
M050,建筑与生活空间组合,图像/M050_建筑与生活空间组合.png,6,ENV-070,竹林林下生态组合,1448,1086,fc3606d5fbfb42b54f178c42f615af1bccade28ae0eccdc7028f9467b4d5e809
M050,建筑与生活空间组合,图像/M050_建筑与生活空间组合.png,7,ENV-071,针阔混交与山地分区群落组合,1448,1086,fc3606d5fbfb42b54f178c42f615af1bccade28ae0eccdc7028f9467b4d5e809
M050,建筑与生活空间组合,图像/M050_建筑与生活空间组合.png,8,ENV-072,街院边界绿化与垂直绿化组合,1448,1086,fc3606d5fbfb42b54f178c42f615af1bccade28ae0eccdc7028f9467b4d5e809
M050,建筑与生活空间组合,图像/M050_建筑与生活空间组合.png,9,ENV-076,野生鸟鱼昆虫视觉表现范围,1448,1086,fc3606d5fbfb42b54f178c42f615af1bccade28ae0eccdc7028f9467b4d5e809
M050,建筑与生活空间组合,图像/M050_建筑与生活空间组合.png,10,ENV-079,局部连续街院台地组合,1448,1086,fc3606d5fbfb42b54f178c42f615af1bccade28ae0eccdc7028f9467b4d5e809
M050,建筑与生活空间组合,图像/M050_建筑与生活空间组合.png,11,ENV-080,市集52m实体街台接地候选,1448,1086,fc3606d5fbfb42b54f178c42f615af1bccade28ae0eccdc7028f9467b4d5e809
M050,建筑与生活空间组合,图像/M050_建筑与生活空间组合.png,12,ENV-087,街面入口台基与步阶过渡组合,1448,1086,fc3606d5fbfb42b54f178c42f615af1bccade28ae0eccdc7028f9467b4d5e809
M051,建筑与生活空间组合,图像/M051_建筑与生活空间组合.png,1,ENV-089,山道切坡石壁与护坡组合,1448,1086,20738d740c580d126dffd89b4ca90c1a770338e42ad173b3a02519d0c735ec1e
M051,建筑与生活空间组合,图像/M051_建筑与生活空间组合.png,2,ENV-090,桥接岸与基础地形衔接模板,1448,1086,20738d740c580d126dffd89b4ca90c1a770338e42ad173b3a02519d0c735ec1e
M051,建筑与生活空间组合,图像/M051_建筑与生活空间组合.png,3,ENV-093,建筑街台河谷接地整合模板,1448,1086,20738d740c580d126dffd89b4ca90c1a770338e42ad173b3a02519d0c735ec1e
M051,建筑与生活空间组合,图像/M051_建筑与生活空间组合.png,4,ENV-099,公共石桌与休憩组合,1448,1086,20738d740c580d126dffd89b4ca90c1a770338e42ad173b3a02519d0c735ec1e
M051,建筑与生活空间组合,图像/M051_建筑与生活空间组合.png,5,ENV-100,庭园景石与叠石组合,1448,1086,20738d740c580d126dffd89b4ca90c1a770338e42ad173b3a02519d0c735ec1e
M051,建筑与生活空间组合,图像/M051_建筑与生活空间组合.png,6,ENV-101,崖边观景平台与停留口模板,1448,1086,20738d740c580d126dffd89b4ca90c1a770338e42ad173b3a02519d0c735ec1e
M051,建筑与生活空间组合,图像/M051_建筑与生活空间组合.png,7,ENV-102,登山游步与林间停留组合,1448,1086,20738d740c580d126dffd89b4ca90c1a770338e42ad173b3a02519d0c735ec1e
M051,建筑与生活空间组合,图像/M051_建筑与生活空间组合.png,8,ENV-103,滨水与崖边景观护栏布置模板,1448,1086,20738d740c580d126dffd89b4ca90c1a770338e42ad173b3a02519d0c735ec1e
M051,建筑与生活空间组合,图像/M051_建筑与生活空间组合.png,9,ENV-106,公共观景导览与场所标识模板,1448,1086,20738d740c580d126dffd89b4ca90c1a770338e42ad173b3a02519d0c735ec1e
M051,建筑与生活空间组合,图像/M051_建筑与生活空间组合.png,10,ENV-107,中式庭园与溪岸公园模板,1448,1086,20738d740c580d126dffd89b4ca90c1a770338e42ad173b3a02519d0c735ec1e
M051,建筑与生活空间组合,图像/M051_建筑与生活空间组合.png,11,ENV-108,街院小广场与公共活动模板,1448,1086,20738d740c580d126dffd89b4ca90c1a770338e42ad173b3a02519d0c735ec1e
M051,建筑与生活空间组合,图像/M051_建筑与生活空间组合.png,12,ENV-109,滨水驳岸园路与休憩模板,1448,1086,20738d740c580d126dffd89b4ca90c1a770338e42ad173b3a02519d0c735ec1e
M052,建筑与生活空间组合,图像/M052_建筑与生活空间组合.png,1,ENV-115,太阳月光半球光昼夜组合,1448,1086,ce1922ec149f512d89991984bb96e9c9fcf92540fdc67c024dc28dbbcb8abb86
M052,建筑与生活空间组合,图像/M052_建筑与生活空间组合.png,2,ENV-121,晴云雨雾天气云量组合,1448,1086,ce1922ec149f512d89991984bb96e9c9fcf92540fdc67c024dc28dbbcb8abb86
M052,建筑与生活空间组合,图像/M052_建筑与生活空间组合.png,3,ENV-126,地形贴合谷雾与崖间云海模板,1448,1086,ce1922ec149f512d89991984bb96e9c9fcf92540fdc67c024dc28dbbcb8abb86
M052,建筑与生活空间组合,图像/M052_建筑与生活空间组合.png,4,ENV-129,风向与环境风场表现模板,1448,1086,ce1922ec149f512d89991984bb96e9c9fcf92540fdc67c024dc28dbbcb8abb86
M052,建筑与生活空间组合,图像/M052_建筑与生活空间组合.png,5,ENV-130,低温雪霜与季节环境表现范围,1448,1086,ce1922ec149f512d89991984bb96e9c9fcf92540fdc67c024dc28dbbcb8abb86
M052,建筑与生活空间组合,图像/M052_建筑与生活空间组合.png,6,ENV-132,灾后淤积冲刷与植被损伤组合,1448,1086,ce1922ec149f512d89991984bb96e9c9fcf92540fdc67c024dc28dbbcb8abb86
M052,建筑与生活空间组合,图像/M052_建筑与生活空间组合.png,7,ENV-133,场景接触阴影与体素材质照明预设,1448,1086,ce1922ec149f512d89991984bb96e9c9fcf92540fdc67c024dc28dbbcb8abb86
M052,建筑与生活空间组合,图像/M052_建筑与生活空间组合.png,8,ENV-135,可搬盆景容器与植株组合,1448,1086,ce1922ec149f512d89991984bb96e9c9fcf92540fdc67c024dc28dbbcb8abb86
M052,建筑与生活空间组合,图像/M052_建筑与生活空间组合.png,9,LIFE-058,住宅卧室配置,1448,1086,ce1922ec149f512d89991984bb96e9c9fcf92540fdc67c024dc28dbbcb8abb86
M052,建筑与生活空间组合,图像/M052_建筑与生活空间组合.png,10,LIFE-059,住宅起居室配置,1448,1086,ce1922ec149f512d89991984bb96e9c9fcf92540fdc67c024dc28dbbcb8abb86
M052,建筑与生活空间组合,图像/M052_建筑与生活空间组合.png,11,LIFE-060,住宅办公角配置,1448,1086,ce1922ec149f512d89991984bb96e9c9fcf92540fdc67c024dc28dbbcb8abb86
M052,建筑与生活空间组合,图像/M052_建筑与生活空间组合.png,12,LIFE-061,住宅餐厨配置,1448,1086,ce1922ec149f512d89991984bb96e9c9fcf92540fdc67c024dc28dbbcb8abb86
M053,建筑与生活空间组合,图像/M053_建筑与生活空间组合.png,1,LIFE-062,住宅卫生间配置,1448,1086,20029c35deee0997d91f647bb12f2a6741827533aec581d34de81c8cc39cf5f6
M053,建筑与生活空间组合,图像/M053_建筑与生活空间组合.png,2,LIFE-063,家庭共享储物配置,1448,1086,20029c35deee0997d91f647bb12f2a6741827533aec581d34de81c8cc39cf5f6
M053,建筑与生活空间组合,图像/M053_建筑与生活空间组合.png,3,LIFE-097,山居菜饭菜品陈列,1448,1086,20029c35deee0997d91f647bb12f2a6741827533aec581d34de81c8cc39cf5f6
M053,建筑与生活空间组合,图像/M053_建筑与生活空间组合.png,4,LIFE-098,清溪鱼汤菜品陈列,1448,1086,20029c35deee0997d91f647bb12f2a6741827533aec581d34de81c8cc39cf5f6
M053,建筑与生活空间组合,图像/M053_建筑与生活空间组合.png,5,LIFE-099,云山团圆宴菜品陈列,1448,1086,20029c35deee0997d91f647bb12f2a6741827533aec581d34de81c8cc39cf5f6
M053,建筑与生活空间组合,图像/M053_建筑与生活空间组合.png,6,LIFE-100,市场摊铺配置,1448,1086,20029c35deee0997d91f647bb12f2a6741827533aec581d34de81c8cc39cf5f6
M053,建筑与生活空间组合,图像/M053_建筑与生活空间组合.png,7,LIFE-101,零售商店配置,1448,1086,20029c35deee0997d91f647bb12f2a6741827533aec581d34de81c8cc39cf5f6
M053,建筑与生活空间组合,图像/M053_建筑与生活空间组合.png,8,LIFE-102,餐馆厨房配置,1448,1086,20029c35deee0997d91f647bb12f2a6741827533aec581d34de81c8cc39cf5f6
M053,建筑与生活空间组合,图像/M053_建筑与生活空间组合.png,9,LIFE-103,工坊工位配置,1448,1086,20029c35deee0997d91f647bb12f2a6741827533aec581d34de81c8cc39cf5f6
M053,建筑与生活空间组合,图像/M053_建筑与生活空间组合.png,10,LIFE-104,仓库货位配置,1448,1086,20029c35deee0997d91f647bb12f2a6741827533aec581d34de81c8cc39cf5f6
M053,建筑与生活空间组合,图像/M053_建筑与生活空间组合.png,11,LIFE-105,公共有限粮食柜台配置,1448,1086,20029c35deee0997d91f647bb12f2a6741827533aec581d34de81c8cc39cf5f6
M053,建筑与生活空间组合,图像/M053_建筑与生活空间组合.png,12,LIFE-128,普通教室配置,1448,1086,20029c35deee0997d91f647bb12f2a6741827533aec581d34de81c8cc39cf5f6
M054,建筑与生活空间组合,图像/M054_建筑与生活空间组合.png,1,LIFE-129,公开课程与考试配置,1448,1086,1eaf54e79d4944d621af45281f19347d898d62478afbb7aefc16fdc1b6c857c4
M054,建筑与生活空间组合,图像/M054_建筑与生活空间组合.png,2,LIFE-130,图书阅览室配置,1448,1086,1eaf54e79d4944d621af45281f19347d898d62478afbb7aefc16fdc1b6c857c4
M054,建筑与生活空间组合,图像/M054_建筑与生活空间组合.png,3,LIFE-131,文学写作工位配置,1448,1086,1eaf54e79d4944d621af45281f19347d898d62478afbb7aefc16fdc1b6c857c4
M054,建筑与生活空间组合,图像/M054_建筑与生活空间组合.png,4,LIFE-132,绘画创作工位配置,1448,1086,1eaf54e79d4944d621af45281f19347d898d62478afbb7aefc16fdc1b6c857c4
M054,建筑与生活空间组合,图像/M054_建筑与生活空间组合.png,5,LIFE-133,科研实验室配置,1448,1086,1eaf54e79d4944d621af45281f19347d898d62478afbb7aefc16fdc1b6c857c4
M054,建筑与生活空间组合,图像/M054_建筑与生活空间组合.png,6,LIFE-134,能源调度室配置,1448,1086,1eaf54e79d4944d621af45281f19347d898d62478afbb7aefc16fdc1b6c857c4
M054,建筑与生活空间组合,图像/M054_建筑与生活空间组合.png,7,LIFE-135,数据机房配置,1448,1086,1eaf54e79d4944d621af45281f19347d898d62478afbb7aefc16fdc1b6c857c4
M054,建筑与生活空间组合,图像/M054_建筑与生活空间组合.png,8,LIFE-136,门诊诊室配置,1448,1086,1eaf54e79d4944d621af45281f19347d898d62478afbb7aefc16fdc1b6c857c4
M054,建筑与生活空间组合,图像/M054_建筑与生活空间组合.png,9,LIFE-137,病房与照护配置,1448,1086,1eaf54e79d4944d621af45281f19347d898d62478afbb7aefc16fdc1b6c857c4
M054,建筑与生活空间组合,图像/M054_建筑与生活空间组合.png,10,LIFE-138,药房服务配置,1448,1086,1eaf54e79d4944d621af45281f19347d898d62478afbb7aefc16fdc1b6c857c4
M054,建筑与生活空间组合,图像/M054_建筑与生活空间组合.png,11,LIFE-139,应急医护工位配置,1448,1086,1eaf54e79d4944d621af45281f19347d898d62478afbb7aefc16fdc1b6c857c4
M054,建筑与生活空间组合,图像/M054_建筑与生活空间组合.png,12,LIFE-160,公开议事大厅配置,1448,1086,1eaf54e79d4944d621af45281f19347d898d62478afbb7aefc16fdc1b6c857c4
M055,建筑与生活空间组合,图像/M055_建筑与生活空间组合.png,1,LIFE-161,市长/公务办公配置,1448,1086,87a756d5deb81a239133ce6109320ed20b8f5dd2602fafaa40e96305a1fe93ae
M055,建筑与生活空间组合,图像/M055_建筑与生活空间组合.png,2,LIFE-162,预算金库内室配置,1448,1086,87a756d5deb81a239133ce6109320ed20b8f5dd2602fafaa40e96305a1fe93ae
M055,建筑与生活空间组合,图像/M055_建筑与生活空间组合.png,3,LIFE-163,公共档案阅览配置,1448,1086,87a756d5deb81a239133ce6109320ed20b8f5dd2602fafaa40e96305a1fe93ae
M055,建筑与生活空间组合,图像/M055_建筑与生活空间组合.png,4,LIFE-164,使节会客配置,1448,1086,87a756d5deb81a239133ce6109320ed20b8f5dd2602fafaa40e96305a1fe93ae
M055,建筑与生活空间组合,图像/M055_建筑与生活空间组合.png,5,LIFE-165,警务调度室配置,1448,1086,87a756d5deb81a239133ce6109320ed20b8f5dd2602fafaa40e96305a1fe93ae
M055,建筑与生活空间组合,图像/M055_建筑与生活空间组合.png,6,LIFE-166,司法审判庭配置,1448,1086,87a756d5deb81a239133ce6109320ed20b8f5dd2602fafaa40e96305a1fe93ae
M055,建筑与生活空间组合,图像/M055_建筑与生活空间组合.png,7,LIFE-167,羁押/监所内室配置,1448,1086,87a756d5deb81a239133ce6109320ed20b8f5dd2602fafaa40e96305a1fe93ae
M055,建筑与生活空间组合,图像/M055_建筑与生活空间组合.png,8,LIFE-168,移民/福利服务配置,1448,1086,87a756d5deb81a239133ce6109320ed20b8f5dd2602fafaa40e96305a1fe93ae
M055,建筑与生活空间组合,图像/M055_建筑与生活空间组合.png,9,LIFE-201,画展/艺术空间配置,1448,1086,87a756d5deb81a239133ce6109320ed20b8f5dd2602fafaa40e96305a1fe93ae
M055,建筑与生活空间组合,图像/M055_建筑与生活空间组合.png,10,LIFE-202,诗文阅读发布配置,1448,1086,87a756d5deb81a239133ce6109320ed20b8f5dd2602fafaa40e96305a1fe93ae
M055,建筑与生活空间组合,图像/M055_建筑与生活空间组合.png,11,LIFE-203,音乐演出配置,1448,1086,87a756d5deb81a239133ce6109320ed20b8f5dd2602fafaa40e96305a1fe93ae
M055,建筑与生活空间组合,图像/M055_建筑与生活空间组合.png,12,LIFE-204,信仰礼仪场所配置,1448,1086,87a756d5deb81a239133ce6109320ed20b8f5dd2602fafaa40e96305a1fe93ae
M056,建筑与生活空间组合、角色与动物组合,图像/M056_建筑与生活空间组合、角色与动物组合.png,1,LIFE-205,哲学交流配置,1448,1086,47060a881c571f7a7f5faa856384737d071a9a39dc6fa7d9a1b1febc53a7af39
M056,建筑与生活空间组合、角色与动物组合,图像/M056_建筑与生活空间组合、角色与动物组合.png,2,LIFE-206,娱乐/棋牌室配置,1448,1086,47060a881c571f7a7f5faa856384737d071a9a39dc6fa7d9a1b1febc53a7af39
M056,建筑与生活空间组合、角色与动物组合,图像/M056_建筑与生活空间组合、角色与动物组合.png,3,LIFE-207,体育活动场地配置,1448,1086,47060a881c571f7a7f5faa856384737d071a9a39dc6fa7d9a1b1febc53a7af39
M056,建筑与生活空间组合、角色与动物组合,图像/M056_建筑与生活空间组合、角色与动物组合.png,4,LIFE-208,节庆公共空间配置,1448,1086,47060a881c571f7a7f5faa856384737d071a9a39dc6fa7d9a1b1febc53a7af39
M056,建筑与生活空间组合、角色与动物组合,图像/M056_建筑与生活空间组合、角色与动物组合.png,5,LIFE-209,婚礼现场配置,1448,1086,47060a881c571f7a7f5faa856384737d071a9a39dc6fa7d9a1b1febc53a7af39
M056,建筑与生活空间组合、角色与动物组合,图像/M056_建筑与生活空间组合、角色与动物组合.png,6,LIFE-210,葬仪现场配置,1448,1086,47060a881c571f7a7f5faa856384737d071a9a39dc6fa7d9a1b1febc53a7af39
M056,建筑与生活空间组合、角色与动物组合,图像/M056_建筑与生活空间组合、角色与动物组合.png,7,LIFE-211,社区茶室配置,1448,1086,47060a881c571f7a7f5faa856384737d071a9a39dc6fa7d9a1b1febc53a7af39
M056,建筑与生活空间组合、角色与动物组合,图像/M056_建筑与生活空间组合、角色与动物组合.png,8,LIFE-212,家庭家务动线配置,1448,1086,47060a881c571f7a7f5faa856384737d071a9a39dc6fa7d9a1b1febc53a7af39
M056,建筑与生活空间组合、角色与动物组合,图像/M056_建筑与生活空间组合、角色与动物组合.png,9,LIFE-213,游客接待空间配置,1448,1086,47060a881c571f7a7f5faa856384737d071a9a39dc6fa7d9a1b1febc53a7af39
M056,建筑与生活空间组合、角色与动物组合,图像/M056_建筑与生活空间组合、角色与动物组合.png,10,LIFE-214,宠物家庭空间配置,1448,1086,47060a881c571f7a7f5faa856384737d071a9a39dc6fa7d9a1b1febc53a7af39
M056,建筑与生活空间组合、角色与动物组合,图像/M056_建筑与生活空间组合、角色与动物组合.png,11,LIFE-228,住宅长槽内三株茎花粗组合,1448,1086,47060a881c571f7a7f5faa856384737d071a9a39dc6fa7d9a1b1febc53a7af39
M056,建筑与生活空间组合、角色与动物组合,图像/M056_建筑与生活空间组合、角色与动物组合.png,12,CHAR-001,现有居民近景程序组合母版,1448,1086,47060a881c571f7a7f5faa856384737d071a9a39dc6fa7d9a1b1febc53a7af39
M057,角色与动物组合,图像/M057_角色与动物组合.png,1,CHAR-016,现有居民远景程序组合,1448,1086,17a32523734f7a31141a8b2020f974e501bb5e7b5f08c4dcdcaeb7aca5d3945d
M057,角色与动物组合,图像/M057_角色与动物组合.png,2,CHAR-151,外星旅行者可复用穿搭组合,1448,1086,17a32523734f7a31141a8b2020f974e501bb5e7b5f08c4dcdcaeb7aca5d3945d
M057,角色与动物组合,图像/M057_角色与动物组合.png,3,CHAR-152,普通市民可复用穿搭组合,1448,1086,17a32523734f7a31141a8b2020f974e501bb5e7b5f08c4dcdcaeb7aca5d3945d
M057,角色与动物组合,图像/M057_角色与动物组合.png,4,CHAR-153,警察可复用穿搭组合,1448,1086,17a32523734f7a31141a8b2020f974e501bb5e7b5f08c4dcdcaeb7aca5d3945d
M057,角色与动物组合,图像/M057_角色与动物组合.png,5,CHAR-154,士兵守卫可复用穿搭组合,1448,1086,17a32523734f7a31141a8b2020f974e501bb5e7b5f08c4dcdcaeb7aca5d3945d
M057,角色与动物组合,图像/M057_角色与动物组合.png,6,CHAR-155,教师可复用穿搭组合,1448,1086,17a32523734f7a31141a8b2020f974e501bb5e7b5f08c4dcdcaeb7aca5d3945d
M057,角色与动物组合,图像/M057_角色与动物组合.png,7,CHAR-156,驾驶员可复用穿搭组合,1448,1086,17a32523734f7a31141a8b2020f974e501bb5e7b5f08c4dcdcaeb7aca5d3945d
M057,角色与动物组合,图像/M057_角色与动物组合.png,8,CHAR-157,商人可复用穿搭组合,1448,1086,17a32523734f7a31141a8b2020f974e501bb5e7b5f08c4dcdcaeb7aca5d3945d
M057,角色与动物组合,图像/M057_角色与动物组合.png,9,CHAR-158,官员可复用穿搭组合,1448,1086,17a32523734f7a31141a8b2020f974e501bb5e7b5f08c4dcdcaeb7aca5d3945d
M057,角色与动物组合,图像/M057_角色与动物组合.png,10,CHAR-159,市长可复用穿搭组合,1448,1086,17a32523734f7a31141a8b2020f974e501bb5e7b5f08c4dcdcaeb7aca5d3945d
M057,角色与动物组合,图像/M057_角色与动物组合.png,11,CHAR-160,议员可复用穿搭组合,1448,1086,17a32523734f7a31141a8b2020f974e501bb5e7b5f08c4dcdcaeb7aca5d3945d
M057,角色与动物组合,图像/M057_角色与动物组合.png,12,CHAR-161,工人可复用穿搭组合,1448,1086,17a32523734f7a31141a8b2020f974e501bb5e7b5f08c4dcdcaeb7aca5d3945d
M058,角色与动物组合,图像/M058_角色与动物组合.png,1,CHAR-162,医生可复用穿搭组合,1448,1086,b8bb2b2048549ecc94f159f5c22804ecba76dfb1a2219f0b2c371bf75598185e
M058,角色与动物组合,图像/M058_角色与动物组合.png,2,CHAR-163,护理人员可复用穿搭组合,1448,1086,b8bb2b2048549ecc94f159f5c22804ecba76dfb1a2219f0b2c371bf75598185e
M058,角色与动物组合,图像/M058_角色与动物组合.png,3,CHAR-164,农民可复用穿搭组合,1448,1086,b8bb2b2048549ecc94f159f5c22804ecba76dfb1a2219f0b2c371bf75598185e
M058,角色与动物组合,图像/M058_角色与动物组合.png,4,CHAR-165,学生可复用穿搭组合,1448,1086,b8bb2b2048549ecc94f159f5c22804ecba76dfb1a2219f0b2c371bf75598185e
M058,角色与动物组合,图像/M058_角色与动物组合.png,5,CHAR-166,科学家可复用穿搭组合,1448,1086,b8bb2b2048549ecc94f159f5c22804ecba76dfb1a2219f0b2c371bf75598185e
M058,角色与动物组合,图像/M058_角色与动物组合.png,6,CHAR-167,流浪者可复用穿搭组合,1448,1086,b8bb2b2048549ecc94f159f5c22804ecba76dfb1a2219f0b2c371bf75598185e
M058,角色与动物组合,图像/M058_角色与动物组合.png,7,CHAR-168,交通能源工程师可复用穿搭组合,1448,1086,b8bb2b2048549ecc94f159f5c22804ecba76dfb1a2219f0b2c371bf75598185e
M058,角色与动物组合,图像/M058_角色与动物组合.png,8,CHAR-169,厨师餐饮员工可复用穿搭组合,1448,1086,b8bb2b2048549ecc94f159f5c22804ecba76dfb1a2219f0b2c371bf75598185e
M058,角色与动物组合,图像/M058_角色与动物组合.png,9,CHAR-170,搬运物流工可复用穿搭组合,1448,1086,b8bb2b2048549ecc94f159f5c22804ecba76dfb1a2219f0b2c371bf75598185e
M058,角色与动物组合,图像/M058_角色与动物组合.png,10,CHAR-171,钱庄职员可复用穿搭组合,1448,1086,b8bb2b2048549ecc94f159f5c22804ecba76dfb1a2219f0b2c371bf75598185e
M058,角色与动物组合,图像/M058_角色与动物组合.png,11,CHAR-172,婚礼当事人可复用穿搭组合,1448,1086,b8bb2b2048549ecc94f159f5c22804ecba76dfb1a2219f0b2c371bf75598185e
M058,角色与动物组合,图像/M058_角色与动物组合.png,12,CHAR-173,丧礼亲友可复用穿搭组合,1448,1086,b8bb2b2048549ecc94f159f5c22804ecba76dfb1a2219f0b2c371bf75598185e
M059,角色与动物组合、配色尺寸变体,图像/M059_角色与动物组合、配色尺寸变体.png,1,CHAR-174,医馆患者可复用穿搭组合,1448,1086,6846692c3d064e0636dff09d32d962753512169b01fae2b8c53e9161a48d62c0
M059,角色与动物组合、配色尺寸变体,图像/M059_角色与动物组合、配色尺寸变体.png,2,CHAR-175,玩家第一人称职业持物装配,1448,1086,6846692c3d064e0636dff09d32d962753512169b01fae2b8c53e9161a48d62c0
M059,角色与动物组合、配色尺寸变体,图像/M059_角色与动物组合、配色尺寸变体.png,3,CHAR-176,玩家完整身体复用装配,1448,1086,6846692c3d064e0636dff09d32d962753512169b01fae2b8c53e9161a48d62c0
M059,角色与动物组合、配色尺寸变体,图像/M059_角色与动物组合、配色尺寸变体.png,4,CHAR-332,家养宠物佩戴组合,1448,1086,6846692c3d064e0636dff09d32d962753512169b01fae2b8c53e9161a48d62c0
M059,角色与动物组合、配色尺寸变体,图像/M059_角色与动物组合、配色尺寸变体.png,5,CHAR-333,家畜与家禽生活组合,1448,1086,6846692c3d064e0636dff09d32d962753512169b01fae2b8c53e9161a48d62c0
M059,角色与动物组合、配色尺寸变体,图像/M059_角色与动物组合、配色尺寸变体.png,6,CHAR-334,山林水岸动物组合,1448,1086,6846692c3d064e0636dff09d32d962753512169b01fae2b8c53e9161a48d62c0
M059,角色与动物组合、配色尺寸变体,图像/M059_角色与动物组合、配色尺寸变体.png,7,BUILT-025,里居楼体尺寸层数组,1448,1086,6846692c3d064e0636dff09d32d962753512169b01fae2b8c53e9161a48d62c0
M059,角色与动物组合、配色尺寸变体,图像/M059_角色与动物组合、配色尺寸变体.png,8,BUILT-026,梯田农舍尺寸层数组,1448,1086,6846692c3d064e0636dff09d32d962753512169b01fae2b8c53e9161a48d62c0
M059,角色与动物组合、配色尺寸变体,图像/M059_角色与动物组合、配色尺寸变体.png,9,BUILT-027,商肆尺寸层数组,1448,1086,6846692c3d064e0636dff09d32d962753512169b01fae2b8c53e9161a48d62c0
M059,角色与动物组合、配色尺寸变体,图像/M059_角色与动物组合、配色尺寸变体.png,10,BUILT-028,工坊尺寸层数组,1448,1086,6846692c3d064e0636dff09d32d962753512169b01fae2b8c53e9161a48d62c0
M059,角色与动物组合、配色尺寸变体,图像/M059_角色与动物组合、配色尺寸变体.png,11,BUILT-029,议事堂尺寸层数组,1448,1086,6846692c3d064e0636dff09d32d962753512169b01fae2b8c53e9161a48d62c0
M059,角色与动物组合、配色尺寸变体,图像/M059_角色与动物组合、配色尺寸变体.png,12,BUILT-030,书院尺寸层数组,1448,1086,6846692c3d064e0636dff09d32d962753512169b01fae2b8c53e9161a48d62c0
M060,配色尺寸变体,图像/M060_配色尺寸变体.png,1,BUILT-031,巡警署尺寸层数组,1448,1086,c90413bc53f2381809e0c8e183e98d2d5c44eba3c87bb8dc4176edb3b2baf7d6
M060,配色尺寸变体,图像/M060_配色尺寸变体.png,2,BUILT-032,钱庄尺寸层数组,1448,1086,c90413bc53f2381809e0c8e183e98d2d5c44eba3c87bb8dc4176edb3b2baf7d6
M060,配色尺寸变体,图像/M060_配色尺寸变体.png,3,BUILT-033,医馆H翼尺寸层数组,1448,1086,c90413bc53f2381809e0c8e183e98d2d5c44eba3c87bb8dc4176edb3b2baf7d6
M060,配色尺寸变体,图像/M060_配色尺寸变体.png,4,BUILT-034,驿站尺寸层数组,1448,1086,c90413bc53f2381809e0c8e183e98d2d5c44eba3c87bb8dc4176edb3b2baf7d6
M060,配色尺寸变体,图像/M060_配色尺寸变体.png,5,BUILT-035,既有航站楼尺寸层数组,1448,1086,c90413bc53f2381809e0c8e183e98d2d5c44eba3c87bb8dc4176edb3b2baf7d6
M060,配色尺寸变体,图像/M060_配色尺寸变体.png,6,BUILT-036,既有星际候航殿尺寸层数组,1448,1086,c90413bc53f2381809e0c8e183e98d2d5c44eba3c87bb8dc4176edb3b2baf7d6
M060,配色尺寸变体,图像/M060_配色尺寸变体.png,7,BUILT-037,既有码头候船楼尺寸层数组,1448,1086,c90413bc53f2381809e0c8e183e98d2d5c44eba3c87bb8dc4176edb3b2baf7d6
M060,配色尺寸变体,图像/M060_配色尺寸变体.png,8,BUILT-038,共享坡顶X截面朝向变体,1448,1086,c90413bc53f2381809e0c8e183e98d2d5c44eba3c87bb8dc4176edb3b2baf7d6
M060,配色尺寸变体,图像/M060_配色尺寸变体.png,9,BUILT-039,共享坡顶Z截面朝向变体,1448,1086,c90413bc53f2381809e0c8e183e98d2d5c44eba3c87bb8dc4176edb3b2baf7d6
M060,配色尺寸变体,图像/M060_配色尺寸变体.png,10,BUILT-041,六族墙面用途配色组,1448,1086,c90413bc53f2381809e0c8e183e98d2d5c44eba3c87bb8dc4176edb3b2baf7d6
M060,配色尺寸变体,图像/M060_配色尺寸变体.png,11,BUILT-082,旧飞檐远景简化变体,1448,1086,c90413bc53f2381809e0c8e183e98d2d5c44eba3c87bb8dc4176edb3b2baf7d6
M060,配色尺寸变体,图像/M060_配色尺寸变体.png,12,BUILT-083,旧收分层穿孔屋顶变体,1448,1086,c90413bc53f2381809e0c8e183e98d2d5c44eba3c87bb8dc4176edb3b2baf7d6
M061,配色尺寸变体,图像/M061_配色尺寸变体.png,1,BUILT-084,旧住宅单/双脊变体,1448,1086,c80a49a5563f788e0f232ae29084f0458be4c019f15a3b1a9441c630c4dd22cf
M061,配色尺寸变体,图像/M061_配色尺寸变体.png,2,BUILT-085,旧用途墙面配色组,1448,1086,c80a49a5563f788e0f232ae29084f0458be4c019f15a3b1a9441c630c4dd22cf
M061,配色尺寸变体,图像/M061_配色尺寸变体.png,3,BUILT-170,道路客运/货運车代理变体,1448,1086,c80a49a5563f788e0f232ae29084f0458be4c019f15a3b1a9441c630c4dd22cf
M061,配色尺寸变体,图像/M061_配色尺寸变体.png,4,BUILT-171,磁悬浮列车代理变体,1448,1086,c80a49a5563f788e0f232ae29084f0458be4c019f15a3b1a9441c630c4dd22cf
M061,配色尺寸变体,图像/M061_配色尺寸变体.png,5,BUILT-172,轻轨列车代理变体,1448,1086,c80a49a5563f788e0f232ae29084f0458be4c019f15a3b1a9441c630c4dd22cf
M061,配色尺寸变体,图像/M061_配色尺寸变体.png,6,BUILT-173,缆车轿厢代理变体,1448,1086,c80a49a5563f788e0f232ae29084f0458be4c019f15a3b1a9441c630c4dd22cf
M061,配色尺寸变体,图像/M061_配色尺寸变体.png,7,BUILT-174,升降机乘舱代理变体,1448,1086,c80a49a5563f788e0f232ae29084f0458be4c019f15a3b1a9441c630c4dd22cf
M061,配色尺寸变体,图像/M061_配色尺寸变体.png,8,BUILT-175,渡船本体代理变体,1448,1086,c80a49a5563f788e0f232ae29084f0458be4c019f15a3b1a9441c630c4dd22cf
M061,配色尺寸变体,图像/M061_配色尺寸变体.png,9,BUILT-176,公共班机本体代理变体,1448,1086,c80a49a5563f788e0f232ae29084f0458be4c019f15a3b1a9441c630c4dd22cf
M061,配色尺寸变体,图像/M061_配色尺寸变体.png,10,BUILT-182,机场14m勤务机位尺寸变体,1448,1086,c80a49a5563f788e0f232ae29084f0458be4c019f15a3b1a9441c630c4dd22cf
M061,配色尺寸变体,图像/M061_配色尺寸变体.png,11,CHAR-017,现有0至不足2岁身高档,1448,1086,c80a49a5563f788e0f232ae29084f0458be4c019f15a3b1a9441c630c4dd22cf
M061,配色尺寸变体,图像/M061_配色尺寸变体.png,12,CHAR-018,现有2至不足6岁身高档,1448,1086,c80a49a5563f788e0f232ae29084f0458be4c019f15a3b1a9441c630c4dd22cf
M062,配色尺寸变体,图像/M062_配色尺寸变体.png,1,CHAR-019,现有6至不足12岁身高档,1448,1086,f9303b7df31f841ee7cbcdd30087d942b36079056f452d02574f8e8e013d4768
M062,配色尺寸变体,图像/M062_配色尺寸变体.png,2,CHAR-020,现有12至不足18岁身高档,1448,1086,f9303b7df31f841ee7cbcdd30087d942b36079056f452d02574f8e8e013d4768
M062,配色尺寸变体,图像/M062_配色尺寸变体.png,3,CHAR-021,现有18岁以上身高档,1448,1086,f9303b7df31f841ee7cbcdd30087d942b36079056f452d02574f8e8e013d4768
M062,配色尺寸变体,图像/M062_配色尺寸变体.png,4,CHAR-024,现有成人平静脸格,1448,1086,f9303b7df31f841ee7cbcdd30087d942b36079056f452d02574f8e8e013d4768
M062,配色尺寸变体,图像/M062_配色尺寸变体.png,5,CHAR-025,现有老年平静脸格,1448,1086,f9303b7df31f841ee7cbcdd30087d942b36079056f452d02574f8e8e013d4768
M062,配色尺寸变体,图像/M062_配色尺寸变体.png,6,CHAR-026,现有儿童平静脸格,1448,1086,f9303b7df31f841ee7cbcdd30087d942b36079056f452d02574f8e8e013d4768
M062,配色尺寸变体,图像/M062_配色尺寸变体.png,7,CHAR-027,现有成人紧张脸格,1448,1086,f9303b7df31f841ee7cbcdd30087d942b36079056f452d02574f8e8e013d4768
M062,配色尺寸变体,图像/M062_配色尺寸变体.png,8,CHAR-028,现有老年紧张脸格,1448,1086,f9303b7df31f841ee7cbcdd30087d942b36079056f452d02574f8e8e013d4768
M062,配色尺寸变体,图像/M062_配色尺寸变体.png,9,CHAR-029,现有儿童紧张脸格,1448,1086,f9303b7df31f841ee7cbcdd30087d942b36079056f452d02574f8e8e013d4768
M062,配色尺寸变体,图像/M062_配色尺寸变体.png,10,CHAR-030,现有浅暖肤配色,1448,1086,f9303b7df31f841ee7cbcdd30087d942b36079056f452d02574f8e8e013d4768
M062,配色尺寸变体,图像/M062_配色尺寸变体.png,11,CHAR-031,现有暖中肤配色,1448,1086,f9303b7df31f841ee7cbcdd30087d942b36079056f452d02574f8e8e013d4768
M062,配色尺寸变体,图像/M062_配色尺寸变体.png,12,CHAR-032,现有棕中肤配色,1448,1086,f9303b7df31f841ee7cbcdd30087d942b36079056f452d02574f8e8e013d4768
M063,配色尺寸变体,图像/M063_配色尺寸变体.png,1,CHAR-033,现有浅桃肤配色,1448,1086,5a8395d479bf48c78d062959647cb6d78989f669a25dba2cc256935b59b4b64c
M063,配色尺寸变体,图像/M063_配色尺寸变体.png,2,CHAR-034,现有深暖肤配色,1448,1086,5a8395d479bf48c78d062959647cb6d78989f669a25dba2cc256935b59b4b64c
M063,配色尺寸变体,图像/M063_配色尺寸变体.png,3,CHAR-035,现有深青外衣配色,1448,1086,5a8395d479bf48c78d062959647cb6d78989f669a25dba2cc256935b59b4b64c
M063,配色尺寸变体,图像/M063_配色尺寸变体.png,4,CHAR-036,现有青灰外衣配色,1448,1086,5a8395d479bf48c78d062959647cb6d78989f669a25dba2cc256935b59b4b64c
M063,配色尺寸变体,图像/M063_配色尺寸变体.png,5,CHAR-037,现有靛灰外衣配色,1448,1086,5a8395d479bf48c78d062959647cb6d78989f669a25dba2cc256935b59b4b64c
M063,配色尺寸变体,图像/M063_配色尺寸变体.png,6,CHAR-038,现有褐外衣配色,1448,1086,5a8395d479bf48c78d062959647cb6d78989f669a25dba2cc256935b59b4b64c
M063,配色尺寸变体,图像/M063_配色尺寸变体.png,7,CHAR-039,现有黄褐外衣配色,1448,1086,5a8395d479bf48c78d062959647cb6d78989f669a25dba2cc256935b59b4b64c
M063,配色尺寸变体,图像/M063_配色尺寸变体.png,8,CHAR-040,现有米褐外衣配色,1448,1086,5a8395d479bf48c78d062959647cb6d78989f669a25dba2cc256935b59b4b64c
M063,配色尺寸变体,图像/M063_配色尺寸变体.png,9,CHAR-041,现有灰蓝外衣配色,1448,1086,5a8395d479bf48c78d062959647cb6d78989f669a25dba2cc256935b59b4b64c
M063,配色尺寸变体,图像/M063_配色尺寸变体.png,10,CHAR-042,现有灰紫外衣配色,1448,1086,5a8395d479bf48c78d062959647cb6d78989f669a25dba2cc256935b59b4b64c
M063,配色尺寸变体,图像/M063_配色尺寸变体.png,11,CHAR-043,现有墨绿裤装配色,1448,1086,5a8395d479bf48c78d062959647cb6d78989f669a25dba2cc256935b59b4b64c
M063,配色尺寸变体,图像/M063_配色尺寸变体.png,12,CHAR-044,现有深灰蓝裤装配色,1448,1086,5a8395d479bf48c78d062959647cb6d78989f669a25dba2cc256935b59b4b64c
M064,配色尺寸变体,图像/M064_配色尺寸变体.png,1,CHAR-045,现有灰褐裤装配色,1448,1086,be4ab74edf007045f7608939d44848dbdaad2484cf646912f38dd12ac42fef76
M064,配色尺寸变体,图像/M064_配色尺寸变体.png,2,CHAR-046,现有墨紫灰裤装配色,1448,1086,be4ab74edf007045f7608939d44848dbdaad2484cf646912f38dd12ac42fef76
M064,配色尺寸变体,图像/M064_配色尺寸变体.png,3,CHAR-047,现有深色发配色,1448,1086,be4ab74edf007045f7608939d44848dbdaad2484cf646912f38dd12ac42fef76
M064,配色尺寸变体,图像/M064_配色尺寸变体.png,4,CHAR-048,现有棕发配色,1448,1086,be4ab74edf007045f7608939d44848dbdaad2484cf646912f38dd12ac42fef76
M064,配色尺寸变体,图像/M064_配色尺寸变体.png,5,CHAR-049,现有62岁以上灰发配色,1448,1086,be4ab74edf007045f7608939d44848dbdaad2484cf646912f38dd12ac42fef76
M064,配色尺寸变体,图像/M064_配色尺寸变体.png,6,CHAR-050,现有警察衣帽配色,1448,1086,be4ab74edf007045f7608939d44848dbdaad2484cf646912f38dd12ac42fef76
M064,配色尺寸变体,图像/M064_配色尺寸变体.png,7,CHAR-051,现有守卫士兵衣配色,1448,1086,be4ab74edf007045f7608939d44848dbdaad2484cf646912f38dd12ac42fef76
M064,配色尺寸变体,图像/M064_配色尺寸变体.png,8,CHAR-052,现有教师衣配色,1448,1086,be4ab74edf007045f7608939d44848dbdaad2484cf646912f38dd12ac42fef76
M064,配色尺寸变体,图像/M064_配色尺寸变体.png,9,CHAR-053,现有商人衣配色,1448,1086,be4ab74edf007045f7608939d44848dbdaad2484cf646912f38dd12ac42fef76
M064,配色尺寸变体,图像/M064_配色尺寸变体.png,10,CHAR-076,成年人瘦体型,1448,1086,be4ab74edf007045f7608939d44848dbdaad2484cf646912f38dd12ac42fef76
M064,配色尺寸变体,图像/M064_配色尺寸变体.png,11,CHAR-077,成年人丰体型,1448,1086,be4ab74edf007045f7608939d44848dbdaad2484cf646912f38dd12ac42fef76
M064,配色尺寸变体,图像/M064_配色尺寸变体.png,12,CHAR-078,成年人体矮个尺寸,1448,1086,be4ab74edf007045f7608939d44848dbdaad2484cf646912f38dd12ac42fef76
M065,配色尺寸变体,图像/M065_配色尺寸变体.png,1,CHAR-079,成年人体高个尺寸,1448,1086,ee3a42d98b70ba8dfdf136a8dc0b3ce044a33f00521fed0a045fdf3c000861d9
M065,配色尺寸变体,图像/M065_配色尺寸变体.png,2,CHAR-080,老年弯背体态,1448,1086,ee3a42d98b70ba8dfdf136a8dc0b3ce044a33f00521fed0a045fdf3c000861d9
M065,配色尺寸变体,图像/M065_配色尺寸变体.png,3,CHAR-081,病弱体态,1448,1086,ee3a42d98b70ba8dfdf136a8dc0b3ce044a33f00521fed0a045fdf3c000861d9
M065,配色尺寸变体,图像/M065_配色尺寸变体.png,4,CHAR-082,孕期渐变尺寸,1448,1086,ee3a42d98b70ba8dfdf136a8dc0b3ce044a33f00521fed0a045fdf3c000861d9
M065,配色尺寸变体,图像/M065_配色尺寸变体.png,5,CHAR-083,同角色成长面部过渡,1448,1086,ee3a42d98b70ba8dfdf136a8dc0b3ce044a33f00521fed0a045fdf3c000861d9
M065,配色尺寸变体,图像/M065_配色尺寸变体.png,6,CHAR-084,精细肤色材质参数组,1448,1086,ee3a42d98b70ba8dfdf136a8dc0b3ce044a33f00521fed0a045fdf3c000861d9
M065,配色尺寸变体,图像/M065_配色尺寸变体.png,7,CHAR-357,精细人体近景LOD装配,1448,1086,ee3a42d98b70ba8dfdf136a8dc0b3ce044a33f00521fed0a045fdf3c000861d9
M065,配色尺寸变体,图像/M065_配色尺寸变体.png,8,CHAR-358,精细人体中景LOD派生,1448,1086,ee3a42d98b70ba8dfdf136a8dc0b3ce044a33f00521fed0a045fdf3c000861d9
M065,配色尺寸变体,图像/M065_配色尺寸变体.png,9,CHAR-359,精细人体远景LOD派生,1448,1086,ee3a42d98b70ba8dfdf136a8dc0b3ce044a33f00521fed0a045fdf3c000861d9
M065,配色尺寸变体,图像/M065_配色尺寸变体.png,10,CHAR-360,儿童人体LOD派生,1448,1086,ee3a42d98b70ba8dfdf136a8dc0b3ce044a33f00521fed0a045fdf3c000861d9
M065,配色尺寸变体,图像/M065_配色尺寸变体.png,11,CHAR-361,四足动物LOD族派生,1448,1086,ee3a42d98b70ba8dfdf136a8dc0b3ce044a33f00521fed0a045fdf3c000861d9
M065,配色尺寸变体,图像/M065_配色尺寸变体.png,12,CHAR-362,鸟类动物LOD族派生,1448,1086,ee3a42d98b70ba8dfdf136a8dc0b3ce044a33f00521fed0a045fdf3c000861d9
M066,配色尺寸变体,图像/M066_配色尺寸变体.png,1,CHAR-363,鱼类动物LOD族派生,1448,1086,4b630447986de0322d48b6ddd531485e565223908a8a52123437a96255348bdf
M066,配色尺寸变体,图像/M066_配色尺寸变体.png,2,CHAR-364,昆虫动物LOD族派生,1448,1086,4b630447986de0322d48b6ddd531485e565223908a8a52123437a96255348bdf
M066,配色尺寸变体,图像/M066_配色尺寸变体.png,3,ENV-007,崖壁内外转折与台阶边缘族,1448,1086,4b630447986de0322d48b6ddd531485e565223908a8a52123437a96255348bdf
M066,配色尺寸变体,图像/M066_配色尺寸变体.png,4,ENV-018,破岩形状与干湿色尺寸族,1448,1086,4b630447986de0322d48b6ddd531485e565223908a8a52123437a96255348bdf
M066,配色尺寸变体,图像/M066_配色尺寸变体.png,5,ENV-033,瀑宽流量与分帘形态族,1448,1086,4b630447986de0322d48b6ddd531485e565223908a8a52123437a96255348bdf
M066,配色尺寸变体,图像/M066_配色尺寸变体.png,6,ENV-051,既有乔木色阶与高度族,1448,1086,4b630447986de0322d48b6ddd531485e565223908a8a52123437a96255348bdf
M066,配色尺寸变体,图像/M066_配色尺寸变体.png,7,ENV-058,幼树低枝与小冠尺寸族,1448,1086,4b630447986de0322d48b6ddd531485e565223908a8a52123437a96255348bdf
M066,配色尺寸变体,图像/M066_配色尺寸变体.png,8,ENV-075,干旱污染与恢复植被状态族,1448,1086,4b630447986de0322d48b6ddd531485e565223908a8a52123437a96255348bdf
M066,配色尺寸变体,图像/M066_配色尺寸变体.png,9,ENV-083,挡墙转角高差与端头族,1448,1086,4b630447986de0322d48b6ddd531485e565223908a8a52123437a96255348bdf
M066,配色尺寸变体,图像/M066_配色尺寸变体.png,10,LIFE-033,办公桌尺寸与材质变体,1448,1086,4b630447986de0322d48b6ddd531485e565223908a8a52123437a96255348bdf
M066,配色尺寸变体,图像/M066_配色尺寸变体.png,11,LIFE-034,茶几尺寸与材质变体,1448,1086,4b630447986de0322d48b6ddd531485e565223908a8a52123437a96255348bdf
M066,配色尺寸变体,图像/M066_配色尺寸变体.png,12,LIFE-035,床型与寝具配色变体,1448,1086,4b630447986de0322d48b6ddd531485e565223908a8a52123437a96255348bdf
M067,配色尺寸变体,图像/M067_配色尺寸变体.png,1,LIFE-036,沙发长度与布料变体,1448,1086,aa25c1646e29d0ce8db1bb8b5b3d4a4e9da1f613fbd41c31849d905bea973dee
