asset_id,中文名称,类别,条目类型,用途关联系统,状态,现有证据,生产方式,依赖接口,基础母版ID,派生规则,验收要求
BUILT-001,共享室内楼板,建筑结构,基础组件,城市建筑、第一人称通行、楼层用途,已集成代码生成,src/rendering/architecture-bodies.ts:82；src/architecture-floor-plan.ts:263,现有共享数据驱动代码生成,Building/FloorPlan共享房间、开洞、楼层、门位；renderer/controller/route共同消费；0.2m世界实体,BUILT-001,rectangleCover真实房间；地面以下0.2m厚；上层保stairHole,渲染与FloorPlan slab同范围；不填楼梯洞和院孔
BUILT-002,共享院落铺地,建筑结构,基础组件,城市建筑、第一人称通行、楼层用途,已集成代码生成,src/rendering/architecture-bodies.ts:79；src/architecture-floor-plan.ts:162,现有共享数据驱动代码生成,Building/FloorPlan共享房间、开洞、楼层、门位；renderer/controller/route共同消费；0.2m世界实体,BUILT-002,只floor0真实courtyard；与室内/廊道联合覆盖,0.35m身体支撑联合正确；院孔可入、上层空洞不填
BUILT-003,共享回廊楼板,建筑结构,基础组件,城市建筑、第一人称通行、楼层用途,已集成代码生成,src/rendering/architecture-bodies.ts:82；src/architecture-floor-plan.ts:161,现有共享数据驱动代码生成,Building/FloorPlan共享房间、开洞、楼层、门位；renderer/controller/route共同消费；0.2m世界实体,BUILT-003,circulation覆盖经rectangleCover扣除已有房间,不得将廊顶冒称可走楼层；路径和孔位实核
BUILT-004,共享分段实体墙,建筑结构,基础组件,城市建筑、第一人称通行、楼层用途,已集成代码生成,src/rendering/architecture-bodies.ts:84；src/architecture-floor-plan.ts:245,现有共享数据驱动代码生成,Building/FloorPlan共享房间、开洞、楼层、门位；renderer/controller/route共同消费；0.2m世界实体,BUILT-004,wallPanels依实际门洞/窗洞拆分；墙厚0.4m,墙/窗洞/门洞与body阻挡一致；1.72m眼高/0.35m身体净空
BUILT-005,共享墙脚石裙,建筑结构,基础组件,城市建筑、第一人称通行、楼层用途,已集成代码生成,src/rendering/architecture-bodies.ts:90；src/architecture-floor-plan.ts:245,现有共享数据驱动代码生成,Building/FloorPlan共享房间、开洞、楼层、门位；renderer/controller/route共同消费；0.2m世界实体,BUILT-005,"实墙panel底部至min(0.8,panel.top)",不跨入口/院门；石裙须落在墙实体内
BUILT-006,真实窗洞玻璃片,建筑结构,基础组件,城市建筑、第一人称通行、楼层用途,已集成代码生成,src/rendering/architecture-bodies.ts:88；src/architecture-floor-plan.ts:245,现有共享数据驱动代码生成,Building/FloorPlan共享房间、开洞、楼层、门位；renderer/controller/route共同消费；0.2m世界实体,BUILT-006,只wallPanels(kind=glass)范围,实际窗洞、玻璃与立面一致；视觉玻璃不改变穿墙规则
BUILT-007,共享双跑上行踏步,建筑结构,基础组件,城市建筑、第一人称通行、楼层用途,已集成代码生成,src/rendering/architecture-bodies.ts:110；src/architecture-floor-plan.ts:196,现有共享数据驱动代码生成,Building/FloorPlan共享房间、开洞、楼层、门位；renderer/controller/route共同消费；0.2m世界实体,BUILT-007,从FloorPlan.stairTreads逐块生成；0.2m高、0.4m进深,逐级连续W上下；不得用斜坡或假贴图代替台阶
BUILT-008,共享双跑回行踏步,建筑结构,基础组件,城市建筑、第一人称通行、楼层用途,已集成代码生成,src/rendering/architecture-bodies.ts:110；src/architecture-floor-plan.ts:198,现有共享数据驱动代码生成,Building/FloorPlan共享房间、开洞、楼层、门位；renderer/controller/route共同消费；0.2m世界实体,BUILT-008,回行在另一侧1.6m宽跑道，继承同一StairSurface,半转处连续支撑且不碰上跑；不能传送层位
BUILT-009,共享楼梯半转平台,建筑结构,基础组件,城市建筑、第一人称通行、楼层用途,已集成代码生成,src/rendering/architecture-bodies.ts:110；src/architecture-floor-plan.ts:197,现有共享数据驱动代码生成,Building/FloorPlan共享房间、开洞、楼层、门位；renderer/controller/route共同消费；0.2m世界实体,BUILT-009,FloorPlan.stairLandings half-turn；两跑相连,全身体圆盘支撑；下方/上方真实净空
BUILT-010,共享奇数级差低位接台,建筑结构,基础组件,城市建筑、第一人称通行、楼层用途,已集成代码生成,src/rendering/architecture-bodies.ts:110；src/architecture-floor-plan.ts:195,现有共享数据驱动代码生成,Building/FloorPlan共享房间、开洞、楼层、门位；renderer/controller/route共同消费；0.2m世界实体,BUILT-010,只有两跑级数不等、offset>0时生成lower-link,与原floor y准确同高；不能形成悬空小台
BUILT-011,共享封闭山墙坡屋面,建筑结构,基础组件,城市建筑、第一人称通行、楼层用途,已集成代码生成,src/rendering/architecture-bodies.ts:22；src/architecture-floor-plan.ts:115/187/335,现有共享数据驱动代码生成,Building/FloorPlan共享房间、开洞、楼层、门位；renderer/controller/route共同消费；0.2m世界实体,BUILT-011,五点截面闭合/平面法线；由RoofRegion实际bounds缩放,roofSupport/blocksRoofMovement和mesh高度一致；无填上层孔
BUILT-012,共享回廊平檐顶,建筑结构,基础组件,城市建筑、第一人称通行、楼层用途,已集成代码生成,src/rendering/architecture-bodies.ts:41；src/architecture-floor-plan.ts:115/187/335,现有共享数据驱动代码生成,Building/FloorPlan共享房间、开洞、楼层、门位；renderer/controller/route共同消费；0.2m世界实体,BUILT-012,gallery-flat只覆盖外露廊道；bottom2.6/top2.8m,不重复盖室内或填院；屋面支撑按真实可用区域
BUILT-013,共享0.2m奇数跨防水补边,建筑结构,基础组件,城市建筑、第一人称通行、楼层用途,已集成代码生成,src/rendering/architecture-bodies.ts:41；src/architecture-floor-plan.ts:115/187/335,现有共享数据驱动代码生成,Building/FloorPlan共享房间、开洞、楼层、门位；renderer/controller/route共同消费；0.2m世界实体,BUILT-013,weather-strip仅处理奇数0.2m跨剩余边,与gable并接无漏面/假重叠；不把薄边当整屋面
BUILT-014,固定梯井服务翼结构,建筑结构,基础组件,城市建筑、第一人称通行、楼层用途,已集成代码生成,src/architecture-floor-plan.ts:123/159/187,现有共享数据驱动代码生成,Building/FloorPlan共享房间、开洞、楼层、门位；renderer/controller/route共同消费；0.2m世界实体,BUILT-014,stairHull连入每层真实房间，保持既有共享楼梯位置,梯井楼板实际开洞；层高、原门位、权限和楼层数量不变
BUILT-015,共享南侧入口开洞,建筑结构,基础组件,城市建筑、第一人称通行、楼层用途,已集成代码生成,src/architecture-floor-plan.ts:165/169/229；src/architecture-floor-plan.ts:324,现有共享数据驱动代码生成,Building/FloorPlan共享房间、开洞、楼层、门位；renderer/controller/route共同消费；0.2m世界实体,BUILT-015,入口宽由实际边长限定，halfWidth≤2.4m，净高≤2.8m；开洞是墙数据,净洞非贴图；到真实door/function点连续W；外部模型不得决定净空
BUILT-016,共享内院门开洞,建筑结构,基础组件,城市建筑、第一人称通行、楼层用途,已集成代码生成,src/architecture-floor-plan.ts:166/169,现有共享数据驱动代码生成,Building/FloorPlan共享房间、开洞、楼层、门位；renderer/controller/route共同消费；0.2m世界实体,BUILT-016,floor0内边墙满足长度条件；halfWidth≤1.6m,实际室内/院/廊互通；不在上层假造通院门
BUILT-017,共享间隔窗洞布局,建筑结构,基础组件,城市建筑、第一人称通行、楼层用途,已集成代码生成,src/architecture-floor-plan.ts:172/174,现有共享数据驱动代码生成,Building/FloorPlan共享房间、开洞、楼层、门位；renderer/controller/route共同消费；0.2m世界实体,BUILT-017,沿墙4.8m节奏，1.6m宽窗，底0.8m/top≤2.2m；避入口,窗panel生成与渲染相同；不伪造功能入口
BUILT-018,原地下层实墙与楼板,建筑结构,基础组件,城市建筑、第一人称通行、楼层用途,已集成代码生成,src/architecture-floor-plan.ts:130/187；src/rendering/architecture-bodies.ts:68/89,现有共享数据驱动代码生成,Building/FloorPlan共享房间、开洞、楼层、门位；renderer/controller/route共同消费；0.2m世界实体,BUILT-018,floor<0保持全层房间；继承basement用途与权限,旧档层数/位置/权限字节保护；地下真实可达且不抹除档案/金库
BUILT-019,住宅错落居住翼与入口庭模板,建筑组合,组合模板,城市建筑、第一人称通行、楼层用途,已集成代码生成,src/architecture-floor-plan.ts:131/201；src/rendering/architecture-bodies.ts:53,现有共享数据驱动代码生成,Building/FloorPlan共享房间、开洞、楼层、门位；renderer/controller/route共同消费；0.2m世界实体,BUILT-019,低层双翼/前院，上层主居住翼、固定服务脊；roofRhythm split-gable,用途去标签仍须可辨；真实入口→用途点→双跑楼梯→退出；near/far保持院孔
BUILT-020,市场后厅与三铺前院模板,建筑组合,组合模板,城市建筑、第一人称通行、楼层用途,已集成代码生成,src/architecture-floor-plan.ts:135/201；src/rendering/architecture-bodies.ts:53,现有共享数据驱动代码生成,Building/FloorPlan共享房间、开洞、楼层、门位；renderer/controller/route共同消费；0.2m世界实体,BUILT-020,后部营业厅/三处低层铺面/两条回廊；同一商铺三sale点,用途去标签仍须可辨；真实入口→用途点→双跑楼梯→退出；near/far保持院孔
BUILT-021,工坊大跨生产厅与服务翼模板,建筑组合,组合模板,城市建筑、第一人称通行、楼层用途,已集成代码生成,src/architecture-floor-plan.ts:138/201；src/rendering/architecture-bodies.ts:53,现有共享数据驱动代码生成,Building/FloorPlan共享房间、开洞、楼层、门位；renderer/controller/route共同消费；0.2m世界实体,BUILT-021,下层大车间、顶层回退、前廊；industrial-spans节奏,用途去标签仍须可辨；真实入口→用途点→双跑楼梯→退出；near/far保持院孔
BUILT-022,官署书院翼院模板,建筑组合,组合模板,城市建筑、第一人称通行、楼层用途,已集成代码生成,src/architecture-floor-plan.ts:140/201；src/rendering/architecture-bodies.ts:53,现有共享数据驱动代码生成,Building/FloorPlan共享房间、开洞、楼层、门位；renderer/controller/route共同消费；0.2m世界实体,BUILT-022,低层左右翼/入口前厅，上层收退主厅；court-wings,用途去标签仍须可辨；真实入口→用途点→双跑楼梯→退出；near/far保持院孔
BUILT-023,金融医疗大厅与服务塔模板,建筑组合,组合模板,城市建筑、第一人称通行、楼层用途,已集成代码生成,src/architecture-floor-plan.ts:144/201；src/rendering/architecture-bodies.ts:53,现有共享数据驱动代码生成,Building/FloorPlan共享房间、开洞、楼层、门位；renderer/controller/route共同消费；0.2m世界实体,BUILT-023,银行低层完整大厅/上层服务翼；医疗H型不同长度病房翼,用途去标签仍须可辨；真实入口→用途点→双跑楼梯→退出；near/far保持院孔
BUILT-024,交通滨水开放候车层与服务翼模板,建筑组合,组合模板,城市建筑、第一人称通行、楼层用途,已集成代码生成,src/architecture-floor-plan.ts:151/201；src/rendering/architecture-bodies.ts:53,现有共享数据驱动代码生成,Building/FloorPlan共享房间、开洞、楼层、门位；renderer/controller/route共同消费；0.2m世界实体,BUILT-024,开放等待层/两侧低遮棚/高层固定梯井服务翼；covered-platform,用途去标签仍须可辨；真实入口→用途点→双跑楼梯→退出；near/far保持院孔
BUILT-025,里居楼体尺寸层数组,建筑变体,配色尺寸变体,城市建筑、第一人称通行、楼层用途,已集成代码生成,src/world.ts:494/506/507/528/531；src/architecture-floor-plan.ts:39,现有共享数据驱动代码生成,Building/FloorPlan共享房间、开洞、楼层、门位；renderer/controller/route共同消费；0.2m世界实体,BUILT-019,quarter四组42×34/30×26/36×30/32×28m设计值，层数4/8/12/6附近；层高3.4m；普通宽深乘seed倍率0.94–1.06并量化0.4m,为母版参数派生而非独立模型；实际.2m层位、容量、door与用途点保持
BUILT-026,梯田农舍尺寸层数组,建筑变体,配色尺寸变体,城市建筑、第一人称通行、楼层用途,已集成代码生成,src/world.ts:325/506/507/528/531；src/architecture-floor-plan.ts:39,现有共享数据驱动代码生成,Building/FloorPlan共享房间、开洞、楼层、门位；renderer/controller/route共同消费；0.2m世界实体,BUILT-019,farm维度母数36×26m/1层；层高3.6m；普通宽深乘seed倍率0.94–1.06并量化0.4m,为母版参数派生而非独立模型；实际.2m层位、容量、door与用途点保持
BUILT-027,商肆尺寸层数组,建筑变体,配色尺寸变体,城市建筑、第一人称通行、楼层用途,已集成代码生成,src/world.ts:495/506/507/528/531；src/architecture-floor-plan.ts:39,现有共享数据驱动代码生成,Building/FloorPlan共享房间、开洞、楼层、门位；renderer/controller/route共同消费；0.2m世界实体,BUILT-020,钱庄街设计44×34m，其他34×28m；2–4层/3.6m；普通宽深乘seed倍率0.94–1.06并量化0.4m,为母版参数派生而非独立模型；实际.2m层位、容量、door与用途点保持
BUILT-028,工坊尺寸层数组,建筑变体,配色尺寸变体,城市建筑、第一人称通行、楼层用途,已集成代码生成,src/world.ts:497/506/507/528/531；src/architecture-floor-plan.ts:39,现有共享数据驱动代码生成,Building/FloorPlan共享房间、开洞、楼层、门位；renderer/controller/route共同消费；0.2m世界实体,BUILT-021,设计54×42m；3–5层/4.8m；core公务翼特殊保原值；普通宽深乘seed倍率0.94–1.06并量化0.4m,为母版参数派生而非独立模型；实际.2m层位、容量、door与用途点保持
BUILT-029,议事堂尺寸层数组,建筑变体,配色尺寸变体,城市建筑、第一人称通行、楼层用途,已集成代码生成,src/world.ts:500/506/507/528/531；src/architecture-floor-plan.ts:39,现有共享数据驱动代码生成,Building/FloorPlan共享房间、开洞、楼层、门位；renderer/controller/route共同消费；0.2m世界实体,BUILT-022,设计56×42m/6–8层/4.2m；civicPlan自有参数优先；普通宽深乘seed倍率0.94–1.06并量化0.4m,为母版参数派生而非独立模型；实际.2m层位、容量、door与用途点保持
BUILT-030,书院尺寸层数组,建筑变体,配色尺寸变体,城市建筑、第一人称通行、楼层用途,已集成代码生成,src/world.ts:498/506/507/528/531；src/architecture-floor-plan.ts:39,现有共享数据驱动代码生成,Building/FloorPlan共享房间、开洞、楼层、门位；renderer/controller/route共同消费；0.2m世界实体,BUILT-022,设计62×46m/5–6层/3.8m；普通宽深乘seed倍率0.94–1.06并量化0.4m,为母版参数派生而非独立模型；实际.2m层位、容量、door与用途点保持
BUILT-031,巡警署尺寸层数组,建筑变体,配色尺寸变体,城市建筑、第一人称通行、楼层用途,已集成代码生成,src/world.ts:501/506/507/528/531；src/architecture-floor-plan.ts:39,现有共享数据驱动代码生成,Building/FloorPlan共享房间、开洞、楼层、门位；renderer/controller/route共同消费；0.2m世界实体,BUILT-022,设计42×34m/5层/3.8m；普通宽深乘seed倍率0.94–1.06并量化0.4m,为母版参数派生而非独立模型；实际.2m层位、容量、door与用途点保持
BUILT-032,钱庄尺寸层数组,建筑变体,配色尺寸变体,城市建筑、第一人称通行、楼层用途,已集成代码生成,src/world.ts:496/506/507/528/531；src/architecture-floor-plan.ts:39,现有共享数据驱动代码生成,Building/FloorPlan共享房间、开洞、楼层、门位；renderer/controller/route共同消费；0.2m世界实体,BUILT-023,设计44×36m；市场12–15层/其他7–9层；层高4.4m；普通宽深乘seed倍率0.94–1.06并量化0.4m,为母版参数派生而非独立模型；实际.2m层位、容量、door与用途点保持
BUILT-033,医馆H翼尺寸层数组,建筑变体,配色尺寸变体,城市建筑、第一人称通行、楼层用途,已集成代码生成,src/world.ts:499/506/507/528/531；src/architecture-floor-plan.ts:39,现有共享数据驱动代码生成,Building/FloorPlan共享房间、开洞、楼层、门位；renderer/controller/route共同消费；0.2m世界实体,BUILT-023,设计50×38m/7–9层/3.8m；同family但实占H型；普通宽深乘seed倍率0.94–1.06并量化0.4m,为母版参数派生而非独立模型；实际.2m层位、容量、door与用途点保持
BUILT-034,驿站尺寸层数组,建筑变体,配色尺寸变体,城市建筑、第一人称通行、楼层用途,已集成代码生成,src/world.ts:502/506/507/528/531；src/architecture-floor-plan.ts:39,现有共享数据驱动代码生成,Building/FloorPlan共享房间、开洞、楼层、门位；renderer/controller/route共同消费；0.2m世界实体,BUILT-024,设计44×32m/3层/4.2m；core换乘殿固定60×40m/6层；普通宽深乘seed倍率0.94–1.06并量化0.4m,为母版参数派生而非独立模型；实际.2m层位、容量、door与用途点保持
BUILT-035,既有航站楼尺寸层数组,建筑变体,配色尺寸变体,城市建筑、第一人称通行、楼层用途,已集成代码生成,src/world.ts:503/506/507/528/531；src/architecture-floor-plan.ts:39,现有共享数据驱动代码生成,Building/FloorPlan共享房间、开洞、楼层、门位；renderer/controller/route共同消费；0.2m世界实体,BUILT-024,设计120×70m/6层/6m；主种子实际125.6×70.4×36m；普通宽深乘seed倍率0.94–1.06并量化0.4m,为母版参数派生而非独立模型；实际.2m层位、容量、door与用途点保持
BUILT-036,既有星际候航殿尺寸层数组,建筑变体,配色尺寸变体,城市建筑、第一人称通行、楼层用途,已集成代码生成,src/world.ts:504/506/507/528/531；src/architecture-floor-plan.ts:39,现有共享数据驱动代码生成,Building/FloorPlan共享房间、开洞、楼层、门位；renderer/controller/route共同消费；0.2m世界实体,BUILT-024,设计130×90m/14层/6.6m；主种子92.4m高；普通宽深乘seed倍率0.94–1.06并量化0.4m,为母版参数派生而非独立模型；实际.2m层位、容量、door与用途点保持
BUILT-037,既有码头候船楼尺寸层数组,建筑变体,配色尺寸变体,城市建筑、第一人称通行、楼层用途,已集成代码生成,src/world.ts:325/506/507/528/531；src/architecture-floor-plan.ts:39,现有共享数据驱动代码生成,Building/FloorPlan共享房间、开洞、楼层、门位；renderer/controller/route共同消费；0.2m世界实体,BUILT-024,维度母数36×22m/2层/3.8m；core水运码头保civicPlan；普通宽深乘seed倍率0.94–1.06并量化0.4m,为母版参数派生而非独立模型；实际.2m层位、容量、door与用途点保持
BUILT-038,共享坡顶X截面朝向变体,建筑变体,配色尺寸变体,城市建筑、第一人称通行、楼层用途,已集成代码生成,src/rendering/architecture-bodies.ts:22/36；src/architecture-floor-plan.ts:341,现有共享数据驱动代码生成,Building/FloorPlan共享房间、开洞、楼层、门位；renderer/controller/route共同消费；0.2m世界实体,BUILT-011,短跨决定gableAxis=x,闭合背/底/侧面；三角绕向正确
BUILT-039,共享坡顶Z截面朝向变体,建筑变体,配色尺寸变体,城市建筑、第一人称通行、楼层用途,已集成代码生成,src/rendering/architecture-bodies.ts:22/30；src/architecture-floor-plan.ts:344,现有共享数据驱动代码生成,Building/FloorPlan共享房间、开洞、楼层、门位；renderer/controller/route共同消费；0.2m世界实体,BUILT-011,gableAxis=z变换并翻转绕向,同真实bounds及roofSupport；不得错误侧向脊线
BUILT-040,六族共享远景轮廓组合母版,建筑组合,组合模板,城市建筑、第一人称通行、楼层用途,已集成代码生成,src/rendering/architecture-bodies.ts:65/78,现有共享数据驱动代码生成,Building/FloorPlan共享房间、开洞、楼层、门位；renderer/controller/route共同消费；0.2m世界实体,BUILT-040,消费六种真实interior；连续相同interior合并竖层，courtyard仍真实开敞；shader窗仅远景表现,切换near不填院/不改变占据轮廓；远景不可冒称可入实体层
BUILT-041,六族墙面用途配色组,建筑变体,配色尺寸变体,城市建筑、第一人称通行、楼层用途,已集成代码生成,src/rendering/architecture-bodies.ts:56,现有共享数据驱动代码生成,Building/FloorPlan共享房间、开洞、楼层、门位；renderer/controller/route共同消费；0.2m世界实体,BUILT-004,clinic/bank/workshop/school专色，其余seed四低饱和墙色,配色为派生参数；不能替代用途结构辨识和材质验收
BUILT-042,既有四驿六点环式散楼布置语法,建筑组合,组合模板,城市建筑、第一人称通行、楼层用途,已集成代码生成,src/world.ts:447/463/485/486/509/517,现有共享数据驱动代码生成,Building/FloorPlan共享房间、开洞、楼层、门位；renderer/controller/route共同消费；0.2m世界实体,BUILT-042,每区四quarter，within六点环；每环88+64m半径起，避门/河/站点择址,是当前已实现散楼语法，不能称连续街墙或现代CBD；旧位置/seed结果不变
BUILT-043,共享入口及院门细木边框,建筑细部,基础组件,城市建筑、第一人称通行、楼层用途,已集成代码生成,src/rendering/architecture-detail.ts:155/156,现有共享数据驱动代码生成,共享FloorPlan墙/屋缘；ArchitectureDetailManager近场≤8楼×640实例；不改碰撞和权限,BUILT-043,贴实际Wall/opening两侧0.2m木框与上沿,完整洞体积保持，不加底槛和填洞；仍须游戏内第一人称/近远切换/日夜实图验收；代码存在不代表美术通过
BUILT-044,共享门楣双层压边,建筑细部,基础组件,城市建筑、第一人称通行、楼层用途,已集成代码生成,src/rendering/architecture-detail.ts:157/158,现有共享数据驱动代码生成,共享FloorPlan墙/屋缘；ArchitectureDetailManager近场≤8楼×640实例；不改碰撞和权限,BUILT-044,随共享开洞宽度生成0.2m高横木/压边,实际opening净高不被横梁侵占；仍须游戏内第一人称/近远切换/日夜实图验收；代码存在不代表美术通过
BUILT-045,共享墙侧实体牌框,建筑细部,基础组件,城市建筑、第一人称通行、楼层用途,已集成代码生成,src/rendering/architecture-detail.ts:166/169,现有共享数据驱动代码生成,共享FloorPlan墙/屋缘；ArchitectureDetailManager近场≤8楼×640实例；不改碰撞和权限,BUILT-045,architectureProgramSignPlacement定位真实入口墙,贴真墙且不挡门；牌字内容取真实Building用途；仍须游戏内第一人称/近远切换/日夜实图验收；代码存在不代表美术通过
BUILT-046,共享窗洞木框,建筑细部,基础组件,城市建筑、第一人称通行、楼层用途,已集成代码生成,src/rendering/architecture-detail.ts:182/183,现有共享数据驱动代码生成,共享FloorPlan墙/屋缘；ArchitectureDetailManager近场≤8楼×640实例；不改碰撞和权限,BUILT-046,随Window.from/to/bottom/top生成四边0.2m框,不移窗位；框厚符合.2m细格；仍须游戏内第一人称/近远切换/日夜实图验收；代码存在不代表美术通过
BUILT-047,共享窗棂分隔与横棂,建筑细部,基础组件,城市建筑、第一人称通行、楼层用途,已集成代码生成,src/rendering/architecture-detail.ts:184/185,现有共享数据驱动代码生成,共享FloorPlan墙/屋缘；ArchitectureDetailManager近场≤8楼×640实例；不改碰撞和权限,BUILT-047,宽度三等分，中央水平棂,实洞内木构细部与预算正确，近景可读；仍须游戏内第一人称/近远切换/日夜实图验收；代码存在不代表美术通过
BUILT-048,共享石窗台与木窗眉,建筑细部,基础组件,城市建筑、第一人称通行、楼层用途,已集成代码生成,src/rendering/architecture-detail.ts:186/187,现有共享数据驱动代码生成,共享FloorPlan墙/屋缘；ArchitectureDetailManager近场≤8楼×640实例；不改碰撞和权限,BUILT-048,窗底以下0.2m石台/顶上0.2m木边,只在合法墙带；不画悬浮石条；仍须游戏内第一人称/近远切换/日夜实图验收；代码存在不代表美术通过
BUILT-049,共享墙顶横枋,建筑细部,基础组件,城市建筑、第一人称通行、楼层用途,已集成代码生成,src/rendering/architecture-detail.ts:191,现有共享数据驱动代码生成,共享FloorPlan墙/屋缘；ArchitectureDetailManager近场≤8楼×640实例；不改碰撞和权限,BUILT-049,随实际墙长生成木横枋,墙、梁和屋顶真实相连；仍须游戏内第一人称/近远切换/日夜实图验收；代码存在不代表美术通过
BUILT-050,共享门侧基座石分段,建筑细部,基础组件,城市建筑、第一人称通行、楼层用途,已集成代码生成,src/rendering/architecture-detail.ts:192/194,现有共享数据驱动代码生成,共享FloorPlan墙/屋缘；ArchitectureDetailManager近场≤8楼×640实例；不改碰撞和权限,BUILT-050,floor0只分门洞两侧，短段不生成,石脚不封门/院路，真实落地；仍须游戏内第一人称/近远切换/日夜实图验收；代码存在不代表美术通过
BUILT-051,共享实际屋缘薄封檐,建筑细部,基础组件,城市建筑、第一人称通行、楼层用途,已集成代码生成,src/rendering/architecture-detail.ts:205,现有共享数据驱动代码生成,共享FloorPlan墙/屋缘；ArchitectureDetailManager近场≤8楼×640实例；不改碰撞和权限,BUILT-051,architectureProgramRoofEdges选择实际RoofRegion边,禁止第二层浮檐；与roof区域同高；仍须游戏内第一人称/近远切换/日夜实图验收；代码存在不代表美术通过
BUILT-052,共享实际屋缘瓦口,建筑细部,基础组件,城市建筑、第一人称通行、楼层用途,已集成代码生成,src/rendering/architecture-detail.ts:206,现有共享数据驱动代码生成,共享FloorPlan墙/屋缘；ArchitectureDetailManager近场≤8楼×640实例；不改碰撞和权限,BUILT-052,选定近楼层屋缘每0.6m布0.4m宽瓦口,近楼层预算内，可见薄边与无裂缝；仍须游戏内第一人称/近远切换/日夜实图验收；代码存在不代表美术通过
BUILT-053,共享实际屋缘短支托,建筑细部,基础组件,城市建筑、第一人称通行、楼层用途,已集成代码生成,src/rendering/architecture-detail.ts:211/212,现有共享数据驱动代码生成,共享FloorPlan墙/屋缘；ArchitectureDetailManager近场≤8楼×640实例；不改碰撞和权限,BUILT-053,只墙顶→roof bottom间有≥0.2m空隙才生成,支托真接墙与屋面，不悬浮穿顶；仍须游戏内第一人称/近远切换/日夜实图验收；代码存在不代表美术通过
BUILT-054,共享入口墙侧木纸灯笼,建筑细部,基础组件,城市建筑、第一人称通行、楼层用途,已集成代码生成,src/rendering/architecture-detail.ts:159/161/162/163,现有共享数据驱动代码生成,共享FloorPlan墙/屋缘；ArchitectureDetailManager近场≤8楼×640实例；不改碰撞和权限,BUILT-054,挂入口墙边，纸罩发光/木顶木底,不挡人体；仅emissive现状须另验真实局部光；仍须游戏内第一人称/近远切换/日夜实图验收；代码存在不代表美术通过
BUILT-055,旧楼实体石基台,建筑旧版构件,基础组件,城市建筑、第一人称通行、楼层用途,已集成代码生成,src/renderer.ts:321,现有共享数据驱动代码生成,历史Building/getFloorDimensions/getStairPosition及旧发射器；默认v4地标仍沿用，旧四配方不可删改,BUILT-055,旧发射器全楼/地下层基台宽深+3m,历史形体保留，入口不靠视觉薄面掩盖高度；仍须游戏内第一人称/近远切换/日夜实图验收；代码存在不代表美术通过
BUILT-056,旧南门石铺接台,建筑旧版构件,基础组件,城市建筑、第一人称通行、楼层用途,已集成代码生成,src/renderer.ts:323,现有共享数据驱动代码生成,历史Building/getFloorDimensions/getStairPosition及旧发射器；默认v4地标仍沿用，旧四配方不可删改,BUILT-056,"south door石apron宽min(7,w*.32)、深6m",共享原门位；不得误称已解决所有地形切口；仍须游戏内第一人称/近远切换/日夜实图验收；代码存在不代表美术通过
BUILT-057,旧楼楼梯井分片楼板,建筑旧版构件,基础组件,城市建筑、第一人称通行、楼层用途,已集成代码生成,src/renderer.ts:364,现有共享数据驱动代码生成,历史Building/getFloorDimensions/getStairPosition及旧发射器；默认v4地标仍沿用，旧四配方不可删改,BUILT-057,四片楼板留实际既有梯井开口,原地下/30层天枢楼层不删；实走另核；仍须游戏内第一人称/近远切换/日夜实图验收；代码存在不代表美术通过
BUILT-058,旧楼分段入口及窗洞墙,建筑旧版构件,基础组件,城市建筑、第一人称通行、楼层用途,已集成代码生成,src/renderer.ts:375,现有共享数据驱动代码生成,历史Building/getFloorDimensions/getStairPosition及旧发射器；默认v4地标仍沿用，旧四配方不可删改,BUILT-058,front/left/right按窗/门切panel,留真实门、非alpha贴图；旧四配方发射字节保护；仍须游戏内第一人称/近远切换/日夜实图验收；代码存在不代表美术通过
BUILT-059,旧楼层角木柱,建筑旧版构件,基础组件,城市建筑、第一人称通行、楼层用途,已集成代码生成,src/renderer.ts:393,现有共享数据驱动代码生成,历史Building/getFloorDimensions/getStairPosition及旧发射器；默认v4地标仍沿用，旧四配方不可删改,BUILT-059,四角0.7m木柱随每层尺寸,保持旧构件位置；结构粗度待美术返工；仍须游戏内第一人称/近远切换/日夜实图验收；代码存在不代表美术通过
BUILT-060,旧楼三面窗玻璃与框,建筑旧版构件,基础组件,城市建筑、第一人称通行、楼层用途,已集成代码生成,src/renderer.ts:394/397/402,现有共享数据驱动代码生成,历史Building/getFloorDimensions/getStairPosition及旧发射器；默认v4地标仍沿用，旧四配方不可删改,BUILT-060,按architectureFacadeLayout实际窗口生成,远近窗节奏一致；旧接口不改；仍须游戏内第一人称/近远切换/日夜实图验收；代码存在不代表美术通过
BUILT-061,旧层墙顶木压边,建筑旧版构件,基础组件,城市建筑、第一人称通行、楼层用途,已集成代码生成,src/renderer.ts:406,现有共享数据驱动代码生成,历史Building/getFloorDimensions/getStairPosition及旧发射器；默认v4地标仍沿用，旧四配方不可删改,BUILT-061,层wallHeight上的连续木边,不改变权限/层位；避免粗横黑带的美术问题；仍须游戏内第一人称/近远切换/日夜实图验收；代码存在不代表美术通过
BUILT-062,旧天枢楼体十级楼梯体,建筑旧版构件,基础组件,城市建筑、第一人称通行、楼层用途,已集成代码生成,src/renderer.ts:450,现有共享数据驱动代码生成,历史Building/getFloorDimensions/getStairPosition及旧发射器；默认v4地标仍沿用，旧四配方不可删改,BUILT-062,legacy getStairPosition处十级堆叠体,按旧身体规则保留；不是新双跑母版；仍须游戏内第一人称/近远切换/日夜实图验收；代码存在不代表美术通过
BUILT-063,旧门侧展开门扇,建筑旧版构件,基础组件,城市建筑、第一人称通行、楼层用途,已集成代码生成,src/rendering/architecture-detail.ts:255,现有共享数据驱动代码生成,历史Building/getFloorDimensions/getStairPosition及旧发射器；默认v4地标仍沿用，旧四配方不可删改,BUILT-063,门扇平贴墙侧而不占6mapproach,整个人体洞保持；叶扇仅视觉件；仍须游戏内第一人称/近远切换/日夜实图验收；代码存在不代表美术通过
BUILT-064,旧木门柱石脚与门枋,建筑旧版构件,基础组件,城市建筑、第一人称通行、楼层用途,已集成代码生成,src/rendering/architecture-detail.ts:251/252/259/260,现有共享数据驱动代码生成,历史Building/getFloorDimensions/getStairPosition及旧发射器；默认v4地标仍沿用，旧四配方不可删改,BUILT-064,门边石脚、横门枋与朱褐细部,不挤原净洞；一人称原位核尺度；仍须游戏内第一人称/近远切换/日夜实图验收；代码存在不代表美术通过
BUILT-065,旧三面木窗细棂,建筑旧版构件,基础组件,城市建筑、第一人称通行、楼层用途,已集成代码生成,src/rendering/architecture-detail.ts:351,现有共享数据驱动代码生成,历史Building/getFloorDimensions/getStairPosition及旧发射器；默认v4地标仍沿用，旧四配方不可删改,BUILT-065,普通窗三分，宽窗3–12分，双横棂,跟随真实legacy facade layout；仍须游戏内第一人称/近远切换/日夜实图验收；代码存在不代表美术通过
BUILT-066,旧入口基座错缝石浮雕,建筑旧版构件,基础组件,城市建筑、第一人称通行、楼层用途,已集成代码生成,src/rendering/architecture-detail.ts:282/288,现有共享数据驱动代码生成,历史Building/getFloorDimensions/getStairPosition及旧发射器；默认v4地标仍沿用，旧四配方不可删改,BUILT-066,仅邻近立面最多30列/2行，seed色差,近景真实结构边界；不能当完整PBR石材；仍须游戏内第一人称/近远切换/日夜实图验收；代码存在不代表美术通过
BUILT-067,旧窗开间木柱与头梁,建筑旧版构件,基础组件,城市建筑、第一人称通行、楼层用途,已集成代码生成,src/rendering/architecture-detail.ts:329,现有共享数据驱动代码生成,历史Building/getFloorDimensions/getStairPosition及旧发射器；默认v4地标仍沿用，旧四配方不可删改,BUILT-067,窗两侧全高柱/斜撑终止于同柱,梁柱和窗对应；不占门口；仍须游戏内第一人称/近远切换/日夜实图验收；代码存在不代表美术通过
BUILT-068,旧住宅工坊书院窗下护板,建筑旧版构件,基础组件,城市建筑、第一人称通行、楼层用途,已集成代码生成,src/rendering/architecture-detail.ts:339,现有共享数据驱动代码生成,历史Building/getFloorDimensions/getStairPosition及旧发射器；默认v4地标仍沿用，旧四配方不可删改,BUILT-068,仅home/workshop/farm/school窗下生成,与窗/柱开间同一尺度；仍须游戏内第一人称/近远切换/日夜实图验收；代码存在不代表美术通过
BUILT-069,旧墙侧悬挂小牌框,建筑旧版构件,基础组件,城市建筑、第一人称通行、楼层用途,已集成代码生成,src/rendering/architecture-detail.ts:263/264/267,现有共享数据驱动代码生成,历史Building/getFloorDimensions/getStairPosition及旧发射器；默认v4地标仍沿用，旧四配方不可删改,BUILT-069,真实窄牌框、横臂挂墙,牌不随镜头转向；内容取实际功能；仍须游戏内第一人称/近远切换/日夜实图验收；代码存在不代表美术通过
BUILT-070,旧墙侧灯笼杆,建筑旧版构件,基础组件,城市建筑、第一人称通行、楼层用途,已集成代码生成,src/rendering/architecture-detail.ts:270/271/272/273/274,现有共享数据驱动代码生成,历史Building/getFloorDimensions/getStairPosition及旧发射器；默认v4地标仍沿用，旧四配方不可删改,BUILT-070,灯杆贴已有实墙碰撞带,不新造自由站立障碍；局部光尚缺；仍须游戏内第一人称/近远切换/日夜实图验收；代码存在不代表美术通过
BUILT-071,旧木框纸罩灯笼,建筑旧版构件,基础组件,城市建筑、第一人称通行、楼层用途,已集成代码生成,src/rendering/architecture-detail.ts:230,现有共享数据驱动代码生成,历史Building/getFloorDimensions/getStairPosition及旧发射器；默认v4地标仍沿用，旧四配方不可删改,BUILT-071,罩、上下帽、木骨、穗分件,硬边/体素尺度；发光不是已照亮墙地；仍须游戏内第一人称/近远切换/日夜实图验收；代码存在不代表美术通过
BUILT-072,旧亭柱脚与斗拱细部,建筑旧版构件,基础组件,城市建筑、第一人称通行、楼层用途,已集成代码生成,src/rendering/architecture-detail.ts:237,现有共享数据驱动代码生成,历史Building/getFloorDimensions/getStairPosition及旧发射器；默认v4地标仍沿用，旧四配方不可删改,BUILT-072,四柱下两层石脚/上斗拱/斜托,附真亭柱屋檐；不得填开放亭间；仍须游戏内第一人称/近远切换/日夜实图验收；代码存在不代表美术通过
BUILT-073,旧真实飞檐边瓦与瓦口,建筑旧版构件,基础组件,城市建筑、第一人称通行、楼层用途,已集成代码生成,src/rendering/architecture-detail.ts:368,现有共享数据驱动代码生成,历史Building/getFloorDimensions/getStairPosition及旧发射器；默认v4地标仍沿用，旧四配方不可删改,BUILT-073,front roofEdge局部0.6m节奏近瓦口,实际roofEdge同高，不另画浮顶；仍须游戏内第一人称/近远切换/日夜实图验收；代码存在不代表美术通过
BUILT-074,旧飞檐局部成对斗拱,建筑旧版构件,基础组件,城市建筑、第一人称通行、楼层用途,已集成代码生成,src/rendering/architecture-detail.ts:376,现有共享数据驱动代码生成,历史Building/getFloorDimensions/getStairPosition及旧发射器；默认v4地标仍沿用，旧四配方不可删改,BUILT-074,对应真实檐边的双层木托/斜撑,有可读梁柱承接且预算内；仍须游戏内第一人称/近远切换/日夜实图验收；代码存在不代表美术通过
BUILT-075,旧中式歇山式长脊飞檐屋顶,建筑旧版组合,组合模板,城市建筑、第一人称通行、楼层用途,已集成代码生成,src/renderer.ts:466；src/rendering/architecture-layout.ts:14/20,现有共享数据驱动代码生成,Building/FloorPlan共享房间、开洞、楼层、门位；renderer/controller/route共同消费；0.2m世界实体,BUILT-075,roofHeightAt hip；长脊、四角台阶翘檐、梁檐托,历史near/far轮廓保留；现有高粗檐美术仍FAIL，新增改造进可信opt-in配方
BUILT-076,旧中式悬山式屋顶,建筑旧版组合,组合模板,城市建筑、第一人称通行、楼层用途,已集成代码生成,src/renderer.ts:488；src/rendering/architecture-layout.ts:14/20,现有共享数据驱动代码生成,Building/FloorPlan共享房间、开洞、楼层、门位；renderer/controller/route共同消费；0.2m世界实体,BUILT-076,programRoof gable有屋脊/出檐/两端脊饰,历史near/far轮廓保留；现有高粗檐美术仍FAIL，新增改造进可信opt-in配方
BUILT-077,旧工业多跨脊与采光带模板,建筑旧版组合,组合模板,城市建筑、第一人称通行、楼层用途,已集成代码生成,src/renderer.ts:495；src/rendering/architecture-layout.ts:14/20,现有共享数据驱动代码生成,Building/FloorPlan共享房间、开洞、楼层、门位；renderer/controller/route共同消费；0.2m世界实体,BUILT-077,按楼宽生成≥3跨，与真实workshop用途关联,历史near/far轮廓保留；现有高粗檐美术仍FAIL，新增改造进可信opt-in配方
BUILT-078,旧市场主厅脊与两侧平棚模板,建筑旧版组合,组合模板,城市建筑、第一人称通行、楼层用途,已集成代码生成,src/renderer.ts:503；src/rendering/architecture-layout.ts:14/20,现有共享数据驱动代码生成,Building/FloorPlan共享房间、开洞、楼层、门位；renderer/controller/route共同消费；0.2m世界实体,BUILT-078,中部0.66w主脊、两侧0.22w低顶,历史near/far轮廓保留；现有高粗檐美术仍FAIL，新增改造进可信opt-in配方
BUILT-079,旧钱庄医馆平台采光顶模板,建筑旧版组合,组合模板,城市建筑、第一人称通行、楼层用途,已集成代码生成,src/renderer.ts:506；src/rendering/architecture-layout.ts:14/20,现有共享数据驱动代码生成,Building/FloorPlan共享房间、开洞、楼层、门位；renderer/controller/route共同消费；0.2m世界实体,BUILT-079,石平顶/木边/玻璃顶，钱庄中央亭式帽,历史near/far轮廓保留；现有高粗檐美术仍FAIL，新增改造进可信opt-in配方
BUILT-080,旧驿站机场三跨中式候车顶模板,建筑旧版组合,组合模板,城市建筑、第一人称通行、楼层用途,已集成代码生成,src/renderer.ts:512；src/rendering/architecture-layout.ts:14/20,现有共享数据驱动代码生成,Building/FloorPlan共享房间、开洞、楼层、门位；renderer/controller/route共同消费；0.2m世界实体,BUILT-080,三跨低飞檐、中央采光带,历史near/far轮廓保留；现有高粗檐美术仍FAIL，新增改造进可信opt-in配方
BUILT-081,旧渡口低木棚顶模板,建筑旧版组合,组合模板,城市建筑、第一人称通行、楼层用途,已集成代码生成,src/renderer.ts:515；src/rendering/architecture-layout.ts:14/20,现有共享数据驱动代码生成,Building/FloorPlan共享房间、开洞、楼层、门位；renderer/controller/route共同消费；0.2m世界实体,BUILT-081,浅2m gable覆盖0.7d,历史near/far轮廓保留；现有高粗檐美术仍FAIL，新增改造进可信opt-in配方
BUILT-082,旧飞檐远景简化变体,建筑变体,配色尺寸变体,城市建筑、第一人称通行、楼层用途,已集成代码生成,src/renderer.ts:467,现有共享数据驱动代码生成,Building/FloorPlan共享房间、开洞、楼层、门位；renderer/controller/route共同消费；0.2m世界实体,BUILT-075,simple grid仍保长脊，两级采样减屋面预算,只计参数变体，不另算独立屋顶母版；旧发射数据不变
BUILT-083,旧收分层穿孔屋顶变体,建筑变体,配色尺寸变体,城市建筑、第一人称通行、楼层用途,已集成代码生成,src/renderer.ts:312,现有共享数据驱动代码生成,Building/FloorPlan共享房间、开洞、楼层、门位；renderer/controller/route共同消费；0.2m世界实体,BUILT-075,按上层真实footprint生成innerHole,只计参数变体，不另算独立屋顶母版；旧发射数据不变
BUILT-084,旧住宅单/双脊变体,建筑变体,配色尺寸变体,城市建筑、第一人称通行、楼层用途,已集成代码生成,src/renderer.ts:501,现有共享数据驱动代码生成,Building/FloorPlan共享房间、开洞、楼层、门位；renderer/controller/route共同消费；0.2m世界实体,BUILT-076,farm一脊，home宽>35m双脊；seed两青灰色,只计参数变体，不另算独立屋顶母版；旧发射数据不变
BUILT-085,旧用途墙面配色组,建筑变体,配色尺寸变体,城市建筑、第一人称通行、楼层用途,已集成代码生成,src/renderer.ts:288,现有共享数据驱动代码生成,Building/FloorPlan共享房间、开洞、楼层、门位；renderer/controller/route共同消费；0.2m世界实体,BUILT-058,workshop/bank/police/clinic/school/civic/transport各色，其余seed四色,只计参数变体，不另算独立屋顶母版；旧发射数据不变
BUILT-086,天枢阁五级三十层地标模板,地标组合,组合模板,城市建筑、第一人称通行、楼层用途,已集成代码生成,src/world.ts:330/538/543/544；src/renderer.ts:580/584,现有共享数据驱动代码生成,Building/FloorPlan共享房间、开洞、楼层、门位；renderer/controller/route共同消费；0.2m世界实体,BUILT-086,144×112m→72×56m五级收分，每级6层，234m高、2地下层；用途与权限真实,保30层/B1/B2/公共和身份权限、实际门梯；不是现代玻璃CBD主塔
BUILT-087,天枢公务翼院建筑群模板,地标组合,组合模板,城市建筑、第一人称通行、楼层用途,已集成代码生成,src/world.ts:329,现有共享数据驱动代码生成,Building/FloorPlan共享房间、开洞、楼层、门位；renderer/controller/route共同消费；0.2m世界实体,BUILT-087,主阁+行政/数据/能源/应急/议会/使馆/档案/金库/换乘/急救/水运12项固定civicPlan,群体门/路/权限可用，保原位置；城市全景ART仍FAIL
BUILT-088,天枢南侧柱廊门盖,地标构件,基础组件,城市建筑、第一人称通行、楼层用途,已集成代码生成,src/renderer.ts:324/325/326/327,现有共享数据驱动代码生成,Building/FloorPlan共享房间、开洞、楼层、门位；renderer/controller/route共同消费；0.2m世界实体,BUILT-088,六木柱/石脚、0.68w前置屋盖,既有代码形体保留；仍须游戏内第一人称/近远切换/日夜实图验收；代码存在不代表美术通过
BUILT-089,天枢每六层石基与巨柱,地标构件,基础组件,城市建筑、第一人称通行、楼层用途,已集成代码生成,src/renderer.ts:583/584/585,现有共享数据驱动代码生成,Building/FloorPlan共享房间、开洞、楼层、门位；renderer/controller/route共同消费；0.2m世界实体,BUILT-089,五个真实六层体量，6根立面巨柱/石脚,既有代码形体保留；仍须游戏内第一人称/近远切换/日夜实图验收；代码存在不代表美术通过
BUILT-090,天枢级间飞檐外廊,地标构件,基础组件,城市建筑、第一人称通行、楼层用途,已集成代码生成,src/renderer.ts:453/586,现有共享数据驱动代码生成,Building/FloorPlan共享房间、开洞、楼层、门位；renderer/controller/route共同消费；0.2m世界实体,BUILT-090,级间外廊轮廓与暖带跟随真实收分,既有代码形体保留；仍须游戏内第一人称/近远切换/日夜实图验收；代码存在不代表美术通过
BUILT-091,天枢顶层开放观景层,地标构件,基础组件,城市建筑、第一人称通行、楼层用途,已集成代码生成,src/renderer.ts:347/361,现有共享数据驱动代码生成,Building/FloorPlan共享房间、开洞、楼层、门位；renderer/controller/route共同消费；0.2m世界实体,BUILT-091,顶层仅1.1m墙围/角柱/护条，不做封闭盒塔,既有代码形体保留；仍须游戏内第一人称/近远切换/日夜实图验收；代码存在不代表美术通过
BUILT-092,天枢前院灯旗铺地组合,地标构件,组合模板,城市建筑、第一人称通行、楼层用途,已集成代码生成,src/renderer.ts:674,现有共享数据驱动代码生成,Building/FloorPlan共享房间、开洞、楼层、门位；renderer/controller/route共同消费；0.2m世界实体,BUILT-092,96×84m薄铺地/两侧6灯/两旗/中轴能量线,既有代码形体保留；仍须游戏内第一人称/近远切换/日夜实图验收；代码存在不代表美术通过
BUILT-093,可登临观云亭双层屋盖模板,地标构件,组合模板,城市建筑、第一人称通行、楼层用途,已集成代码生成,src/renderer.ts:329/330/334/335,现有共享数据驱动代码生成,Building/FloorPlan共享房间、开洞、楼层、门位；renderer/controller/route共同消费；0.2m世界实体,BUILT-093,四木柱、开放亭间、双层中式飞檐,既有代码形体保留；仍须游戏内第一人称/近远切换/日夜实图验收；代码存在不代表美术通过
BUILT-094,星港停泊能量环,地标构件,基础组件,城市建筑、第一人称通行、楼层用途,已集成代码生成,src/renderer.ts:689,现有共享数据驱动代码生成,Building/FloorPlan共享房间、开洞、楼层、门位；renderer/controller/route共同消费；0.2m世界实体,BUILT-094,"Torus(max42,0.6w)水平环；4×32segment",既有代码形体保留；仍须游戏内第一人称/近远切换/日夜实图验收；代码存在不代表美术通过
BUILT-095,星港中央能量塔光柱,地标构件,基础组件,城市建筑、第一人称通行、楼层用途,已集成代码生成,src/renderer.ts:690,现有共享数据驱动代码生成,Building/FloorPlan共享房间、开洞、楼层、门位；renderer/controller/route共同消费；0.2m世界实体,BUILT-095,屋顶上方35m光柱；与既有候航楼相关,既有代码形体保留；仍须游戏内第一人称/近远切换/日夜实图验收；代码存在不代表美术通过
BUILT-096,旧住宅临街阳台板,建筑旧版外立面,基础组件,城市建筑、第一人称通行、楼层用途,已集成代码生成,src/renderer.ts:530；src/renderer.ts:280,现有共享数据驱动代码生成,旧Building/getFloorDimensions与programExterior；不删可信旧世界；现多为视觉件，身体一致性须单独核,BUILT-096,隔层木阳台板，宽0.28w/深2.4m,保旧四配方发射与defaultv4地标；v4共享body楼在280早返回，不消费该旧外饰；当前美术仍未通过
BUILT-097,旧住宅阳台扶栏,建筑旧版外立面,基础组件,城市建筑、第一人称通行、楼层用途,已集成代码生成,src/renderer.ts:531；src/renderer.ts:280,现有共享数据驱动代码生成,旧Building/getFloorDimensions与programExterior；不删可信旧世界；现多为视觉件，身体一致性须单独核,BUILT-097,横扶手与5根细竖栏，真实楼层挂接,保旧四配方发射与defaultv4地标；v4共享body楼在280早返回，不消费该旧外饰；当前美术仍未通过
BUILT-098,旧住宅门侧石接台和木扶条,建筑旧版外立面,基础组件,城市建筑、第一人称通行、楼层用途,已集成代码生成,src/renderer.ts:536；src/renderer.ts:280,现有共享数据驱动代码生成,旧Building/getFloorDimensions与programExterior；不删可信旧世界；现多为视觉件，身体一致性须单独核,BUILT-098,门侧7m长接台，中央入口保持不占用,保旧四配方发射与defaultv4地标；v4共享body楼在280早返回，不消费该旧外饰；当前美术仍未通过
BUILT-099,旧商肆双侧店檐,建筑旧版外立面,基础组件,城市建筑、第一人称通行、楼层用途,已集成代码生成,src/renderer.ts:540；src/renderer.ts:280,现有共享数据驱动代码生成,旧Building/getFloorDimensions与programExterior；不删可信旧世界；现多为视觉件，身体一致性须单独核,BUILT-099,两侧0.3w宽/5.6m深薄棚，避中央门,保旧四配方发射与defaultv4地标；v4共享body楼在280早返回，不消费该旧外饰；当前美术仍未通过
BUILT-100,旧商肆店檐立柱,建筑旧版外立面,基础组件,城市建筑、第一人称通行、楼层用途,已集成代码生成,src/renderer.ts:541；src/renderer.ts:280,现有共享数据驱动代码生成,旧Building/getFloorDimensions与programExterior；不删可信旧世界；现多为视觉件，身体一致性须单独核,BUILT-100,两侧各两柱0.4m，3.6m高,保旧四配方发射与defaultv4地标；v4共享body楼在280早返回，不消费该旧外饰；当前美术仍未通过
BUILT-101,旧商肆店檐暖牌体,建筑旧版外立面,基础组件,城市建筑、第一人称通行、楼层用途,已集成代码生成,src/renderer.ts:542；src/renderer.ts:280,现有共享数据驱动代码生成,旧Building/getFloorDimensions与programExterior；不删可信旧世界；现多为视觉件，身体一致性须单独核,BUILT-101,店檐墙边0.22w暖色牌体,保旧四配方发射与defaultv4地标；v4共享body楼在280早返回，不消费该旧外饰；当前美术仍未通过
BUILT-102,旧工坊双烟囱结构,建筑旧版外立面,基础组件,城市建筑、第一人称通行、楼层用途,已集成代码生成,src/renderer.ts:554；src/renderer.ts:280,现有共享数据驱动代码生成,旧Building/getFloorDimensions与programExterior；不删可信旧世界；现多为视觉件，身体一致性须单独核,BUILT-102,0.36w两侧2.8m方烟囱，8m高/木顶帽,保旧四配方发射与defaultv4地标；v4共享body楼在280早返回，不消费该旧外饰；当前美术仍未通过
BUILT-103,旧工坊临街高木架,建筑旧版外立面,基础组件,城市建筑、第一人称通行、楼层用途,已集成代码生成,src/renderer.ts:555；src/renderer.ts:280,现有共享数据驱动代码生成,旧Building/getFloorDimensions与programExterior；不删可信旧世界；现多为视觉件，身体一致性须单独核,BUILT-103,五列立面竖木架，中央门段避开,保旧四配方发射与defaultv4地标；v4共享body楼在280早返回，不消费该旧外饰；当前美术仍未通过
BUILT-104,旧工坊门侧装卸石台,建筑旧版外立面,基础组件,城市建筑、第一人称通行、楼层用途,已集成代码生成,src/renderer.ts:556；src/renderer.ts:280,现有共享数据驱动代码生成,旧Building/getFloorDimensions与programExterior；不删可信旧世界；现多为视觉件，身体一致性须单独核,BUILT-104,仅门侧0.2w×3.6×4m石台，不含箱堆,保旧四配方发射与defaultv4地标；v4共享body楼在280早返回，不消费该旧外饰；当前美术仍未通过
BUILT-105,旧钱庄临街石壁柱,建筑旧版外立面,基础组件,城市建筑、第一人称通行、楼层用途,已集成代码生成,src/renderer.ts:558；src/renderer.ts:280,现有共享数据驱动代码生成,旧Building/getFloorDimensions与programExterior；不删可信旧世界；现多为视觉件，身体一致性须单独核,BUILT-105,两侧2/4列通高0.8m石壁柱,保旧四配方发射与defaultv4地标；v4共享body楼在280早返回，不消费该旧外饰；当前美术仍未通过
BUILT-106,旧钱庄中央长玻璃带,建筑旧版外立面,基础组件,城市建筑、第一人称通行、楼层用途,已集成代码生成,src/renderer.ts:559；src/renderer.ts:280,现有共享数据驱动代码生成,旧Building/getFloorDimensions与programExterior；不删可信旧世界；现多为视觉件，身体一致性须单独核,BUILT-106,w*0.32、高0.7h，真实正立面挂接,保旧四配方发射与defaultv4地标；v4共享body楼在280早返回，不消费该旧外饰；当前美术仍未通过
BUILT-107,旧钱庄入口石柱,建筑旧版外立面,基础组件,城市建筑、第一人称通行、楼层用途,已集成代码生成,src/renderer.ts:561；src/renderer.ts:280,现有共享数据驱动代码生成,旧Building/getFloorDimensions与programExterior；不删可信旧世界；现多为视觉件，身体一致性须单独核,BUILT-107,门两侧0.32w处1.2m柱，高5.6m,保旧四配方发射与defaultv4地标；v4共享body楼在280早返回，不消费该旧外饰；当前美术仍未通过
BUILT-108,旧官署书院巡警署门前柱廊,建筑旧版外立面,基础组件,城市建筑、第一人称通行、楼层用途,已集成代码生成,src/renderer.ts:563；src/renderer.ts:280,现有共享数据驱动代码生成,旧Building/getFloorDimensions与programExterior；不删可信旧世界；现多为视觉件，身体一致性须单独核,BUILT-108,4/6/8柱与石脚、短屋盖，区别典礼宽度,保旧四配方发射与defaultv4地标；v4共享body楼在280早返回，不消费该旧外饰；当前美术仍未通过
BUILT-109,旧官署门侧矮石边墙,建筑旧版外立面,基础组件,城市建筑、第一人称通行、楼层用途,已集成代码生成,src/renderer.ts:566；src/renderer.ts:280,现有共享数据驱动代码生成,旧Building/getFloorDimensions与programExterior；不删可信旧世界；现多为视觉件，身体一致性须单独核,BUILT-109,入口两侧墙体与暖牌体，保中央轴,保旧四配方发射与defaultv4地标；v4共享body楼在280早返回，不消费该旧外饰；当前美术仍未通过
BUILT-110,旧巡警署屋顶观察小塔,建筑旧版外立面,基础组件,城市建筑、第一人称通行、楼层用途,已集成代码生成,src/renderer.ts:568；src/renderer.ts:280,现有共享数据驱动代码生成,旧Building/getFloorDimensions与programExterior；不删可信旧世界；现多为视觉件，身体一致性须单独核,BUILT-110,4×6×4m石塔上青灯块,保旧四配方发射与defaultv4地标；v4共享body楼在280早返回，不消费该旧外饰；当前美术仍未通过
BUILT-111,旧驿站航站前厅玻璃带,建筑旧版外立面,基础组件,城市建筑、第一人称通行、楼层用途,已集成代码生成,src/renderer.ts:570；src/renderer.ts:280,现有共享数据驱动代码生成,旧Building/getFloorDimensions与programExterior；不删可信旧世界；现多为视觉件，身体一致性须单独核,BUILT-111,双侧0.32w玻璃、门头青带,保旧四配方发射与defaultv4地标；v4共享body楼在280早返回，不消费该旧外饰；当前美术仍未通过
BUILT-112,旧渡口木栈台,建筑旧版外立面,基础组件,城市建筑、第一人称通行、楼层用途,已集成代码生成,src/renderer.ts:573；src/renderer.ts:280,现有共享数据驱动代码生成,旧Building/getFloorDimensions与programExterior；不删可信旧世界；现多为视觉件，身体一致性须单独核,BUILT-112,宽深+3m厚0.6m木平台,保旧四配方发射与defaultv4地标；v4共享body楼在280早返回，不消费该旧外饰；当前美术仍未通过
BUILT-113,旧渡口木桩显示件,建筑旧版外立面,基础组件,城市建筑、第一人称通行、楼层用途,已集成代码生成,src/renderer.ts:574；src/renderer.ts:280,现有共享数据驱动代码生成,旧Building/getFloorDimensions与programExterior；不删可信旧世界；现多为视觉件，身体一致性须单独核,BUILT-113,两侧各三根0.8m木桩，6m高,保旧四配方发射与defaultv4地标；v4共享body楼在280早返回，不消费该旧外饰；当前美术仍未通过
BUILT-114,旧渡口侧栏显示件,建筑旧版外立面,基础组件,城市建筑、第一人称通行、楼层用途,已集成代码生成,src/renderer.ts:575；src/renderer.ts:280,现有共享数据驱动代码生成,旧Building/getFloorDimensions与programExterior；不删可信旧世界；现多为视觉件，身体一致性须单独核,BUILT-114,两侧横杆/7竖杆，留前后口,保旧四配方发射与defaultv4地标；v4共享body楼在280早返回，不消费该旧外饰；当前美术仍未通过
BUILT-115,旧医馆逐层石窗带,建筑旧版外立面,基础组件,城市建筑、第一人称通行、楼层用途,已集成代码生成,src/renderer.ts:577；src/renderer.ts:280,现有共享数据驱动代码生成,旧Building/getFloorDimensions与programExterior；不删可信旧世界；现多为视觉件，身体一致性须单独核,BUILT-115,各层前石边/玻璃带，公共医馆轮廓,保旧四配方发射与defaultv4地标；v4共享body楼在280早返回，不消费该旧外饰；当前美术仍未通过
BUILT-116,旧医馆红十字外墙标识,建筑旧版外立面,基础组件,城市建筑、第一人称通行、楼层用途,已集成代码生成,src/renderer.ts:578；src/renderer.ts:280,现有共享数据驱动代码生成,旧Building/getFloorDimensions与programExterior；不删可信旧世界；现多为视觉件，身体一致性须单独核,BUILT-116,1.8m横竖朱红符号，挂真实墙侧,保旧四配方发射与defaultv4地标；v4共享body楼在280早返回，不消费该旧外饰；当前美术仍未通过
BUILT-117,旧楼底能源光带与公建竖光条,建筑旧版外立面,基础组件,城市建筑、第一人称通行、楼层用途,已集成代码生成,src/renderer.ts:459；src/renderer.ts:280,现有共享数据驱动代码生成,旧Building/getFloorDimensions与programExterior；不删可信旧世界；现多为视觉件，身体一致性须单独核,BUILT-117,后墙底青光带；core/hall/starport暖带/竖条,保旧四配方发射与defaultv4地标；v4共享body楼在280早返回，不消费该旧外饰；当前美术仍未通过
BUILT-118,既有灰墙微色差程序材质,建筑材质,材质贴图,城市建筑、第一人称通行、楼层用途,已集成代码生成,src/renderer.ts:150,现有共享数据驱动代码生成,BoxBatch/ArchitectureDetailManager，构件方向/UV/instance颜色/昼夜及资源释放,BUILT-118,roughness0.83/metalness0.05；0.2mgrainCell轻微颜色噪声,材质已经接代码，但没有成套normal/roughness贴图，不能称已达参考图；仍须游戏内第一人称/近远切换/日夜实图验收；代码存在不代表美术通过
BUILT-119,既有灰石细接缝程序材质,建筑材质,材质贴图,城市建筑、第一人称通行、楼层用途,已集成代码生成,src/renderer.ts:164,现有共享数据驱动代码生成,BoxBatch/ArchitectureDetailManager，构件方向/UV/instance颜色/昼夜及资源释放,BUILT-119,同主材质参数，y*2.5接缝变暗,材质已经接代码，但没有成套normal/roughness贴图，不能称已达参考图；仍须游戏内第一人称/近远切换/日夜实图验收；代码存在不代表美术通过
BUILT-120,既有深木细纹程序材质,建筑材质,材质贴图,城市建筑、第一人称通行、楼层用途,已集成代码生成,src/renderer.ts:164,现有共享数据驱动代码生成,BoxBatch/ArchitectureDetailManager，构件方向/UV/instance颜色/昼夜及资源释放,BUILT-120,sin(vArchitecture.y*36+x*3)细色差；非完整木材PBR,材质已经接代码，但没有成套normal/roughness贴图，不能称已达参考图；仍须游戏内第一人称/近远切换/日夜实图验收；代码存在不代表美术通过
BUILT-121,既有青灰瓦接缝程序材质,建筑材质,材质贴图,城市建筑、第一人称通行、楼层用途,已集成代码生成,src/renderer.ts:190,现有共享数据驱动代码生成,BoxBatch/ArchitectureDetailManager，构件方向/UV/instance颜色/昼夜及资源释放,BUILT-121,roofMetric按instanceScale，tile2.5×1.7周期/接缝/釉色,材质已经接代码，但没有成套normal/roughness贴图，不能称已达参考图；仍须游戏内第一人称/近远切换/日夜实图验收；代码存在不代表美术通过
BUILT-122,既有青色建筑透明玻璃材质,建筑材质,材质贴图,城市建筑、第一人称通行、楼层用途,已集成代码生成,src/renderer.ts:150,现有共享数据驱动代码生成,BoxBatch/ArchitectureDetailManager，构件方向/UV/instance颜色/昼夜及资源释放,BUILT-122,roughness0.25/metalness0.32；update opacity0.72/depthWritefalse,材质已经接代码，但没有成套normal/roughness贴图，不能称已达参考图；仍须游戏内第一人称/近远切换/日夜实图验收；代码存在不代表美术通过
BUILT-123,既有暖金发光材质,建筑材质,材质贴图,城市建筑、第一人称通行、楼层用途,已集成代码生成,src/renderer.ts:150,现有共享数据驱动代码生成,BoxBatch/ArchitectureDetailManager，构件方向/UV/instance颜色/昼夜及资源释放,BUILT-123,amber emissiveffb05a，昼夜强度0.45→3.45,材质已经接代码，但没有成套normal/roughness贴图，不能称已达参考图；仍须游戏内第一人称/近远切换/日夜实图验收；代码存在不代表美术通过
BUILT-124,既有青色供电发光材质,建筑材质,材质贴图,城市建筑、第一人称通行、楼层用途,已集成代码生成,src/renderer.ts:150,现有共享数据驱动代码生成,BoxBatch/ArchitectureDetailManager，构件方向/UV/instance颜色/昼夜及资源释放,BUILT-124,cyan emissive66dccf，按实际energy调整强度,材质已经接代码，但没有成套normal/roughness贴图，不能称已达参考图；仍须游戏内第一人称/近远切换/日夜实图验收；代码存在不代表美术通过
BUILT-125,既有朱褐实色材质,建筑材质,材质贴图,城市建筑、第一人称通行、楼层用途,已集成代码生成,src/renderer.ts:16,现有共享数据驱动代码生成,BoxBatch/ArchitectureDetailManager，构件方向/UV/instance颜色/昼夜及资源释放,BUILT-125,PALETTE红色954c40；主roughness0.83,材质已经接代码，但没有成套normal/roughness贴图，不能称已达参考图；仍须游戏内第一人称/近远切换/日夜实图验收；代码存在不代表美术通过
BUILT-126,既有近木石瓦细部统一实材质,建筑材质,材质贴图,城市建筑、第一人称通行、楼层用途,已集成代码生成,src/rendering/architecture-detail.ts:392,现有共享数据驱动代码生成,BoxBatch/ArchitectureDetailManager，构件方向/UV/instance颜色/昼夜及资源释放,BUILT-126,MeshStandard粗糙0.82/金属0.025，instancecolors,材质已经接代码，但没有成套normal/roughness贴图，不能称已达参考图；仍须游戏内第一人称/近远切换/日夜实图验收；代码存在不代表美术通过
BUILT-127,既有灯罩细部发光材质,建筑材质,材质贴图,城市建筑、第一人称通行、楼层用途,已集成代码生成,src/rendering/architecture-detail.ts:393,现有共享数据驱动代码生成,BoxBatch/ArchitectureDetailManager，构件方向/UV/instance颜色/昼夜及资源释放,BUILT-127,emissivee4a956/intensity0.42/roughness0.65,材质已经接代码，但没有成套normal/roughness贴图，不能称已达参考图；仍须游戏内第一人称/近远切换/日夜实图验收；代码存在不代表美术通过
BUILT-128,既有远景窗棂立面程序图案,建筑材质,材质贴图,城市建筑、第一人称通行、楼层用途,已集成代码生成,src/renderer.ts:165,现有共享数据驱动代码生成,instanceFacade属性和facadeNight；同Building/FloorPlan轮廓,BUILT-128,instanceFacade按真实楼层/开间生成玻璃窗区和木格；夜发光,只远景外观，无假实体窗/门；与near轮廓一致
BUILT-129,既有立面夜灯与能源带变化,建筑动画,动画特效,城市建筑、第一人称通行、楼层用途,已集成代码生成,src/renderer.ts:805/826,现有共享数据驱动代码生成,SimState.hour/energy；材质uniforms，不能以静态烘焙代替,BUILT-124,按state.hour/daylight/energy改玻璃、暖灯、能量emissive,供电断/夜昼可复验；尚不代表街道真实局部光
BUILT-130,既有木纸灯罩昼夜发光变化,建筑动画,动画特效,城市建筑、第一人称通行、楼层用途,已集成代码生成,src/rendering/architecture-detail.ts:393；src/renderer.ts:808,现有共享数据驱动代码生成,ArchitectureDetailManager.setLighting；实际daylight/energy,BUILT-054,"setLighting(daylight,energy)统一灯罩",不冒称已提供墙地光池；近区释放没有残留
BUILT-131,既有道路实体显示路面,交通设施,基础组件,城市交通、第一人称出行、实体与渲染,已集成代码生成,src/renderer.ts:611；src/transport-geometry.ts:4/31/122,现有共享数据驱动代码生成,WorldDefinition.nodes/edges；NetworkEdge.points/mode；getWalkHeight/transport-geometry/controller；旧五配方和存档,BUILT-131,road宽10m厚0.5m；分段与edge points同中心线,原walkheight保留；新共享结构需同渲染/支撑/坡度
BUILT-132,既有道路中心浅色线,交通设施,基础组件,城市交通、第一人称出行、实体与渲染,已集成代码生成,src/renderer.ts:613；src/transport-geometry.ts:4/31/122,现有共享数据驱动代码生成,WorldDefinition.nodes/edges；NetworkEdge.points/mode；getWalkHeight/transport-geometry/controller；旧五配方和存档,BUILT-132,宽0.16m/高0.08m顺非桥道路中心,标记不可替代合法车道与信号规则
BUILT-133,既有非跑道路面横缝,交通设施,基础组件,城市交通、第一人称出行、实体与渲染,已集成代码生成,src/renderer.ts:623；src/transport-geometry.ts:4/31/122,现有共享数据驱动代码生成,WorldDefinition.nodes/edges；NetworkEdge.points/mode；getWalkHeight/transport-geometry/controller；旧五配方和存档,BUILT-133,每段中心横向7m薄拼缝,保持原deck边界；不制造假障碍
BUILT-134,既有路缘双肩条,交通设施,基础组件,城市交通、第一人称出行、实体与渲染,已集成代码生成,src/renderer.ts:619；src/transport-geometry.ts:4/31/122,现有共享数据驱动代码生成,WorldDefinition.nodes/edges；NetworkEdge.points/mode；getWalkHeight/transport-geometry/controller；旧五配方和存档,BUILT-134,guardrailOffset道路4.75m，两侧0.4m宽0.2m高,看见的路缘和真实通行宽度需一致
BUILT-135,共享交通护栏横杆,交通设施,基础组件,城市交通、第一人称出行、实体与渲染,已集成代码生成,src/renderer.ts:621；src/transport-geometry.ts:4/31/122,现有共享数据驱动代码生成,WorldDefinition.nodes/edges；NetworkEdge.points/mode；getWalkHeight/transport-geometry/controller；旧五配方和存档,BUILT-135,桥/轨道/高架道路；厚0.2m，抬高1.1m；交口留cut,blocksTransportBarrier同guardrailSpans；端部/同层交口不得封路
BUILT-136,既有高架路轨石基础显示件,交通设施,基础组件,城市交通、第一人称出行、实体与渲染,已集成代码生成,src/renderer.ts:626；src/transport-geometry.ts:4/31/122,现有共享数据驱动代码生成,WorldDefinition.nodes/edges；NetworkEdge.points/mode；getWalkHeight/transport-geometry/controller；旧五配方和存档,BUILT-136,跨全edge70/80m节距；8×8/7×7m脚2m厚,现只renderer可见支撑，未共享实体；不得宣称桥下身体障碍已正确
BUILT-137,既有高架路轨墩柱显示件,交通设施,基础组件,城市交通、第一人称出行、实体与渲染,已集成代码生成,src/renderer.ts:626；src/transport-geometry.ts:4/31/122,现有共享数据驱动代码生成,WorldDefinition.nodes/edges；NetworkEdge.points/mode；getWalkHeight/transport-geometry/controller；旧五配方和存档,BUILT-137,路4m/轨3m柱，terrain至deck,须新descriptor身体授权后再称真实柱阻挡
BUILT-138,既有高架路轨墩帽显示件,交通设施,基础组件,城市交通、第一人称出行、实体与渲染,已集成代码生成,src/renderer.ts:626；src/transport-geometry.ts:4/31/122,现有共享数据驱动代码生成,WorldDefinition.nodes/edges；NetworkEdge.points/mode；getWalkHeight/transport-geometry/controller；旧五配方和存档,BUILT-138,deck下宽width+1/厚1.8m/长4m承托,梁墩净空和terrain锚固仍需对应body检查
BUILT-139,既有高墩中间拉结显示件,交通设施,基础组件,城市交通、第一人称出行、实体与渲染,已集成代码生成,src/renderer.ts:626；src/transport-geometry.ts:4/31/122,现有共享数据驱动代码生成,WorldDefinition.nodes/edges；NetworkEdge.points/mode；getWalkHeight/transport-geometry/controller；旧五配方和存档,BUILT-139,tall>25m，每16m木拉结,不得遮桥下/下层路；仅视觉当前
BUILT-140,既有轨道高架路床,交通设施,基础组件,城市交通、第一人称出行、实体与渲染,已集成代码生成,src/renderer.ts:611；src/transport-geometry.ts:4/31/122,现有共享数据驱动代码生成,WorldDefinition.nodes/edges；NetworkEdge.points/mode；getWalkHeight/transport-geometry/controller；旧五配方和存档,BUILT-140,maglev/lightRail宽6m厚1.4m，中心偏-.9m,原轨道实际路线保；承力件实体还需共享
BUILT-141,既有双青色轨道导轨,交通设施,基础组件,城市交通、第一人称出行、实体与渲染,已集成代码生成,src/renderer.ts:612；src/transport-geometry.ts:4/31/122,现有共享数据驱动代码生成,WorldDefinition.nodes/edges；NetworkEdge.points/mode；getWalkHeight/transport-geometry/controller；旧五配方和存档,BUILT-141,x偏±1.8m双导轨，0.28×0.24m,沿edge中心线方向，不能冒称磁浮机制完整
BUILT-142,既有轨道侧缘保护条,交通设施,基础组件,城市交通、第一人称出行、实体与渲染,已集成代码生成,src/renderer.ts:619；src/transport-geometry.ts:4/31/122,现有共享数据驱动代码生成,WorldDefinition.nodes/edges；NetworkEdge.points/mode；getWalkHeight/transport-geometry/controller；旧五配方和存档,BUILT-142,offset2.75m，两侧0.35×0.5m条,同护栏真实开口和站台关系
BUILT-143,既有缆车承载索与能量线,交通设施,基础组件,城市交通、第一人称出行、实体与渲染,已集成代码生成,src/renderer.ts:599；src/transport-geometry.ts:4/31/122,现有共享数据驱动代码生成,WorldDefinition.nodes/edges；NetworkEdge.points/mode；getWalkHeight/transport-geometry/controller；旧五配方和存档,BUILT-143,wood0.45m索高9m/cyan0.15m索高8.5m,原路线/站点可消费；独立terrain支柱当前未定义
BUILT-144,既有崖壁升降机开放四柱井架,交通设施,基础组件,城市交通、第一人称出行、实体与渲染,已集成代码生成,src/renderer.ts:601；src/transport-geometry.ts:4/31/122,现有共享数据驱动代码生成,WorldDefinition.nodes/edges；NetworkEdge.points/mode；getWalkHeight/transport-geometry/controller；旧五配方和存档,BUILT-144,±2.5m四柱0.6m厚，12m横梁圈，保持中央轴开放,显示/车体/上下landing接口实核；不把landing叫接岸桥台
BUILT-145,既有升降机侧导轨发光线,交通设施,基础组件,城市交通、第一人称出行、实体与渲染,已集成代码生成,src/renderer.ts:607；src/transport-geometry.ts:4/31/122,现有共享数据驱动代码生成,WorldDefinition.nodes/edges；NetworkEdge.points/mode；getWalkHeight/transport-geometry/controller；旧五配方和存档,BUILT-145,x+3.2m侧导轨0.3m,升降路线高度权威，不侵中央乘舱
BUILT-146,既有9m桥面,交通设施,基础组件,城市交通、第一人称出行、实体与渲染,已集成代码生成,src/renderer.ts:611；src/transport-geometry.ts:4/31/122,现有共享数据驱动代码生成,WorldDefinition.nodes/edges；NetworkEdge.points/mode；getWalkHeight/transport-geometry/controller；旧五配方和存档,BUILT-146,bridge 9m宽0.5m显示面，edge.points路高,完整桥支撑renderer/body现不一致，现有不可判整桥通过
BUILT-147,既有桥栏立柱,交通设施,基础组件,城市交通、第一人称出行、实体与渲染,已集成代码生成,src/renderer.ts:648；src/transport-geometry.ts:4/31/122,现有共享数据驱动代码生成,WorldDefinition.nodes/edges；NetworkEdge.points/mode；getWalkHeight/transport-geometry/controller；旧五配方和存档,BUILT-147,按桥长约8m节奏，有guardrail处生成,对shared rail切口同位；桥下还未实体授权
BUILT-148,既有长桥主悬索,交通设施,基础组件,城市交通、第一人称出行、实体与渲染,已集成代码生成,src/renderer.ts:650；src/transport-geometry.ts:4/31/122,现有共享数据驱动代码生成,WorldDefinition.nodes/edges；NetworkEdge.points/mode；getWalkHeight/transport-geometry/controller；旧五配方和存档,BUILT-148,length>140自动suspension；两侧曲线最高+30m,旧四桥皆此轮廓；应有可信端锚，不凭曲线判承力
BUILT-149,既有长桥竖吊杆,交通设施,基础组件,城市交通、第一人称出行、实体与渲染,已集成代码生成,src/renderer.ts:654；src/transport-geometry.ts:4/31/122,现有共享数据驱动代码生成,WorldDefinition.nodes/edges；NetworkEdge.points/mode；getWalkHeight/transport-geometry/controller；旧五配方和存档,BUILT-149,从deck+1.1到主缆，每8m左右,与主索/桥面真实连接；当前renderer专件
BUILT-150,既有桥塔石基础显示件,交通设施,基础组件,城市交通、第一人称出行、实体与渲染,已集成代码生成,src/renderer.ts:661；src/transport-geometry.ts:4/31/122,现有共享数据驱动代码生成,WorldDefinition.nodes/edges；NetworkEdge.points/mode；getWalkHeight/transport-geometry/controller；旧五配方和存档,BUILT-150,"tower脚9×1.6×9m，ground取min(terrain,deck-2.6)",真实terrain采点、body一致尚未满足
BUILT-151,既有悬桥塔柱显示件,交通设施,基础组件,城市交通、第一人称出行、实体与渲染,已集成代码生成,src/renderer.ts:662；src/transport-geometry.ts:4/31/122,现有共享数据驱动代码生成,WorldDefinition.nodes/edges；NetworkEdge.points/mode；getWalkHeight/transport-geometry/controller；旧五配方和存档,BUILT-151,两端0.16/0.84fraction塔柱，2m宽高至deck+32m,实体净空与锚地须共享；不能只看截图
BUILT-152,既有悬桥塔横梁与冠盖,交通设施,基础组件,城市交通、第一人称出行、实体与渲染,已集成代码生成,src/renderer.ts:663；src/transport-geometry.ts:4/31/122,现有共享数据驱动代码生成,WorldDefinition.nodes/edges；NetworkEdge.points/mode；getWalkHeight/transport-geometry/controller；旧五配方和存档,BUILT-152,塔间1.6m横梁及小中式roof冠,不能遮真实车辆/身体可行层
BUILT-153,既有桥两端巨大矩形端块,交通设施,基础组件,城市交通、第一人称出行、实体与渲染,已集成代码生成,src/renderer.ts:666；src/transport-geometry.ts:4/31/122,现有共享数据驱动代码生成,WorldDefinition.nodes/edges；NetworkEdge.points/mode；getWalkHeight/transport-geometry/controller；旧五配方和存档,BUILT-153,"12m宽×10m深×max(1,deck-terrain)高；高桥曾154.6m高",已知FAIL：看似实心但body未消费；保真实负例，不隐藏桥掩盖
BUILT-154,既有22×18m站台显示件,交通设施,基础组件,城市交通、第一人称出行、实体与渲染,已集成代码生成,src/renderer.ts:632；src/transport-geometry.ts:4/31/122,现有共享数据驱动代码生成,WorldDefinition.nodes/edges；NetworkEdge.points/mode；getWalkHeight/transport-geometry/controller；旧五配方和存档,BUILT-154,所有station节点底厚1m，cyan边线,真实站点/上车下车点同位；显示站台并非已共享结构
BUILT-155,既有站台两柱候车棚,交通设施,基础组件,城市交通、第一人称出行、实体与渲染,已集成代码生成,src/renderer.ts:632；src/transport-geometry.ts:4/31/122,现有共享数据驱动代码生成,WorldDefinition.nodes/edges；NetworkEdge.points/mode；getWalkHeight/transport-geometry/controller；旧五配方和存档,BUILT-155,两木柱6m高、23×11m薄屋盖,与实际车体/乘客路保持净空
BUILT-156,既有站台信号杆与牌体,交通设施,基础组件,城市交通、第一人称出行、实体与渲染,已集成代码生成,src/renderer.ts:632；src/transport-geometry.ts:4/31/122,现有共享数据驱动代码生成,WorldDefinition.nodes/edges；NetworkEdge.points/mode；getWalkHeight/transport-geometry/controller；旧五配方和存档,BUILT-156,node+x12/z11的杆和牌,信号实际state.signals同id；不能按装饰自行变灯
BUILT-157,既有道路路口杆,交通设施,基础组件,城市交通、第一人称出行、实体与渲染,已集成代码生成,src/renderer.ts:633；src/transport-geometry.ts:4/31/122,现有共享数据驱动代码生成,WorldDefinition.nodes/edges；NetworkEdge.points/mode；getWalkHeight/transport-geometry/controller；旧五配方和存档,BUILT-157,junction/road节点+x4/z4的4.4m木杆,当前不含对应真实局部光；实体柱体还需共享
BUILT-158,既有南岫960×44m跑道,交通设施,基础组件,城市交通、第一人称出行、实体与渲染,已集成代码生成,src/world.ts:653/654/656/657；src/transport-geometry.ts:4；src/renderer.ts:610/611,现有共享数据驱动代码生成,WorldDefinition.nodes/edges；NetworkEdge.points/mode；getWalkHeight/transport-geometry/controller；旧五配方和存档,BUILT-158,world 710→1670m/14.6m高；deckWidth跑道44m,实际交通edge/身体/航空路线同源；不能算完整机场
BUILT-159,既有跑道暖色中心短划,交通设施,基础组件,城市交通、第一人称出行、实体与渲染,已集成代码生成,src/renderer.ts:684,现有共享数据驱动代码生成,WorldDefinition.nodes/edges；NetworkEdge.points/mode；getWalkHeight/transport-geometry/controller；旧五配方和存档,BUILT-159,每route段中心6×1m薄条,须真实跑道坐标上；不误当taxiway或stand
BUILT-160,既有跑道两侧青灯点,交通设施,基础组件,城市交通、第一人称出行、实体与渲染,已集成代码生成,src/renderer.ts:684；src/transport-geometry.ts:4/31/122,现有共享数据驱动代码生成,WorldDefinition.nodes/edges；NetworkEdge.points/mode；getWalkHeight/transport-geometry/controller；旧五配方和存档,BUILT-160,z±16.5m灯点0.9×0.3×0.9m,现emissive显示件，机场灯光序列和真实点光未实现
BUILT-161,既有地面道路连接语法,交通组合,组合模板,城市交通、第一人称出行、实体与渲染,已集成代码生成,src/world.ts:345/572/576,现有共享数据驱动代码生成,WorldDefinition.nodes/edges；NetworkEdge.points/mode；getWalkHeight/transport-geometry/controller；旧五配方和存档,BUILT-161,正交障碍路由连接每楼真实门至站点，quarter四驿接主干,不可把图路径可达当真实W；坡面/门接合实测
BUILT-162,既有跨城高架轨道语法,交通组合,组合模板,城市交通、第一人称出行、实体与渲染,已集成代码生成,src/world.ts:628/629,现有共享数据驱动代码生成,WorldDefinition.nodes/edges；NetworkEdge.points/mode；getWalkHeight/transport-geometry/controller；旧五配方和存档,BUILT-162,4maglev/5lightRail route；ceilings/分段按真实站点和坡度,旧路点/存档不改，列车实体真实走原edge
BUILT-163,既有山顶缆车连接语法,交通组合,组合模板,城市交通、第一人称出行、实体与渲染,已集成代码生成,src/world.ts:630/631,现有共享数据驱动代码生成,WorldDefinition.nodes/edges；NetworkEdge.points/mode；getWalkHeight/transport-geometry/controller；旧五配方和存档,BUILT-163,政府→山顶、天枢→山顶两缆车edge,可达亭路线真实换乘；不能凭空中线判步行
BUILT-164,既有151m崖底至崖上升降连接,交通组合,组合模板,城市交通、第一人称出行、实体与渲染,已集成代码生成,src/world.ts:566/567/633,现有共享数据驱动代码生成,WorldDefinition.nodes/edges；NetworkEdge.points/mode；getWalkHeight/transport-geometry/controller；旧五配方和存档,BUILT-164,"core-lift-bottom(140,103.6,35)→top(140,254.6,35)",上下站真实登离载具及landing/桥接口可验；保相同水平轴
BUILT-165,既有溪谷水运泊点与线路语法,交通组合,组合模板,城市交通、第一人称出行、实体与渲染,已集成代码生成,src/world.ts:636/637/646/647/650,现有共享数据驱动代码生成,WorldDefinition.nodes/edges；NetworkEdge.points/mode；getWalkHeight/transport-geometry/controller；旧五配方和存档,BUILT-165,清溪↔千灯，瀑云潭↔千灯两条三点ferry线路,泊点水位/船体/上下船接口可验；不能静态河线称全河可航
BUILT-166,既有机场站至跑道道路连接,交通组合,组合模板,城市交通、第一人称出行、实体与渲染,已集成代码生成,src/world.ts:658；开发备忘录.md:17,现有共享数据驱动代码生成,WorldDefinition.nodes/edges；NetworkEdge.points/mode；getWalkHeight/transport-geometry/controller；旧五配方和存档,BUILT-166,跑道西端连机场站，航站楼本体约50m高/705m横向间距,当前高度/距离割裂明确；真实机场平展群组织仍缺
BUILT-167,既有跑道起降公共航线模板,交通组合,组合模板,城市交通、第一人称出行、实体与渲染,已集成代码生成,src/world.ts:659/660,现有共享数据驱动代码生成,WorldDefinition.nodes/edges；NetworkEdge.points/mode；getWalkHeight/transport-geometry/controller；旧五配方和存档,BUILT-167,共享跑道滚行后上升，连接星港与工坊两flight边,仅两班机路线，不代表有机坪/多泊位；公共fleet和驾驶AerialVehicle分契约
BUILT-168,既有站点红绿灯变化,交通动画,动画特效,城市交通、第一人称出行、实体与渲染,已集成代码生成,src/renderer.ts:237/831；src/simulation.ts:634,现有共享数据驱动代码生成,WorldDefinition.nodes/edges；NetworkEdge.points/mode；getWalkHeight/transport-geometry/controller；旧五配方和存档,BUILT-156,红绿实例取state.signals；原驾驶按路口规则,实际行车守灯；夜昼灯色可辨且不虚构独立状态
BUILT-169,既有公共交通三块载具体代理母版,载具结构,组合模板,城市交通、第一人称出行、实体与渲染,已集成代码生成,src/renderer.ts:756/839,现有共享数据驱动代码生成,Vehicle.id/kind/edgeId/progress/direction；vehiclePools/Simulation trusted fleet,BUILT-169,body/head/trim三盒池，共享SimState.vehicles位置/方向,现无轮组/驾驶门/完整翼机体细节；代码代理不称艺术成品
BUILT-170,道路客运/货運车代理变体,载具变体,配色尺寸变体,城市交通、第一人称出行、实体与渲染,已集成代码生成,src/renderer.ts:839/841；src/simulation.ts:120/130,现有共享数据驱动代码生成,Vehicle.kind=road；真实edge及boarding/driving/leaveVehicle状态,BUILT-169,长5.5m/宽2.5m/body高1.5m；客车货车共外观，不是两独立母版,必须取同一Vehicle权威位置/方向，不新增假车与假客流；完整外观尚缺
BUILT-171,磁悬浮列车代理变体,载具变体,配色尺寸变体,城市交通、第一人称出行、实体与渲染,已集成代码生成,src/renderer.ts:839/841；src/simulation.ts:120/130,现有共享数据驱动代码生成,Vehicle.kind=maglev；真实edge及boarding/driving/leaveVehicle状态,BUILT-169,长16m/宽3.3m/body高1.5m；head上方0.8m,必须取同一Vehicle权威位置/方向，不新增假车与假客流；完整外观尚缺
BUILT-172,轻轨列车代理变体,载具变体,配色尺寸变体,城市交通、第一人称出行、实体与渲染,已集成代码生成,src/renderer.ts:839/841；src/simulation.ts:120/130,现有共享数据驱动代码生成,Vehicle.kind=lightRail；真实edge及boarding/driving/leaveVehicle状态,BUILT-169,与maglev同尺寸同外观；kind仅区分实际路线,必须取同一Vehicle权威位置/方向，不新增假车与假客流；完整外观尚缺
BUILT-173,缆车轿厢代理变体,载具变体,配色尺寸变体,城市交通、第一人称出行、实体与渲染,已集成代码生成,src/renderer.ts:839/841；src/simulation.ts:120/130,现有共享数据驱动代码生成,Vehicle.kind=cable；真实edge及boarding/driving/leaveVehicle状态,BUILT-169,长3.5m/宽2.5m，车体上移2.5m,必须取同一Vehicle权威位置/方向，不新增假车与假客流；完整外观尚缺
BUILT-174,升降机乘舱代理变体,载具变体,配色尺寸变体,城市交通、第一人称出行、实体与渲染,已集成代码生成,src/renderer.ts:839/841；src/simulation.ts:120/130,现有共享数据驱动代码生成,Vehicle.kind=lift；真实edge及boarding/driving/leaveVehicle状态,BUILT-169,默认5.5×2.5m三盒乘舱，vertical edge移动,必须取同一Vehicle权威位置/方向，不新增假车与假客流；完整外观尚缺
BUILT-175,渡船本体代理变体,载具变体,配色尺寸变体,城市交通、第一人称出行、实体与渲染,已集成代码生成,src/renderer.ts:839/841；src/simulation.ts:120/130,现有共享数据驱动代码生成,Vehicle.kind=ferry；真实edge及boarding/driving/leaveVehicle状态,BUILT-169,长11m/宽4.5m/body高1.5m；无独立船底曲面,必须取同一Vehicle权威位置/方向，不新增假车与假客流；完整外观尚缺
BUILT-176,公共班机本体代理变体,载具变体,配色尺寸变体,城市交通、第一人称出行、实体与渲染,已集成代码生成,src/renderer.ts:839/841；src/simulation.ts:120/130,现有共享数据驱动代码生成,Vehicle.kind=flight；真实edge及boarding/driving/leaveVehicle状态,BUILT-169,body长17m/宽14m/高0.8m，head宽3m/高1.8m；未分独立机翼,必须取同一Vehicle权威位置/方向，不新增假车与假客流；完整外观尚缺
BUILT-177,既有公共载具体壳盒,载具结构,基础组件,城市交通、第一人称出行、实体与渲染,已集成代码生成,src/renderer.ts:840,现有共享数据驱动代码生成,WorldDefinition.nodes/edges；NetworkEdge.points/mode；getWalkHeight/transport-geometry/controller；旧五配方和存档,BUILT-177,共享body几何依mode设置width/height/length,非完整客车/船/飞机精细母版；pool不得泄漏
BUILT-178,既有公共载具上部玻璃盒,载具结构,基础组件,城市交通、第一人称出行、实体与渲染,已集成代码生成,src/renderer.ts:841,现有共享数据驱动代码生成,WorldDefinition.nodes/edges；NetworkEdge.points/mode；getWalkHeight/transport-geometry/controller；旧五配方和存档,BUILT-178,head玻璃色517f82，按mode形体,不能作为真实可进入驾驶舱几何证明
BUILT-179,既有公共载具底部能量饰带,载具结构,基础组件,城市交通、第一人称出行、实体与渲染,已集成代码生成,src/renderer.ts:842,现有共享数据驱动代码生成,WorldDefinition.nodes/edges；NetworkEdge.points/mode；getWalkHeight/transport-geometry/controller；旧五配方和存档,BUILT-179,width+.25/高.2/长.85length,外饰动态位置跟随Vehicle，同真实能源材质
BUILT-180,既有公共车船班机沿线运动,载具动画,动画特效,城市交通、第一人称出行、实体与渲染,已集成代码生成,src/renderer.ts:835；src/simulation.ts:130/693,现有共享数据驱动代码生成,WorldDefinition.nodes/edges；NetworkEdge.points/mode；getWalkHeight/transport-geometry/controller；旧五配方和存档,BUILT-169,取实际progress/position/direction；玩家驾车脱离自动时仍同实体,真实状态移动不是预设动画；保货运/班次/信号/乘客
BUILT-181,城市7m无人机租用机位母版,航空设施,组合模板,城市实际获取载具、登机驾驶与落地退出,已集成代码生成,src/aviation-renderer.ts:20/23；src/aviation.ts:23,现有共享数据驱动代码生成,AviationPad/AerialVehicle；getAviationPads；租用/登机/驾驶/降落/退出/归还权威状态,BUILT-181,7×.2×7m站台、三条金标；getWalkHeight平整候选并避楼,玩家从街道实际抵达/租用/登机/驾驶/降落/退出；不独立切模式
BUILT-182,机场14m勤务机位尺寸变体,航空变体,配色尺寸变体,城市实际获取载具、登机驾驶与落地退出,已集成代码生成,src/aviation-renderer.ts:21；src/aviation.ts:44,现有共享数据驱动代码生成,AviationPad/AerialVehicle；getAviationPads；租用/登机/驾驶/降落/退出/归还权威状态,BUILT-181,military站台14m；源自同pad母版,同AviationPad权威位置；非完整apron停机体系
BUILT-183,城市机位标杆与空白牌体,航空设施,基础组件,城市实际获取载具、登机驾驶与落地退出,已集成代码生成,src/aviation-renderer.ts:26/27,现有共享数据驱动代码生成,AviationPad/AerialVehicle；getAviationPads；租用/登机/驾驶/降落/退出/归还权威状态,BUILT-183,机位侧0.2m杆高3m，上1.8×.8m牌体,不挡登机路径；用途与pad.kind匹配
BUILT-184,城市可租乘四旋翼本体模板,航空组合,组合模板,城市实际获取载具、登机驾驶与落地退出,已集成代码生成,src/aviation-renderer.ts:29/31/40,现有共享数据驱动代码生成,AviationPad/AerialVehicle；getAviationPads；租用/登机/驾驶/降落/退出/归还权威状态,BUILT-184,机身1.6×.8×2.8m/玻璃侧舱/顶盖/4臂4旋翼4脚,必须与真实aircraft id/位置/登离接口对应；当前程序块体美术待验
BUILT-185,机场可驾驶勤务飞机本体模板,航空组合,组合模板,城市实际获取载具、登机驾驶与落地退出,已集成代码生成,src/aviation-renderer.ts:30/31/35,现有共享数据驱动代码生成,AviationPad/AerialVehicle；getAviationPads；租用/登机/驾驶/降落/退出/归还权威状态,BUILT-185,机身2×.8×7.2m，8.4m翼/尾/暗色动力体,真实身份与权威飞机状态；不是公共航班代理换称完整飞机
BUILT-186,四旋翼支臂,航空构件,基础组件,城市实际获取载具、登机驾驶与落地退出,已集成代码生成,src/aviation-renderer.ts:43,现有共享数据驱动代码生成,AviationPad/AerialVehicle；getAviationPads；租用/登机/驾驶/降落/退出/归还权威状态,BUILT-186,4根1.8×.2×.2m支臂,保持原AerialVehicle坐标；视觉边界/翼脚/玩家眼位实核；仍须游戏内第一人称/近远切换/日夜实图验收；代码存在不代表美术通过
BUILT-187,四旋翼旋翼叶片,航空构件,基础组件,城市实际获取载具、登机驾驶与落地退出,已集成代码生成,src/aviation-renderer.ts:44,现有共享数据驱动代码生成,AviationPad/AerialVehicle；getAviationPads；租用/登机/驾驶/降落/退出/归还权威状态,BUILT-187,4片2×.08×.2m金色叶片,保持原AerialVehicle坐标；视觉边界/翼脚/玩家眼位实核；仍须游戏内第一人称/近远切换/日夜实图验收；代码存在不代表美术通过
BUILT-188,四旋翼落地支脚,航空构件,基础组件,城市实际获取载具、登机驾驶与落地退出,已集成代码生成,src/aviation-renderer.ts:45,现有共享数据驱动代码生成,AviationPad/AerialVehicle；getAviationPads；租用/登机/驾驶/降落/退出/归还权威状态,BUILT-188,4根.2×.8×.2m暗色脚,保持原AerialVehicle坐标；视觉边界/翼脚/玩家眼位实核；仍须游戏内第一人称/近远切换/日夜实图验收；代码存在不代表美术通过
BUILT-189,城市场景飞机双侧玻璃舱片,航空构件,基础组件,城市实际获取载具、登机驾驶与落地退出,已集成代码生成,src/aviation-renderer.ts:33,现有共享数据驱动代码生成,AviationPad/AerialVehicle；getAviationPads；租用/登机/驾驶/降落/退出/归还权威状态,BUILT-189,左右.2×1.2×2m舱片；保眼位视线,保持原AerialVehicle坐标；视觉边界/翼脚/玩家眼位实核；仍须游戏内第一人称/近远切换/日夜实图验收；代码存在不代表美术通过
BUILT-190,城市场景飞机顶舱盖,航空构件,基础组件,城市实际获取载具、登机驾驶与落地退出,已集成代码生成,src/aviation-renderer.ts:34,现有共享数据驱动代码生成,AviationPad/AerialVehicle；getAviationPads；租用/登机/驾驶/降落/退出/归还权威状态,BUILT-190,1.8×.2×2.4m顶盖,保持原AerialVehicle坐标；视觉边界/翼脚/玩家眼位实核；仍须游戏内第一人称/近远切换/日夜实图验收；代码存在不代表美术通过
BUILT-191,勤务飞机主翼,航空构件,基础组件,城市实际获取载具、登机驾驶与落地退出,已集成代码生成,src/aviation-renderer.ts:36,现有共享数据驱动代码生成,AviationPad/AerialVehicle；getAviationPads；租用/登机/驾驶/降落/退出/归还权威状态,BUILT-191,8.4×.2×2.4m真实视觉翼,保持原AerialVehicle坐标；视觉边界/翼脚/玩家眼位实核；仍须游戏内第一人称/近远切换/日夜实图验收；代码存在不代表美术通过
BUILT-192,勤务飞机垂尾,航空构件,基础组件,城市实际获取载具、登机驾驶与落地退出,已集成代码生成,src/aviation-renderer.ts:37,现有共享数据驱动代码生成,AviationPad/AerialVehicle；getAviationPads；租用/登机/驾驶/降落/退出/归还权威状态,BUILT-192,.4×1.8×2m尾鳍,保持原AerialVehicle坐标；视觉边界/翼脚/玩家眼位实核；仍须游戏内第一人称/近远切换/日夜实图验收；代码存在不代表美术通过
BUILT-193,勤务飞机水平尾翼,航空构件,基础组件,城市实际获取载具、登机驾驶与落地退出,已集成代码生成,src/aviation-renderer.ts:38,现有共享数据驱动代码生成,AviationPad/AerialVehicle；getAviationPads；租用/登机/驾驶/降落/退出/归还权威状态,BUILT-193,4×.2×1m尾翼,保持原AerialVehicle坐标；视觉边界/翼脚/玩家眼位实核；仍须游戏内第一人称/近远切换/日夜实图验收；代码存在不代表美术通过
BUILT-194,勤务飞机动力/暗色进出气体,航空构件,基础组件,城市实际获取载具、登机驾驶与落地退出,已集成代码生成,src/aviation-renderer.ts:39,现有共享数据驱动代码生成,AviationPad/AerialVehicle；getAviationPads；租用/登机/驾驶/降落/退出/归还权威状态,BUILT-194,尾前暗色动力盒+两侧1.6m盒体,保持原AerialVehicle坐标；视觉边界/翼脚/玩家眼位实核；仍须游戏内第一人称/近远切换/日夜实图验收；代码存在不代表美术通过
BUILT-195,登机眼位下可见操纵台壳,航空构件,基础组件,城市实际获取载具、登机驾驶与落地退出,已集成代码生成,src/aviation-renderer.ts:32,现有共享数据驱动代码生成,AviationPad/AerialVehicle；getAviationPads；租用/登机/驾驶/降落/退出/归还权威状态,BUILT-195,1.2×.2×1.4m暗色控制台，坐于玩家眼位下,只本体附属操纵件；真实controls不由模型面片决定
BUILT-196,城市无人机旋翼旋转,航空动画,动画特效,城市实际获取载具、登机驾驶与落地退出,已集成代码生成,src/aviation-renderer.ts:51/57,现有共享数据驱动代码生成,AviationPad/AerialVehicle；getAviationPads；租用/登机/驾驶/降落/退出/归还权威状态,BUILT-187,status非parked时elapsed*35转动；parked停转,真实status消费；不另生成假无人机
BUILT-197,城市飞机姿态及降落运动,航空动画,动画特效,城市实际获取载具、登机驾驶与落地退出,已集成代码生成,src/aviation-renderer.ts:52/55；src/aviation.ts:58,现有共享数据驱动代码生成,AviationPad/AerialVehicle；getAviationPads；租用/登机/驾驶/降落/退出/归还权威状态,BUILT-184,权威position/yaw/pitch；parked pitch0，YXZ姿态,实际城市身份获取与落地退出可验；不当独立飞行游戏
BUILT-198,城市无人机浅青壳材质,航空材质,材质贴图,城市实际获取载具、登机驾驶与落地退出,已集成代码生成,src/aviation-renderer.ts:15/16,现有共享数据驱动代码生成,AviationPad/AerialVehicle；getAviationPads；租用/登机/驾驶/降落/退出/归还权威状态,BUILT-198,bodya9c4bd/roughness.75,目前纯色StandardMaterial；完整外观/PBR贴图仍待艺术验收
BUILT-199,勤务飞机深灰青壳材质,航空材质,材质贴图,城市实际获取载具、登机驾驶与落地退出,已集成代码生成,src/aviation-renderer.ts:15/16,现有共享数据驱动代码生成,AviationPad/AerialVehicle；getAviationPads；租用/登机/驾驶/降落/退出/归还权威状态,BUILT-199,military465b60/roughness.75,目前纯色StandardMaterial；完整外观/PBR贴图仍待艺术验收
BUILT-200,城市飞机半透明舱玻璃材质,航空材质,材质贴图,城市实际获取载具、登机驾驶与落地退出,已集成代码生成,src/aviation-renderer.ts:15/16,现有共享数据驱动代码生成,AviationPad/AerialVehicle；getAviationPads；租用/登机/驾驶/降落/退出/归还权威状态,BUILT-200,77b7b5/opacity.28/depthWritefalse/metalness.25,目前纯色StandardMaterial；完整外观/PBR贴图仍待艺术验收
BUILT-201,城市航空支臂动力暗色材质,航空材质,材质贴图,城市实际获取载具、登机驾驶与落地退出,已集成代码生成,src/aviation-renderer.ts:15/16,现有共享数据驱动代码生成,AviationPad/AerialVehicle；getAviationPads；租用/登机/驾驶/降落/退出/归还权威状态,BUILT-201,263a3b/roughness.75,目前纯色StandardMaterial；完整外观/PBR贴图仍待艺术验收
BUILT-202,城市航空旋翼和机位金标材质,航空材质,材质贴图,城市实际获取载具、登机驾驶与落地退出,已集成代码生成,src/aviation-renderer.ts:15/16,现有共享数据驱动代码生成,AviationPad/AerialVehicle；getAviationPads；租用/登机/驾驶/降落/退出/归还权威状态,BUILT-202,d1ad64/roughness.75,目前纯色StandardMaterial；完整外观/PBR贴图仍待艺术验收
BUILT-203,城市机位灰石材质,航空材质,材质贴图,城市实际获取载具、登机驾驶与落地退出,已集成代码生成,src/aviation-renderer.ts:15/16,现有共享数据驱动代码生成,AviationPad/AerialVehicle；getAviationPads；租用/登机/驾驶/降落/退出/归还权威状态,BUILT-203,747b72/roughness.75,目前纯色StandardMaterial；完整外观/PBR贴图仍待艺术验收
BUILT-204,453m天枢高桥共享结构实验模板,隔离交通,组合模板,城市交通、第一人称出行、实体与渲染,隔离原型未集成,/tmp/yunshan-city-structure-audit-01/prototype/src/bridge-structure.ts:21；/tmp/yunshan-city-structure-audit-01/other-three-bridge-support-static.json,隔离共享descriptor与代码生成,WorldDefinition.nodes/edges；NetworkEdge.points/mode；getWalkHeight/transport-geometry/controller；旧五配方和存档；BridgeStructure共享deck/landing/rail/pier/footing，需可信联合新配方,BUILT-204,current-v5-bridge-01 opt-in，仅lift-top→core station桥；78共享boxes,仍FAIL：新lift侧pier与既有下层桥冲突；CPU局部往返不代表全城/GL；暂停修复和集成
BUILT-205,隔离共享高桥桥板/接缝,隔离交通,基础组件,城市交通、第一人称出行、实体与渲染,隔离原型未集成,/tmp/yunshan-city-structure-audit-01/prototype/src/bridge-structure.ts:6/26/80/95/111,隔离共享descriptor与代码生成,BridgeSolid/BridgeFoundation；同descriptor进入renderer/body/support/route；仅显式隔离selector,BUILT-205,6deck/5joint，共享顶254.6m/底254m,保原巨块/ray负例和新下层pier冲突；不可称最终PASS或合入；修后需要三桥/高架/上下层全净空
BUILT-206,隔离共享高桥梁体,隔离交通,基础组件,城市交通、第一人称出行、实体与渲染,隔离原型未集成,/tmp/yunshan-city-structure-audit-01/prototype/src/bridge-structure.ts:6/26/80/95/111,隔离共享descriptor与代码生成,BridgeSolid/BridgeFoundation；同descriptor进入renderer/body/support/route；仅显式隔离selector,BUILT-206,6beam，共享梁底252.8m，不是误期待252.6m,保原巨块/ray负例和新下层pier冲突；不可称最终PASS或合入；修后需要三桥/高架/上下层全净空
BUILT-207,隔离共享电梯侧与岸侧落台,隔离交通,基础组件,城市交通、第一人称出行、实体与渲染,隔离原型未集成,/tmp/yunshan-city-structure-audit-01/prototype/src/bridge-structure.ts:6/26/80/95/111,隔离共享descriptor与代码生成,BridgeSolid/BridgeFoundation；同descriptor进入renderer/body/support/route；仅显式隔离selector,BUILT-207,2landing；lift-landing与bank-abutment明确分开,保原巨块/ray负例和新下层pier冲突；不可称最终PASS或合入；修后需要三桥/高架/上下层全净空
BUILT-208,隔离共享高桥墩/墩帽,隔离交通,基础组件,城市交通、第一人称出行、实体与渲染,隔离原型未集成,/tmp/yunshan-city-structure-audit-01/prototype/src/bridge-structure.ts:6/26/80/95/111,隔离共享descriptor与代码生成,BridgeSolid/BridgeFoundation；同descriptor进入renderer/body/support/route；仅显式隔离selector,BUILT-208,6pier/8cap；当前lowerdeck pier碰撞FAIL,保原巨块/ray负例和新下层pier冲突；不可称最终PASS或合入；修后需要三桥/高架/上下层全净空
BUILT-209,隔离共享高桥分段terrain基础,隔离交通,基础组件,城市交通、第一人称出行、实体与渲染,隔离原型未集成,/tmp/yunshan-city-structure-audit-01/prototype/src/bridge-structure.ts:6/26/80/95/111,隔离共享descriptor与代码生成,BridgeSolid/BridgeFoundation；同descriptor进入renderer/body/support/route；仅显式隔离selector,BUILT-209,32footing/8foundation/160terrain contacts；正高实体约束,保原巨块/ray负例和新下层pier冲突；不可称最终PASS或合入；修后需要三桥/高架/上下层全净空
BUILT-210,隔离共享高桥护栏与转弯端接,隔离交通,基础组件,城市交通、第一人称出行、实体与渲染,隔离原型未集成,/tmp/yunshan-city-structure-audit-01/prototype/src/bridge-structure.ts:6/26/80/95/111,隔离共享descriptor与代码生成,BridgeSolid/BridgeFoundation；同descriptor进入renderer/body/support/route；仅显式隔离selector,BUILT-210,13rail；.35圆盘支持联合/1.72身体体积,保原巨块/ray负例和新下层pier冲突；不可称最终PASS或合入；修后需要三桥/高架/上下层全净空
BUILT-211,52m市集实体街台实验模板,隔离街台,组合模板,城市交通、第一人称出行、实体与渲染,隔离原型未集成,/tmp/yunshan-v5-market-block-01/prototype-01/candidate/src/market-block.ts:94；docs/validation/2026-10-02-v5-market-prototype/README.md:3,隔离共享descriptor与代码生成,"Building/FloorPlan共享房间、开洞、楼层、门位；renderer/controller/route共同消费；0.2m世界实体；MarketBlockDefinition，registerMarketBlockBase(combined,真实v4base)防terrain自递归",BUILT-211,current-v5-market-block-01 opt-in；market-b0原楼/3sale点不改；51m身体实走,已局部CPU验证，不是GL/全城或普通URL完成；共享未合入，需冻结组合recipe复验
BUILT-212,隔离实体石铺面和有限台基,隔离街台,基础组件,城市交通、第一人称出行、实体与渲染,隔离原型未集成,/tmp/yunshan-v5-market-block-01/prototype-01/candidate/src/market-block.ts:117；docs/validation/2026-10-02-v5-market-prototype/README.md:7,隔离共享descriptor与代码生成,MarketSurface/MarketSolid/getWalkHeight/blocksMarketBlockMovement/marketBlockStepBlocked；保原FloorPlan,BUILT-212,MarketSurface顶/底共享，terrain填挖≤4m,surface与solid/step规则顺序一致；现局部CPU证据不冒称艺术通过或24tick续演
BUILT-213,隔离实体街台坡接面,隔离街台,基础组件,城市交通、第一人称出行、实体与渲染,隔离原型未集成,/tmp/yunshan-v5-market-block-01/prototype-01/candidate/src/market-block.ts:99；docs/validation/2026-10-02-v5-market-prototype/README.md:7,隔离共享descriptor与代码生成,MarketSurface/MarketSolid/getWalkHeight/blocksMarketBlockMovement/marketBlockStepBlocked；保原FloorPlan,BUILT-213,vertices/bottom实际闭合，marketSurfaceHeight同面,surface与solid/step规则顺序一致；现局部CPU证据不冒称艺术通过或24tick续演
BUILT-214,隔离实体边沟盖板,隔离街台,基础组件,城市交通、第一人称出行、实体与渲染,隔离原型未集成,/tmp/yunshan-v5-market-block-01/prototype-01/candidate/src/market-block.ts:6；docs/validation/2026-10-02-v5-market-prototype/README.md:7,隔离共享descriptor与代码生成,MarketSurface/MarketSolid/getWalkHeight/blocksMarketBlockMovement/marketBlockStepBlocked；保原FloorPlan,BUILT-214,drain-cover独立真实surface,surface与solid/step规则顺序一致；现局部CPU证据不冒称艺术通过或24tick续演
BUILT-215,隔离矮路缘和树池围边,隔离街台,基础组件,城市交通、第一人称出行、实体与渲染,隔离原型未集成,/tmp/yunshan-v5-market-block-01/prototype-01/candidate/src/market-block.ts:124；docs/validation/2026-10-02-v5-market-prototype/README.md:7,隔离共享descriptor与代码生成,MarketSurface/MarketSolid/getWalkHeight/blocksMarketBlockMovement/marketBlockStepBlocked；保原FloorPlan,BUILT-215,kerb共享solid，不生成假障碍,surface与solid/step规则顺序一致；现局部CPU证据不冒称艺术通过或24tick续演
BUILT-216,隔离有限台基挡土侧体,隔离街台,基础组件,城市交通、第一人称出行、实体与渲染,隔离原型未集成,/tmp/yunshan-v5-market-block-01/prototype-01/candidate/src/market-block.ts:7；docs/validation/2026-10-02-v5-market-prototype/README.md:7,隔离共享descriptor与代码生成,MarketSurface/MarketSolid/getWalkHeight/blocksMarketBlockMovement/marketBlockStepBlocked；保原FloorPlan,BUILT-216,retaining真实solid，不整片压平街区,surface与solid/step规则顺序一致；现局部CPU证据不冒称艺术通过或24tick续演
BUILT-217,隔离钱庄步行连接十级台阶,隔离街台,基础组件,城市交通、第一人称出行、实体与渲染,隔离原型未集成,/tmp/yunshan-v5-market-block-01/prototype-01/candidate/src/market-block.ts:132；docs/validation/2026-10-02-v5-market-prototype/README.md:7,隔离共享descriptor与代码生成,MarketSurface/MarketSolid/getWalkHeight/blocksMarketBlockMovement/marketBlockStepBlocked；保原FloorPlan,BUILT-217,3.2m步行连接/十级0.2m步高；禁车,surface与solid/step规则顺序一致；现局部CPU证据不冒称艺术通过或24tick续演
BUILT-218,现代玻璃幕墙标准实开间,建筑现代缺项,基础组件,城市建筑、第一人称通行、楼层用途,缺失待制,需求 提示词.md:31；审计当前 src/types.ts:13、src/world.ts:428、src/renderer.ts:279/592/670、src/aviation-renderer.ts:6，未有该独立资产/共享模板；详见 evidence.md 缺项边界,先核母版规格与来源；共享结构先定义，视觉资源另验收,Building/FloorPlan共享房间、开洞、楼层、门位；renderer/controller/route共同消费；0.2m世界实体,BUILT-218,竖框/横框/玻璃分层、窗退界与真实楼层相接,共享wall/opening决定body；不可拿整块透明box代替幕墙
BUILT-219,现代金属竖向遮阳构件,建筑现代缺项,基础组件,城市建筑、第一人称通行、楼层用途,缺失待制,需求 提示词.md:31；审计当前 src/types.ts:13、src/world.ts:428、src/renderer.ts:279/592/670、src/aviation-renderer.ts:6，未有该独立资产/共享模板；详见 evidence.md 缺项边界,先核母版规格与来源；共享结构先定义，视觉资源另验收,Building/FloorPlan共享房间、开洞、楼层、门位；renderer/controller/route共同消费；0.2m世界实体,BUILT-219,硬边细金属片/条；按真实开间重复,真实安装边界/阴影尺度、人体入口和屋面不侵占
BUILT-220,未来中式现代塔冠结构母版,建筑现代缺项,组合模板,城市建筑、第一人称通行、楼层用途,缺失待制,需求 提示词.md:31；审计当前 src/types.ts:13、src/world.ts:428、src/renderer.ts:279/592/670、src/aviation-renderer.ts:6，未有该独立资产/共享模板；详见 evidence.md 缺项边界,先核母版规格与来源；共享结构先定义，视觉资源另验收,Building/FloorPlan共享房间、开洞、楼层、门位；renderer/controller/route共同消费；0.2m世界实体,BUILT-220,中式冠檐/金属梁/玻璃层，下方真实塔楼承接,去标签可读中式冠部；层级/可用顶部和结构净空真实
BUILT-221,现代CBD分层裙房与公共入口母版,建筑现代缺项,组合模板,城市建筑、第一人称通行、楼层用途,缺失待制,需求 提示词.md:31；审计当前 src/types.ts:13、src/world.ts:428、src/renderer.ts:279/592/670、src/aviation-renderer.ts:6，未有该独立资产/共享模板；详见 evidence.md 缺项边界,先核母版规格与来源；共享结构先定义，视觉资源另验收,Building/FloorPlan共享房间、开洞、楼层、门位；renderer/controller/route共同消费；0.2m世界实体,BUILT-221,多层商业基座/回廊/透视入口；真实功能楼层,第一人称街道尺度和室内用途/门/上下层可用
BUILT-222,中央现代高密CBD超高主塔模板,建筑现代缺项,组合模板,城市建筑、第一人称通行、楼层用途,缺失待制,需求 提示词.md:31；审计当前 src/types.ts:13、src/world.ts:428、src/renderer.ts:279/592/670、src/aviation-renderer.ts:6，未有该独立资产/共享模板；详见 evidence.md 缺项边界,先核母版规格与来源；共享结构先定义，视觉资源另验收,Building/FloorPlan共享房间、开洞、楼层、门位；renderer/controller/route共同消费；0.2m世界实体,BUILT-222,新参考父描述的中央玻璃金属超高主塔、层级中式冠顶,新可信opt-in世界才改布局；不得拿天枢旧木塔称主塔完成
BUILT-223,CBD玻璃金属次塔群模板,建筑现代缺项,组合模板,城市建筑、第一人称通行、楼层用途,缺失待制,需求 提示词.md:31；审计当前 src/types.ts:13、src/world.ts:428、src/renderer.ts:279/592/670、src/aviation-renderer.ts:6，未有该独立资产/共享模板；详见 evidence.md 缺项边界,先核母版规格与来源；共享结构先定义，视觉资源另验收,Building/FloorPlan共享房间、开洞、楼层、门位；renderer/controller/route共同消费；0.2m世界实体,BUILT-223,多种高度/进退/冠部的次塔，占据真实城市密度,独立轮廓和实际街距，不能复制主塔缩放代替整个次塔群
BUILT-224,现代塔间可用空中连廊模板,建筑现代缺项,组合模板,城市建筑、第一人称通行、楼层用途,缺失待制,需求 提示词.md:31；审计当前 src/types.ts:13、src/world.ts:428、src/renderer.ts:279/592/670、src/aviation-renderer.ts:6，未有该独立资产/共享模板；详见 evidence.md 缺项边界,先核母版规格与来源；共享结构先定义，视觉资源另验收,Building/FloorPlan共享房间、开洞、楼层、门位；renderer/controller/route共同消费；0.2m世界实体,BUILT-224,两端锚固真实楼层/门，梁板栏杆净空同descriptor,完整W双向过桥/进入楼层/权限；下层不被误拉上层
BUILT-225,现代空中连廊端支座组件,建筑现代缺项,基础组件,城市建筑、第一人称通行、楼层用途,缺失待制,需求 提示词.md:31；审计当前 src/types.ts:13、src/world.ts:428、src/renderer.ts:279/592/670、src/aviation-renderer.ts:6，未有该独立资产/共享模板；详见 evidence.md 缺项边界,先核母版规格与来源；共享结构先定义，视觉资源另验收,Building/FloorPlan共享房间、开洞、楼层、门位；renderer/controller/route共同消费；0.2m世界实体,BUILT-225,楼体承托/支座与连廊上下层真实连接,显示承力和人体阻挡同源；不是飘在塔前装饰
BUILT-226,CBD公共交通与塔裙换乘模板,建筑现代缺项,组合模板,城市建筑、第一人称通行、楼层用途,缺失待制,需求 提示词.md:31；审计当前 src/types.ts:13、src/world.ts:428、src/renderer.ts:279/592/670、src/aviation-renderer.ts:6，未有该独立资产/共享模板；详见 evidence.md 缺项边界,先核母版规格与来源；共享结构先定义，视觉资源另验收,Building/FloorPlan共享房间、开洞、楼层、门位；renderer/controller/route共同消费；0.2m世界实体,BUILT-226,地面/高架/楼体多层入口区分，真实站台与步行连接,正常城市旅程到真实站点/塔门；不静态图冒称通达
BUILT-227,连续中低层街屋开间母版,建筑街区缺项,组合模板,城市建筑、第一人称通行、楼层用途,缺失待制,需求 提示词.md:31；审计当前 src/types.ts:13、src/world.ts:428、src/renderer.ts:279/592/670、src/aviation-renderer.ts:6，未有该独立资产/共享模板；详见 evidence.md 缺项边界,先核母版规格与来源；共享结构先定义，视觉资源另验收,Building/FloorPlan共享房间、开洞、楼层、门位；renderer/controller/route共同消费；0.2m世界实体,BUILT-227,细尺度门窗/柱梁/铺面，前沿组成街墙，背后真实院落,连续人行街道与每户真实入口/楼梯/用途点；非532栋rotation0散点
BUILT-228,转角街屋与角部开口母版,建筑街区缺项,组合模板,城市建筑、第一人称通行、楼层用途,缺失待制,需求 提示词.md:31；审计当前 src/types.ts:13、src/world.ts:428、src/renderer.ts:279/592/670、src/aviation-renderer.ts:6，未有该独立资产/共享模板；详见 evidence.md 缺项边界,先核母版规格与来源；共享结构先定义，视觉资源另验收,Building/FloorPlan共享房间、开洞、楼层、门位；renderer/controller/route共同消费；0.2m世界实体,BUILT-228,顺不规则路口/等高线转角，保护实际门位和建筑使用,转角实墙/窗/门同共享body；路口视线及身体净空
BUILT-229,连续街屋庭院组合语法,建筑街区缺项,组合模板,城市建筑、第一人称通行、楼层用途,缺失待制,需求 提示词.md:31；审计当前 src/types.ts:13、src/world.ts:428、src/renderer.ts:279/592/670、src/aviation-renderer.ts:6，未有该独立资产/共享模板；详见 evidence.md 缺项边界,先核母版规格与来源；共享结构先定义，视觉资源另验收,Building/FloorPlan共享房间、开洞、楼层、门位；renderer/controller/route共同消费；0.2m世界实体,BUILT-229,3–8栋联接的局部街院台地，街墙/院口/檐廊相连,实际院门可用/私公共权限可辨；不把单楼courtyard当连续街区
BUILT-230,CBD对侧大庭院与层次院墙模板,建筑街区缺项,组合模板,城市建筑、第一人称通行、楼层用途,缺失待制,需求 提示词.md:31；审计当前 src/types.ts:13、src/world.ts:428、src/renderer.ts:279/592/670、src/aviation-renderer.ts:6，未有该独立资产/共享模板；详见 evidence.md 缺项边界,先核母版规格与来源；共享结构先定义，视觉资源另验收,Building/FloorPlan共享房间、开洞、楼层、门位；renderer/controller/route共同消费；0.2m世界实体,BUILT-230,最新总览父描述一侧大庭院，围合翼楼/院墙/多入口,真实地形台地与院中可步行；不能只是贴地矩形
BUILT-231,书院多进低翼与连续回廊模板,建筑街区缺项,组合模板,城市建筑、第一人称通行、楼层用途,缺失待制,需求 提示词.md:31；审计当前 src/types.ts:13、src/world.ts:428、src/renderer.ts:279/592/670、src/aviation-renderer.ts:6，未有该独立资产/共享模板；详见 evidence.md 缺项边界,先核母版规格与来源；共享结构先定义，视觉资源另验收,Building/FloorPlan共享房间、开洞、楼层、门位；renderer/controller/route共同消费；0.2m世界实体,BUILT-231,前后多进/课堂翼/入口门院，区别官署主殿,真实学校功能楼层和权限保留，不换牌当书院
BUILT-232,顺等高线不规则局部建筑基台,建筑街区缺项,基础组件,城市建筑、第一人称通行、楼层用途,缺失待制,需求 提示词.md:31；审计当前 src/types.ts:13、src/world.ts:428、src/renderer.ts:279/592/670、src/aviation-renderer.ts:6，未有该独立资产/共享模板；详见 evidence.md 缺项边界,先核母版规格与来源；共享结构先定义，视觉资源另验收,Building/FloorPlan共享房间、开洞、楼层、门位；renderer/controller/route共同消费；0.2m世界实体,BUILT-232,分级挡墙/局部台地，有限肩坡与terrain真正接合,只new recipe；不遮旧地形漏洞，真实.2m阶梯/坡面接合
BUILT-233,街院之间共享0.2m城市外阶梯,建筑街区缺项,基础组件,城市建筑、第一人称通行、楼层用途,缺失待制,需求 提示词.md:31；审计当前 src/types.ts:13、src/world.ts:428、src/renderer.ts:279/592/670、src/aviation-renderer.ts:6，未有该独立资产/共享模板；详见 evidence.md 缺项边界,先核母版规格与来源；共享结构先定义，视觉资源另验收,Building/FloorPlan共享房间、开洞、楼层、门位；renderer/controller/route共同消费；0.2m世界实体,BUILT-233,人体尺度台阶/中转平台/挡土侧面，顺实际层差,连续W上下、腿脚支撑与1.72m净空；不把2.6m容差当真台阶
BUILT-234,街院之间共享低坡城市外坡道,建筑街区缺项,基础组件,城市建筑、第一人称通行、楼层用途,缺失待制,需求 提示词.md:31；审计当前 src/types.ts:13、src/world.ts:428、src/renderer.ts:279/592/670、src/aviation-renderer.ts:6，未有该独立资产/共享模板；详见 evidence.md 缺项边界,先核母版规格与来源；共享结构先定义，视觉资源另验收,Building/FloorPlan共享房间、开洞、楼层、门位；renderer/controller/route共同消费；0.2m世界实体,BUILT-234,连续实体斜面/坡顶坡底接台和护边,renderer/height/support/body同面；路级符合明确参数
BUILT-235,庭院低墙与院门共享结构,建筑街区缺项,基础组件,城市建筑、第一人称通行、楼层用途,缺失待制,需求 提示词.md:31；审计当前 src/types.ts:13、src/world.ts:428、src/renderer.ts:279/592/670、src/aviation-renderer.ts:6，未有该独立资产/共享模板；详见 evidence.md 缺项边界,先核母版规格与来源；共享结构先定义，视觉资源另验收,Building/FloorPlan共享房间、开洞、楼层、门位；renderer/controller/route共同消费；0.2m世界实体,BUILT-235,连续围合真实边界，开敞院门由shared opening决定,0.35m身体阻挡，院门实际可过；视觉模型不能决定门净空
BUILT-236,临街薄檐柱廊可用模块,建筑街区缺项,组合模板,城市建筑、第一人称通行、楼层用途,缺失待制,需求 提示词.md:31；审计当前 src/types.ts:13、src/world.ts:428、src/renderer.ts:279/592/670、src/aviation-renderer.ts:6，未有该独立资产/共享模板；详见 evidence.md 缺项边界,先核母版规格与来源；共享结构先定义，视觉资源另验收,Building/FloorPlan共享房间、开洞、楼层、门位；renderer/controller/route共同消费；0.2m世界实体,BUILT-236,≥3m通路、0.2–0.4m梁椽、真实柱脚与屋盖,共享柱体/檐底身体净空；薄檐有承托与真实日夜影层
BUILT-237,现代塔顶机电/可用层入口壳,建筑现代缺项,组合模板,城市建筑、第一人称通行、楼层用途,缺失待制,需求 提示词.md:31；审计当前 src/types.ts:13、src/world.ts:428、src/renderer.ts:279/592/670、src/aviation-renderer.ts:6，未有该独立资产/共享模板；详见 evidence.md 缺项边界,先核母版规格与来源；共享结构先定义，视觉资源另验收,Building/FloorPlan共享房间、开洞、楼层、门位；renderer/controller/route共同消费；0.2m世界实体,BUILT-237,屋顶出口/检修边界与能量附体，不包括内部家具,公共/身份权限层不同，真实门梯及roofSupport一致
BUILT-238,未来中式悬浮檐廊结构母版,建筑现代缺项,组合模板,城市建筑、第一人称通行、楼层用途,缺失待制,需求 提示词.md:31；审计当前 src/types.ts:13、src/world.ts:428、src/renderer.ts:279/592/670、src/aviation-renderer.ts:6，未有该独立资产/共享模板；详见 evidence.md 缺项边界,先核母版规格与来源；共享结构先定义，视觉资源另验收,Building/FloorPlan共享房间、开洞、楼层、门位；renderer/controller/route共同消费；0.2m世界实体,BUILT-238,原提示词悬浮檐廊的实体楼板/栏杆/入楼端；如悬浮需明确共享支撑机制,不凭视觉悬浮板宣称可用；身体支撑和路线有统一权威
BUILT-239,未来建筑磁悬浮基座结构母版,建筑现代缺项,组合模板,城市建筑、第一人称通行、楼层用途,缺失待制,需求 提示词.md:31；审计当前 src/types.ts:13、src/world.ts:428、src/renderer.ts:279/592/670、src/aviation-renderer.ts:6，未有该独立资产/共享模板；详见 evidence.md 缺项边界,先核母版规格与来源；共享结构先定义，视觉资源另验收,Building/FloorPlan共享房间、开洞、楼层、门位；renderer/controller/route共同消费；0.2m世界实体,BUILT-239,原提示词磁悬浮基座与楼体承接、供能边界和合法入楼路线,是真实新结构接口，不等于现青灯条；保旧世界物理规则
BUILT-240,建筑垂直绿化安装架与花池壳,建筑现代缺项,基础组件,城市建筑、第一人称通行、楼层用途,缺失待制,需求 提示词.md:31；审计当前 src/types.ts:13、src/world.ts:428、src/renderer.ts:279/592/670、src/aviation-renderer.ts:6，未有该独立资产/共享模板；详见 evidence.md 缺项边界,先核母版规格与来源；共享结构先定义，视觉资源另验收,Building/FloorPlan共享房间、开洞、楼层、门位；renderer/controller/route共同消费；0.2m世界实体,BUILT-240,建筑附着架/花池壳，绿植内容归自然环境域,位置/浇灌区域视觉与真实墙体/净空相容；不侵窗门和通路
BUILT-241,未来全息标识实体发射座,建筑现代缺项,基础组件,城市建筑、第一人称通行、楼层用途,缺失待制,需求 提示词.md:31；审计当前 src/types.ts:13、src/world.ts:428、src/renderer.ts:279/592/670、src/aviation-renderer.ts:6，未有该独立资产/共享模板；详见 evidence.md 缺项边界,先核母版规格与来源；共享结构先定义，视觉资源另验收,Building/FloorPlan共享房间、开洞、楼层、门位；renderer/controller/route共同消费；0.2m世界实体,BUILT-241,合法墙边/站点实体投射座；中文内容/界面由UI域负责,共享碰撞/供电与真实标识位置，不假路标/假商铺
BUILT-242,共享双跑楼梯扶手与井边防护,建筑结构缺项,基础组件,城市建筑、第一人称通行、楼层用途,缺失待制,需求 提示词.md:31；审计当前 src/types.ts:13、src/world.ts:428、src/renderer.ts:279/592/670、src/aviation-renderer.ts:6，未有该独立资产/共享模板；详见 evidence.md 缺项边界,先核母版规格与来源；共享结构先定义，视觉资源另验收,Building/FloorPlan共享房间、开洞、楼层、门位；renderer/controller/route共同消费；0.2m世界实体,BUILT-242,梯段/half-turn/上层井边真实栏杆，留正常上行出口,0.35圆盘与1.72m净空真实；上层井孔保持不填、上下梯可用
BUILT-243,可用屋面边缘共享安全栏组件,建筑结构缺项,基础组件,城市建筑、第一人称通行、楼层用途,缺失待制,需求 提示词.md:31；审计当前 src/types.ts:13、src/world.ts:428、src/renderer.ts:279/592/670、src/aviation-renderer.ts:6，未有该独立资产/共享模板；详见 evidence.md 缺项边界,先核母版规格与来源；共享结构先定义，视觉资源另验收,Building/FloorPlan共享房间、开洞、楼层、门位；renderer/controller/route共同消费；0.2m世界实体,BUILT-243,真实roofSupport可用边界安装栏、出口保开口,屋面body/renderer/route同栏杆；不封公共顶层出口
BUILT-244,精细体素木门扇视觉母版,建筑精细缺项,基础组件,城市建筑、第一人称通行、楼层用途,缺失待制,需求 docs/美术资源制作规格.md:32；docs/Tripo网页版首批资源交接.md:1；审计当前 src/types.ts:13、src/world.ts:428、src/renderer.ts:279/592/670、src/aviation-renderer.ts:6，未有该独立资产/共享模板；详见 evidence.md 缺项边界,先核母版规格与来源；共享结构先定义，视觉资源另验收,Building/FloorPlan共享房间、开洞、楼层、门位；renderer/controller/route共同消费；0.2m世界实体；视觉可外部模型挂接，净空和支撑仍由共享结构确定,BUILT-244,与真实洞口一致的门扇、榫接、硬边/像素面,挂共享门状态；展开/关闭不能无授权改通路
BUILT-245,精细体素木窗棂视觉母版,建筑精细缺项,基础组件,城市建筑、第一人称通行、楼层用途,缺失待制,需求 docs/美术资源制作规格.md:32；docs/Tripo网页版首批资源交接.md:1；审计当前 src/types.ts:13、src/world.ts:428、src/renderer.ts:279/592/670、src/aviation-renderer.ts:6，未有该独立资产/共享模板；详见 evidence.md 缺项边界,先核母版规格与来源；共享结构先定义，视觉资源另验收,Building/FloorPlan共享房间、开洞、楼层、门位；renderer/controller/route共同消费；0.2m世界实体；视觉可外部模型挂接，净空和支撑仍由共享结构确定,BUILT-245,与实际wall.window尺寸相匹配的可复用窗棂,真实洞/玻璃/窗框边界、清楚木纹方向；不填通行门
BUILT-246,薄瓦檐梁椽母版A2,建筑精细缺项,基础组件,城市建筑、第一人称通行、楼层用途,缺失待制,需求 docs/美术资源制作规格.md:32；docs/Tripo网页版首批资源交接.md:1；审计当前 src/types.ts:13、src/world.ts:428、src/renderer.ts:279/592/670、src/aviation-renderer.ts:6，未有该独立资产/共享模板；详见 evidence.md 缺项边界,先核母版规格与来源；共享结构先定义，视觉资源另验收,Building/FloorPlan共享房间、开洞、楼层、门位；renderer/controller/route共同消费；0.2m世界实体；视觉可外部模型挂接，净空和支撑仍由共享结构确定,BUILT-246,既定4.8m视觉瓦檐、薄瓦口/梁椽，随真实RoofRegion定位,实际轮廓/背底/UV/预算验；禁止黑厚板或悬浮二层屋顶
BUILT-247,精细体素屋脊端饰母版,建筑精细缺项,基础组件,城市建筑、第一人称通行、楼层用途,缺失待制,需求 docs/美术资源制作规格.md:32；docs/Tripo网页版首批资源交接.md:1；审计当前 src/types.ts:13、src/world.ts:428、src/renderer.ts:279/592/670、src/aviation-renderer.ts:6，未有该独立资产/共享模板；详见 evidence.md 缺项边界,先核母版规格与来源；共享结构先定义，视觉资源另验收,Building/FloorPlan共享房间、开洞、楼层、门位；renderer/controller/route共同消费；0.2m世界实体；视觉可外部模型挂接，净空和支撑仍由共享结构确定,BUILT-247,几何化中式脊头/压脊瓦，沿实际gable/hip冠脊安装,离散硬边与单体预算，不能掩盖结构坡顶错误
BUILT-248,精细体素梁端斗拱母版,建筑精细缺项,基础组件,城市建筑、第一人称通行、楼层用途,缺失待制,需求 docs/美术资源制作规格.md:32；docs/Tripo网页版首批资源交接.md:1；审计当前 src/types.ts:13、src/world.ts:428、src/renderer.ts:279/592/670、src/aviation-renderer.ts:6，未有该独立资产/共享模板；详见 evidence.md 缺项边界,先核母版规格与来源；共享结构先定义，视觉资源另验收,Building/FloorPlan共享房间、开洞、楼层、门位；renderer/controller/route共同消费；0.2m世界实体；视觉可外部模型挂接，净空和支撑仍由共享结构确定,BUILT-248,短木托/榫接层次与真柱梁屋檐相接,近景可读、预算/LOD/同材共面合并，不做碎片噪声
BUILT-249,精细体素独立木纸灯笼母版A3,建筑精细缺项,基础组件,城市建筑、第一人称通行、楼层用途,缺失待制,需求 docs/美术资源制作规格.md:32；docs/Tripo网页版首批资源交接.md:1；审计当前 src/types.ts:13、src/world.ts:428、src/renderer.ts:279/592/670、src/aviation-renderer.ts:6，未有该独立资产/共享模板；详见 evidence.md 缺项边界,先核母版规格与来源；共享结构先定义，视觉资源另验收,Building/FloorPlan共享房间、开洞、楼层、门位；renderer/controller/route共同消费；0.2m世界实体；视觉可外部模型挂接，净空和支撑仍由共享结构确定,BUILT-249,独立纸罩/木框/穗/发光区域，无烘焙阴影,共享合法挂点/电力/少量真灯光；预算≤1800实际tri按原规格
BUILT-250,石基台边角与破边视觉模块,建筑精细缺项,基础组件,城市建筑、第一人称通行、楼层用途,缺失待制,需求 docs/美术资源制作规格.md:32；docs/Tripo网页版首批资源交接.md:1；审计当前 src/types.ts:13、src/world.ts:428、src/renderer.ts:279/592/670、src/aviation-renderer.ts:6，未有该独立资产/共享模板；详见 evidence.md 缺项边界,先核母版规格与来源；共享结构先定义，视觉资源另验收,Building/FloorPlan共享房间、开洞、楼层、门位；renderer/controller/route共同消费；0.2m世界实体；视觉可外部模型挂接，净空和支撑仍由共享结构确定,BUILT-250,0.2–0.6m错缝/破边只放真solid范围内,不进入门廊人体通路；非自由堆石挡路
BUILT-251,A1开敞木门框原模型待收件,建筑外部待核,基础组件,城市建筑、第一人称通行、楼层用途,待核实,docs/体素美术与先图后模型交接.md:20/21/26/29/65；开发备忘录.md:20/40,保留已报原件；先收原GLB/原概念图并实际核像素和体积，再决定是否可用,Building/FloorPlan共享房间、开洞、楼层、门位；renderer/controller/route共同消费；0.2m世界实体；A1视觉门框须挂既有shared opening，不由Tripo模型决定身体净空,BUILT-251,外3.6×3×.30m，贯穿洞3.2×2.8m；局部0.05m只此A1资产，世界仍0.2m,父报告原task存在；本地无原GLB/像素，bounds/净洞/材质/≤2500tri全部未检；不能称已集成/已验收
BUILT-252,暖灰白灰墙PBR可平铺材质套,材质缺项,材质贴图,建筑/街面/机场/载具表面材质与昼夜光照,缺失待制,docs/美术资源制作规格.md:65/72/78,先核母版规格与来源；共享结构先定义，视觉资源另验收,真实构件UV与米尺度重复；main/detail/aircraft材质接口；资源原子释放,BUILT-252,baseColor/normal/roughness，低饱和灰，窗下/底脚区域风化,原文件/UV/颜色空间/实际贴图尺寸/LOD预算实测；昼夜不烘固定光；主楼/detail/载具都接正确材质
BUILT-253,深木方向性PBR可平铺材质套,材质缺项,材质贴图,建筑/街面/机场/载具表面材质与昼夜光照,缺失待制,docs/美术资源制作规格.md:67/72,先核母版规格与来源；共享结构先定义，视觉资源另验收,真实构件UV与米尺度重复；main/detail/aircraft材质接口；资源原子释放,BUILT-253,方向一致木纹/轻纹理法线/粗糙度，材质不烘灯影,原文件/UV/颜色空间/实际贴图尺寸/LOD预算实测；昼夜不烘固定光；主楼/detail/载具都接正确材质
BUILT-254,暖灰石基与挡墙PBR材质套,材质缺项,材质贴图,建筑/街面/机场/载具表面材质与昼夜光照,缺失待制,docs/美术资源制作规格.md:66/72/78,先核母版规格与来源；共享结构先定义，视觉资源另验收,真实构件UV与米尺度重复；main/detail/aircraft材质接口；资源原子释放,BUILT-254,0.2–0.6m真实重复尺度，错缝/边湿纹理,原文件/UV/颜色空间/实际贴图尺寸/LOD预算实测；昼夜不烘固定光；主楼/detail/载具都接正确材质
BUILT-255,街面石板PBR可平铺材质套,材质缺项,材质贴图,建筑/街面/机场/载具表面材质与昼夜光照,缺失待制,docs/美术资源制作规格.md:69/72,先核母版规格与来源；共享结构先定义，视觉资源另验收,真实构件UV与米尺度重复；main/detail/aircraft材质接口；资源原子释放,BUILT-255,步行尺度石板/边沟，UV按实际米尺度,原文件/UV/颜色空间/实际贴图尺寸/LOD预算实测；昼夜不烘固定光；主楼/detail/载具都接正确材质
BUILT-256,青灰瓦PBR可平铺材质套,材质缺项,材质贴图,建筑/街面/机场/载具表面材质与昼夜光照,缺失待制,docs/美术资源制作规格.md:68/72,先核母版规格与来源；共享结构先定义，视觉资源另验收,真实构件UV与米尺度重复；main/detail/aircraft材质接口；资源原子释放,BUILT-256,真实瓦节奏，低饱和釉/微粗糙度，几何瓦口另件,原文件/UV/颜色空间/实际贴图尺寸/LOD预算实测；昼夜不烘固定光；主楼/detail/载具都接正确材质
BUILT-257,木纸灯笼纸罩PBR及发光遮罩,材质缺项,材质贴图,建筑/街面/机场/载具表面材质与昼夜光照,缺失待制,docs/美术资源制作规格.md:95,先核母版规格与来源；共享结构先定义，视觉资源另验收,真实构件UV与米尺度重复；main/detail/aircraft材质接口；资源原子释放,BUILT-257,透光纸材/木框分材，独立emissiveMask,原文件/UV/颜色空间/实际贴图尺寸/LOD预算实测；昼夜不烘固定光；主楼/detail/载具都接正确材质
BUILT-258,店檐布罩及旗幡低饱和PBR材质套,材质缺项,材质贴图,建筑/街面/机场/载具表面材质与昼夜光照,缺失待制,docs/美术资源制作规格.md:70/72,先核母版规格与来源；共享结构先定义，视觉资源另验收,真实构件UV与米尺度重复；main/detail/aircraft材质接口；资源原子释放,BUILT-258,实际1×1m粗织布，灰绿/旧赭色，不烘褶皱/灯影,原文件/UV/颜色空间/实际贴图尺寸/LOD预算实测；昼夜不烘固定光；主楼/detail/载具都接正确材质
BUILT-259,CBD现代幕墙玻璃材质套,材质缺项,材质贴图,建筑/街面/机场/载具表面材质与昼夜光照,缺失待制,需求 docs/美术资源制作规格.md:24/88；审计当前 src/types.ts:13、src/world.ts:428、src/renderer.ts:279/592/670、src/aviation-renderer.ts:6，未有该独立资产/共享模板；详见 evidence.md 缺项边界,先核母版规格与来源；共享结构先定义，视觉资源另验收,真实构件UV与米尺度重复；main/detail/aircraft材质接口；资源原子释放,BUILT-259,玻璃反射/透明/粗糙度与金属框独立，不能一色青胶,原文件/UV/颜色空间/实际贴图尺寸/LOD预算实测；昼夜不烘固定光；主楼/detail/载具都接正确材质
BUILT-260,CBD金属冠顶和遮阳PBR材质套,材质缺项,材质贴图,建筑/街面/机场/载具表面材质与昼夜光照,缺失待制,需求 docs/美术资源制作规格.md:24/88；审计当前 src/types.ts:13、src/world.ts:428、src/renderer.ts:279/592/670、src/aviation-renderer.ts:6，未有该独立资产/共享模板；详见 evidence.md 缺项边界,先核母版规格与来源；共享结构先定义，视觉资源另验收,真实构件UV与米尺度重复；main/detail/aircraft材质接口；资源原子释放,BUILT-260,实际metalness/roughness/法线方向，暖金或灰钛低饱和,原文件/UV/颜色空间/实际贴图尺寸/LOD预算实测；昼夜不烘固定光；主楼/detail/载具都接正确材质
BUILT-261,机场跑道与滑行道铺面标线套,材质缺项,材质贴图,建筑/街面/机场/载具表面材质与昼夜光照,缺失待制,需求 docs/美术资源制作规格.md:24/88；审计当前 src/types.ts:13、src/world.ts:428、src/renderer.ts:279/592/670、src/aviation-renderer.ts:6，未有该独立资产/共享模板；详见 evidence.md 缺项边界,先核母版规格与来源；共享结构先定义，视觉资源另验收,真实构件UV与米尺度重复；main/detail/aircraft材质接口；资源原子释放,BUILT-261,按米尺度复用底色/粗糙度/标线；不把标线决定路线,原文件/UV/颜色空间/实际贴图尺寸/LOD预算实测；昼夜不烘固定光；主楼/detail/载具都接正确材质
BUILT-262,车船飞机壳体与玻璃PBR材质套,材质缺项,材质贴图,建筑/街面/机场/载具表面材质与昼夜光照,缺失待制,需求 docs/美术资源制作规格.md:24/88；审计当前 src/types.ts:13、src/world.ts:428、src/renderer.ts:279/592/670、src/aviation-renderer.ts:6，未有该独立资产/共享模板；详见 evidence.md 缺项边界,先核母版规格与来源；共享结构先定义，视觉资源另验收,真实构件UV与米尺度重复；main/detail/aircraft材质接口；资源原子释放,BUILT-262,壳/轮胎/玻璃/机翼分表面，不统一粗糙纯色,原文件/UV/颜色空间/实际贴图尺寸/LOD预算实测；昼夜不烘固定光；主楼/detail/载具都接正确材质
BUILT-263,墙侧灯笼真实局部暖光,建筑动画缺项,动画特效,城市建筑、第一人称通行、楼层用途,缺失待制,需求 docs/美术资源制作规格.md:25；审计当前 src/types.ts:13、src/world.ts:428、src/renderer.ts:279/592/670、src/aviation-renderer.ts:6，未有该独立资产/共享模板；详见 evidence.md 缺项边界,先核母版规格与来源；共享结构先定义，视觉资源另验收,SimState.hour/energy与ArchitectureDetailManager；实际合法灯挂点,BUILT-249,合法挂点的少量PointLight随昼夜/供电/距离启停,真实墙面/路面光池，不只emissive罩；有限预算且近区释放
BUILT-264,共享门扇开闭与通路状态,建筑动画缺项,动画特效,城市建筑、第一人称通行、楼层用途,缺失待制,需求 提示词.md:31；审计当前 src/types.ts:13、src/world.ts:428、src/renderer.ts:279/592/670、src/aviation-renderer.ts:6，未有该独立资产/共享模板；详见 evidence.md 缺项边界,先核母版规格与来源；共享结构先定义，视觉资源另验收,Building/FloorPlan共享房间、开洞、楼层、门位；renderer/controller/route共同消费；0.2m世界实体,BUILT-244,若新增开闭门，视觉门扇与共享可通行状态同一时间轴,正常W/权限/身体完整洞验证；不修改旧档入口行为
BUILT-265,谷地机场平展航站楼组合母版,航空门户缺项,组合模板,城市实际获取载具、登机驾驶与落地退出,缺失待制,需求 提示词.md:113；开发备忘录.md:17；审计当前 src/types.ts:13、src/world.ts:428、src/renderer.ts:279/592/670、src/aviation-renderer.ts:6，未有该独立资产/共享模板；详见 evidence.md 缺项边界,先核母版规格与来源；共享结构先定义，视觉资源另验收,AviationPad/AerialVehicle；getAviationPads；租用/登机/驾驶/降落/退出/归还权威状态；真实机场/星港Building与NetworkEdge，新增可信配方和layout fingerprint,BUILT-265,真实航站层/候机入口/连接机坪，薄中式金属屋盖,新世界机场terminal/apron/runway同合理层级；保旧机场档
BUILT-266,机场独立空管塔台模板,航空门户缺项,组合模板,城市实际获取载具、登机驾驶与落地退出,缺失待制,需求 提示词.md:113；开发备忘录.md:17；审计当前 src/types.ts:13、src/world.ts:428、src/renderer.ts:279/592/670、src/aviation-renderer.ts:6，未有该独立资产/共享模板；详见 evidence.md 缺项边界,先核母版规格与来源；共享结构先定义，视觉资源另验收,AviationPad/AerialVehicle；getAviationPads；租用/登机/驾驶/降落/退出/归还权威状态；真实机场/星港Building与NetworkEdge，新增可信配方和layout fingerprint,BUILT-266,细塔身/高玻璃管制层/中式冠顶/入口梯,独立asset与真实Building/FloorPlan；不是把航站楼牌写塔台
BUILT-267,机场共享实体机坪模板,航空门户缺项,组合模板,城市实际获取载具、登机驾驶与落地退出,缺失待制,需求 提示词.md:113；开发备忘录.md:17；审计当前 src/types.ts:13、src/world.ts:428、src/renderer.ts:279/592/670、src/aviation-renderer.ts:6，未有该独立资产/共享模板；详见 evidence.md 缺项边界,先核母版规格与来源；共享结构先定义，视觉资源另验收,AviationPad/AerialVehicle；getAviationPads；租用/登机/驾驶/降落/退出/归还权威状态；真实机场/星港Building与NetworkEdge，新增可信配方和layout fingerprint,BUILT-267,与跑道/滑行道/航站间真实相连，多机位留翼展,shared descriptor同时授权terrain/support/body/route/renderer；正常W抵达飞机
BUILT-268,机场共享滑行道组件,航空门户缺项,基础组件,城市实际获取载具、登机驾驶与落地退出,缺失待制,需求 提示词.md:113；开发备忘录.md:17；审计当前 src/types.ts:13、src/world.ts:428、src/renderer.ts:279/592/670、src/aviation-renderer.ts:6，未有该独立资产/共享模板；详见 evidence.md 缺项边界,先核母版规格与来源；共享结构先定义，视觉资源另验收,AviationPad/AerialVehicle；getAviationPads；租用/登机/驾驶/降落/退出/归还权威状态；真实机场/星港Building与NetworkEdge，新增可信配方和layout fingerprint,BUILT-268,闭合铺面/弯道/地面标线/等候位，实际航空滚行路径,Aircraft/flight车辆消费同route；不画假弯线
BUILT-269,机场多飞机泊位组件,航空门户缺项,基础组件,城市实际获取载具、登机驾驶与落地退出,缺失待制,需求 提示词.md:113；开发备忘录.md:17；审计当前 src/types.ts:13、src/world.ts:428、src/renderer.ts:279/592/670、src/aviation-renderer.ts:6，未有该独立资产/共享模板；详见 evidence.md 缺项边界,先核母版规格与来源；共享结构先定义，视觉资源另验收,AviationPad/AerialVehicle；getAviationPads；租用/登机/驾驶/降落/退出/归还权威状态；真实机场/星港Building与NetworkEdge，新增可信配方和layout fingerprint,BUILT-269,真实stand id/机型翼展/鼻向/登机区，不同停放位,多真实飞机/机位，不复制静态模型充数；取得/登机/退出有权威状态
BUILT-270,航站至机位步行登机接台,航空门户缺项,基础组件,城市实际获取载具、登机驾驶与落地退出,缺失待制,需求 提示词.md:113；开发备忘录.md:17；审计当前 src/types.ts:13、src/world.ts:428、src/renderer.ts:279/592/670、src/aviation-renderer.ts:6，未有该独立资产/共享模板；详见 evidence.md 缺项边界,先核母版规格与来源；共享结构先定义，视觉资源另验收,AviationPad/AerialVehicle；getAviationPads；租用/登机/驾驶/降落/退出/归还权威状态；真实机场/星港Building与NetworkEdge，新增可信配方和layout fingerprint,BUILT-270,实体步行路线/上机门/可用舱位，必要桥/楼梯,一人称正常W进入驾驶退出；interface不得靠传送伪造
BUILT-271,机场机库与勤务建筑模板,航空门户缺项,组合模板,城市实际获取载具、登机驾驶与落地退出,缺失待制,需求 提示词.md:113；开发备忘录.md:17；审计当前 src/types.ts:13、src/world.ts:428、src/renderer.ts:279/592/670、src/aviation-renderer.ts:6，未有该独立资产/共享模板；详见 evidence.md 缺项边界,先核母版规格与来源；共享结构先定义，视觉资源另验收,AviationPad/AerialVehicle；getAviationPads；租用/登机/驾驶/降落/退出/归还权威状态；真实机场/星港Building与NetworkEdge，新增可信配方和layout fingerprint,BUILT-271,飞机实际门高翼展、维护入口/邻近机场用途,共享真实门洞/层位；机型可进出，非假厂房
BUILT-272,机场机位号码与停止线标识套,航空门户缺项,材质贴图,城市实际获取载具、登机驾驶与落地退出,缺失待制,需求 提示词.md:113；开发备忘录.md:17；审计当前 src/types.ts:13、src/world.ts:428、src/renderer.ts:279/592/670、src/aviation-renderer.ts:6，未有该独立资产/共享模板；详见 evidence.md 缺项边界,先核母版规格与来源；共享结构先定义，视觉资源另验收,AviationPad/AerialVehicle；getAviationPads；租用/登机/驾驶/降落/退出/归还权威状态；真实机场/星港Building与NetworkEdge，新增可信配方和layout fingerprint,BUILT-272,由实际stand/taxiway id生成位置一致标线,图案不决定驾驶权限和路径；白天夜间清晰
BUILT-273,机场安全边界与合法门组件,航空门户缺项,基础组件,城市实际获取载具、登机驾驶与落地退出,缺失待制,需求 提示词.md:113；开发备忘录.md:17；审计当前 src/types.ts:13、src/world.ts:428、src/renderer.ts:279/592/670、src/aviation-renderer.ts:6，未有该独立资产/共享模板；详见 evidence.md 缺项边界,先核母版规格与来源；共享结构先定义，视觉资源另验收,AviationPad/AerialVehicle；getAviationPads；租用/登机/驾驶/降落/退出/归还权威状态；真实机场/星港Building与NetworkEdge，新增可信配方和layout fingerprint,BUILT-273,有开口的边界与机场公众/受限区接口,共享body/权限；公众步路和登机区域有实际入口
BUILT-274,机场起降灯序列与机坪实光,航空门户缺项,动画特效,城市实际获取载具、登机驾驶与落地退出,缺失待制,需求 提示词.md:113；开发备忘录.md:17；审计当前 src/types.ts:13、src/world.ts:428、src/renderer.ts:279/592/670、src/aviation-renderer.ts:6，未有该独立资产/共享模板；详见 evidence.md 缺项边界,先核母版规格与来源；共享结构先定义，视觉资源另验收,AviationPad/AerialVehicle；getAviationPads；租用/登机/驾驶/降落/退出/归还权威状态；真实机场/星港Building与NetworkEdge，新增可信配方和layout fingerprint,BUILT-274,跑道/滑行道/机位真实灯位，按实际航行状态,不能以装饰灯宣称完整空管；近远灯预算和电力真实
BUILT-275,星港实体发射台及着陆承台,航空门户缺项,组合模板,城市实际获取载具、登机驾驶与落地退出,缺失待制,需求 提示词.md:113；开发备忘录.md:17；审计当前 src/types.ts:13、src/world.ts:428、src/renderer.ts:279/592/670、src/aviation-renderer.ts:6，未有该独立资产/共享模板；详见 evidence.md 缺项边界,先核母版规格与来源；共享结构先定义，视觉资源另验收,AviationPad/AerialVehicle；getAviationPads；租用/登机/驾驶/降落/退出/归还权威状态；真实机场/星港Building与NetworkEdge，新增可信配方和layout fingerprint,BUILT-275,山体或悬空台真实承力/楼梯/停泊点,shared支持/身体/route/renderer；星际航线入口实际可达
BUILT-276,星港停泊环内实际泊位接台,航空门户缺项,基础组件,城市实际获取载具、登机驾驶与落地退出,缺失待制,需求 提示词.md:113；开发备忘录.md:17；审计当前 src/types.ts:13、src/world.ts:428、src/renderer.ts:279/592/670、src/aviation-renderer.ts:6，未有该独立资产/共享模板；详见 evidence.md 缺项边界,先核母版规格与来源；共享结构先定义，视觉资源另验收,AviationPad/AerialVehicle；getAviationPads；租用/登机/驾驶/降落/退出/归还权威状态；真实机场/星港Building与NetworkEdge，新增可信配方和layout fingerprint,BUILT-276,既有能量环关联真实机位/接桥/登离入口,现Torus装饰不等于泊位；实际权限/登离/保存
BUILT-277,星际客运飞船本体母版,航空门户缺项,组合模板,城市实际获取载具、登机驾驶与落地退出,缺失待制,需求 提示词.md:113；开发备忘录.md:17；审计当前 src/types.ts:13、src/world.ts:428、src/renderer.ts:279/592/670、src/aviation-renderer.ts:6，未有该独立资产/共享模板；详见 evidence.md 缺项边界,先核母版规格与来源；共享结构先定义，视觉资源另验收,AviationPad/AerialVehicle；getAviationPads；租用/登机/驾驶/降落/退出/归还权威状态；真实机场/星港Building与NetworkEdge，新增可信配方和layout fingerprint,BUILT-277,船体、舱口、推力体、机位尺寸；融合体素中式未来,实际飞船身份/航线/可登离，不能把公共flight盒体命名飞船
BUILT-278,星际航道实体标识与发射状态,航空门户缺项,动画特效,城市实际获取载具、登机驾驶与落地退出,缺失待制,需求 提示词.md:113；开发备忘录.md:17；审计当前 src/types.ts:13、src/world.ts:428、src/renderer.ts:279/592/670、src/aviation-renderer.ts:6，未有该独立资产/共享模板；详见 evidence.md 缺项边界,先核母版规格与来源；共享结构先定义，视觉资源另验收,AviationPad/AerialVehicle；getAviationPads；租用/登机/驾驶/降落/退出/归还权威状态；真实机场/星港Building与NetworkEdge，新增可信配方和layout fingerprint,BUILT-278,真实node/flight航路关联可见标识/发射状态,状态由系统消费、无假航班动画；保存与真实旅程
BUILT-279,可进入驾驶的城市公交本体母版,载具精细缺项,组合模板,城市交通、第一人称出行、实体与渲染,缺失待制,需求 提示词.md:7/9/105/113；审计当前 src/types.ts:13、src/world.ts:428、src/renderer.ts:279/592/670、src/aviation-renderer.ts:6，未有该独立资产/共享模板；详见 evidence.md 缺项边界,先核母版规格与来源；共享结构先定义，视觉资源另验收,真实Vehicle/AerialVehicle id、SimState、NetworkEdge/站点/机位；共享body/登离/驾驶/货运接口先定义,BUILT-279,车身/车门/轮组/驾驶舱眼位、实体上下车口；真实Vehicle road,实际站点登车/驾驶/退出与路线/信号相同，不另虚构自动车
BUILT-280,城市有限库存货运车本体母版,载具精细缺项,组合模板,城市交通、第一人称出行、实体与渲染,缺失待制,需求 提示词.md:7/9/105/113；审计当前 src/types.ts:13、src/world.ts:428、src/renderer.ts:279/592/670、src/aviation-renderer.ts:6，未有该独立资产/共享模板；详见 evidence.md 缺项边界,先核母版规格与来源；共享结构先定义，视觉资源另验收,真实Vehicle/AerialVehicle id、SimState、NetworkEdge/站点/机位；共享body/登离/驾驶/货运接口先定义,BUILT-280,有可辨货箱/驾驶舱/真实轮组，使用已有货运Vehicle,视觉货物取真实cargo/贸易库存；不可凭模型生成货物
BUILT-281,磁浮和轻轨列车车厢母版,载具精细缺项,组合模板,城市交通、第一人称出行、实体与渲染,缺失待制,需求 提示词.md:7/9/105/113；审计当前 src/types.ts:13、src/world.ts:428、src/renderer.ts:279/592/670、src/aviation-renderer.ts:6，未有该独立资产/共享模板；详见 evidence.md 缺项边界,先核母版规格与来源；共享结构先定义，视觉资源另验收,真实Vehicle/AerialVehicle id、SimState、NetworkEdge/站点/机位；共享body/登离/驾驶/货运接口先定义,BUILT-281,车头/多窗/车门/连挂、不同真实route模式参数,真实列车停站/上下车，不以运动盒体称精细车厢
BUILT-282,可登离缆车轿厢与吊架母版,载具精细缺项,组合模板,城市交通、第一人称出行、实体与渲染,缺失待制,需求 提示词.md:7/9/105/113；审计当前 src/types.ts:13、src/world.ts:428、src/renderer.ts:279/592/670、src/aviation-renderer.ts:6，未有该独立资产/共享模板；详见 evidence.md 缺项边界,先核母版规格与来源；共享结构先定义，视觉资源另验收,真实Vehicle/AerialVehicle id、SimState、NetworkEdge/站点/机位；共享body/登离/驾驶/货运接口先定义,BUILT-282,薄玻璃舱/门/上吊架/索夹，真实cable车体,乘舱/线路/悬索接点同源，登离舱身体净空
BUILT-283,崖壁升降乘舱精细母版,载具精细缺项,组合模板,城市交通、第一人称出行、实体与渲染,缺失待制,需求 提示词.md:7/9/105/113；审计当前 src/types.ts:13、src/world.ts:428、src/renderer.ts:279/592/670、src/aviation-renderer.ts:6，未有该独立资产/共享模板；详见 evidence.md 缺项边界,先核母版规格与来源；共享结构先定义，视觉资源另验收,真实Vehicle/AerialVehicle id、SimState、NetworkEdge/站点/机位；共享body/登离/驾驶/货运接口先定义,BUILT-283,乘舱地板/开敞栏杆/门/侧导轮与站台接合,vertical位置/landing同源，不跳层或填井遮瀑
BUILT-284,可登离溪谷渡船本体母版,载具精细缺项,组合模板,城市交通、第一人称出行、实体与渲染,缺失待制,需求 提示词.md:7/9/105/113；审计当前 src/types.ts:13、src/world.ts:428、src/renderer.ts:279/592/670、src/aviation-renderer.ts:6，未有该独立资产/共享模板；详见 evidence.md 缺项边界,先核母版规格与来源；共享结构先定义，视觉资源另验收,真实Vehicle/AerialVehicle id、SimState、NetworkEdge/站点/机位；共享body/登离/驾驶/货运接口先定义,BUILT-284,体素船底/舷/舱棚/甲板/实际舱门，真实ferry,吃水、水面、码头landing与人物位置真实；不把船盒当完成
BUILT-285,机场公共客运飞机完整本体母版,载具精细缺项,组合模板,城市交通、第一人称出行、实体与渲染,缺失待制,需求 提示词.md:7/9/105/113；审计当前 src/types.ts:13、src/world.ts:428、src/renderer.ts:279/592/670、src/aviation-renderer.ts:6，未有该独立资产/共享模板；详见 evidence.md 缺项边界,先核母版规格与来源；共享结构先定义，视觉资源另验收,真实Vehicle/AerialVehicle id、SimState、NetworkEdge/站点/机位；共享body/登离/驾驶/货运接口先定义,BUILT-285,独立机身/机翼/尾翼/起落架/舱口，与公共flight Vehicle,实际机场多stand/航班，尺寸/登机位真；与勤务jet模板分清
BUILT-286,城市道路载具轮胎轮毂组件,载具精细缺项,基础组件,城市交通、第一人称出行、实体与渲染,缺失待制,需求 提示词.md:7/9/105/113；审计当前 src/types.ts:13、src/world.ts:428、src/renderer.ts:279/592/670、src/aviation-renderer.ts:6，未有该独立资产/共享模板；详见 evidence.md 缺项边界,先核母版规格与来源；共享结构先定义，视觉资源另验收,真实Vehicle/AerialVehicle id、SimState、NetworkEdge/站点/机位；共享body/登离/驾驶/货运接口先定义,BUILT-286,硬边轮组/转向轴，实际车体尺寸/离地高,同真实车速/steering变动；不改变Vehicle碰撞/驾驶契约
BUILT-287,城市道路载具门壳与铰接组件,载具精细缺项,基础组件,城市交通、第一人称出行、实体与渲染,缺失待制,需求 提示词.md:7/9/105/113；审计当前 src/types.ts:13、src/world.ts:428、src/renderer.ts:279/592/670、src/aviation-renderer.ts:6，未有该独立资产/共享模板；详见 evidence.md 缺项边界,先核母版规格与来源；共享结构先定义，视觉资源另验收,真实Vehicle/AerialVehicle id、SimState、NetworkEdge/站点/机位；共享body/登离/驾驶/货运接口先定义,BUILT-287,登车位置/门幅/门框贴真实body接口,共享登离/权限；不能模型门洞自己决定body净空
BUILT-288,列车车厢端连挂组件,载具精细缺项,基础组件,城市交通、第一人称出行、实体与渲染,缺失待制,需求 提示词.md:7/9/105/113；审计当前 src/types.ts:13、src/world.ts:428、src/renderer.ts:279/592/670、src/aviation-renderer.ts:6，未有该独立资产/共享模板；详见 evidence.md 缺项边界,先核母版规格与来源；共享结构先定义，视觉资源另验收,真实Vehicle/AerialVehicle id、SimState、NetworkEdge/站点/机位；共享body/登离/驾驶/货运接口先定义,BUILT-288,列车车厢头尾固定连接尺度,同实际车厢序列/车体位置，不独立漂移
BUILT-289,轻轨轮架和磁浮导向底座组件,载具精细缺项,基础组件,城市交通、第一人称出行、实体与渲染,缺失待制,需求 提示词.md:7/9/105/113；审计当前 src/types.ts:13、src/world.ts:428、src/renderer.ts:279/592/670、src/aviation-renderer.ts:6，未有该独立资产/共享模板；详见 evidence.md 缺项边界,先核母版规格与来源；共享结构先定义，视觉资源另验收,真实Vehicle/AerialVehicle id、SimState、NetworkEdge/站点/机位；共享body/登离/驾驶/货运接口先定义,BUILT-289,轮轨和磁浮两种导向边界区别清楚,与真实轨道高度/模式一致；非仅换配色
BUILT-290,缆车吊架与承索夹组件,载具精细缺项,基础组件,城市交通、第一人称出行、实体与渲染,缺失待制,需求 提示词.md:7/9/105/113；审计当前 src/types.ts:13、src/world.ts:428、src/renderer.ts:279/592/670、src/aviation-renderer.ts:6，未有该独立资产/共享模板；详见 evidence.md 缺项边界,先核母版规格与来源；共享结构先定义，视觉资源另验收,真实Vehicle/AerialVehicle id、SimState、NetworkEdge/站点/机位；共享body/登离/驾驶/货运接口先定义,BUILT-290,轿厢顶→真实cable-line之间承接,挂点高度/方向同route，避客舱通路
BUILT-291,渡船船艏/船底体素组件,载具精细缺项,基础组件,城市交通、第一人称出行、实体与渲染,缺失待制,需求 提示词.md:7/9/105/113；审计当前 src/types.ts:13、src/world.ts:428、src/renderer.ts:279/592/670、src/aviation-renderer.ts:6，未有该独立资产/共享模板；详见 evidence.md 缺项边界,先核母版规格与来源；共享结构先定义，视觉资源另验收,真实Vehicle/AerialVehicle id、SimState、NetworkEdge/站点/机位；共享body/登离/驾驶/货运接口先定义,BUILT-291,船体可读水线/方块阶差、厚底,实际船体水位和route一致，不浮空/穿码头
BUILT-292,渡船甲板舷栏和登离缺口组件,载具精细缺项,基础组件,城市交通、第一人称出行、实体与渲染,缺失待制,需求 提示词.md:7/9/105/113；审计当前 src/types.ts:13、src/world.ts:428、src/renderer.ts:279/592/670、src/aviation-renderer.ts:6，未有该独立资产/共享模板；详见 evidence.md 缺项边界,先核母版规格与来源；共享结构先定义，视觉资源另验收,真实Vehicle/AerialVehicle id、SimState、NetworkEdge/站点/机位；共享body/登离/驾驶/货运接口先定义,BUILT-292,甲板两侧栏杆，登船口真实缺口,身体实体同栏杆、岸船连接正常W
BUILT-293,码头至渡船真实登离接板,载具精细缺项,基础组件,城市交通、第一人称出行、实体与渲染,缺失待制,需求 提示词.md:7/9/105/113；审计当前 src/types.ts:13、src/world.ts:428、src/renderer.ts:279/592/670、src/aviation-renderer.ts:6，未有该独立资产/共享模板；详见 evidence.md 缺项边界,先核母版规格与来源；共享结构先定义，视觉资源另验收,真实Vehicle/AerialVehicle id、SimState、NetworkEdge/站点/机位；共享body/登离/驾驶/货运接口先定义,BUILT-293,随真实停船状态的岸/船接板或固定landing,合法停稳才登离；身体不入水或传送跨大空隙
BUILT-294,公共客机起落架与轮组,载具精细缺项,基础组件,城市交通、第一人称出行、实体与渲染,缺失待制,需求 提示词.md:7/9/105/113；审计当前 src/types.ts:13、src/world.ts:428、src/renderer.ts:279/592/670、src/aviation-renderer.ts:6，未有该独立资产/共享模板；详见 evidence.md 缺项边界,先核母版规格与来源；共享结构先定义，视觉资源另验收,真实Vehicle/AerialVehicle id、SimState、NetworkEdge/站点/机位；共享body/登离/驾驶/货运接口先定义,BUILT-294,翼/机身下轮柱轮组、压缩和抬收状态,真实runway地面高度及flight状态，不能穿deck
BUILT-295,公共客机机翼与翼端组件,载具精细缺项,基础组件,城市交通、第一人称出行、实体与渲染,缺失待制,需求 提示词.md:7/9/105/113；审计当前 src/types.ts:13、src/world.ts:428、src/renderer.ts:279/592/670、src/aviation-renderer.ts:6，未有该独立资产/共享模板；详见 evidence.md 缺项边界,先核母版规格与来源；共享结构先定义，视觉资源另验收,真实Vehicle/AerialVehicle id、SimState、NetworkEdge/站点/机位；共享body/登离/驾驶/货运接口先定义,BUILT-295,左右翼梁/翼面/端饰，与已有17m代理另定义真实母版尺寸,真实机位翼展/滑行障碍授权；不是单块14m宽body当翼
BUILT-296,公共客机发动机/推力体组件,载具精细缺项,基础组件,城市交通、第一人称出行、实体与渲染,缺失待制,需求 提示词.md:7/9/105/113；审计当前 src/types.ts:13、src/world.ts:428、src/renderer.ts:279/592/670、src/aviation-renderer.ts:6，未有该独立资产/共享模板；详见 evidence.md 缺项边界,先核母版规格与来源；共享结构先定义，视觉资源另验收,真实Vehicle/AerialVehicle id、SimState、NetworkEdge/站点/机位；共享body/登离/驾驶/货运接口先定义,BUILT-296,吊舱/进排气细体素结构，与主翼机体承接,真实边界/资源预算，无未经系统消费的烟雾假动作
BUILT-297,公共客机水平及垂直尾翼组件,载具精细缺项,基础组件,城市交通、第一人称出行、实体与渲染,缺失待制,需求 提示词.md:7/9/105/113；审计当前 src/types.ts:13、src/world.ts:428、src/renderer.ts:279/592/670、src/aviation-renderer.ts:6，未有该独立资产/共享模板；详见 evidence.md 缺项边界,先核母版规格与来源；共享结构先定义，视觉资源另验收,真实Vehicle/AerialVehicle id、SimState、NetworkEdge/站点/机位；共享body/登离/驾驶/货运接口先定义,BUILT-297,尾翼两向不同结构，由真实飞机规格派生,尾部方向与yaw/pitch一致；硬边/平面法线
BUILT-298,机场移动登机梯实体道具,载具精细缺项,组合模板,城市交通、第一人称出行、实体与渲染,缺失待制,需求 提示词.md:7/9/105/113；审计当前 src/types.ts:13、src/world.ts:428、src/renderer.ts:279/592/670、src/aviation-renderer.ts:6，未有该独立资产/共享模板；详见 evidence.md 缺项边界,先核母版规格与来源；共享结构先定义，视觉资源另验收,真实Vehicle/AerialVehicle id、SimState、NetworkEdge/站点/机位；共享body/登离/驾驶/货运接口先定义,BUILT-298,可用踏步/平台/轮脚/侧栏，锚实际停机舱门,.2m踏步和.35/1.72人体净空；真实台阶身体支持
BUILT-299,机场牵引车本体与拖杆,载具精细缺项,组合模板,城市交通、第一人称出行、实体与渲染,缺失待制,需求 提示词.md:7/9/105/113；审计当前 src/types.ts:13、src/world.ts:428、src/renderer.ts:279/592/670、src/aviation-renderer.ts:6，未有该独立资产/共享模板；详见 evidence.md 缺项边界,先核母版规格与来源；共享结构先定义，视觉资源另验收,真实Vehicle/AerialVehicle id、SimState、NetworkEdge/站点/机位；共享body/登离/驾驶/货运接口先定义,BUILT-299,牵引车/轮组/拖杆/飞机连接点,真机场状态与机位移动；仅视觉道具不能称系统可用
BUILT-300,码头系船柱与护舷道具,载具精细缺项,基础组件,城市交通、第一人称出行、实体与渲染,缺失待制,需求 提示词.md:7/9/105/113；审计当前 src/types.ts:13、src/world.ts:428、src/renderer.ts:279/592/670、src/aviation-renderer.ts:6，未有该独立资产/共享模板；详见 evidence.md 缺项边界,先核母版规格与来源；共享结构先定义，视觉资源另验收,真实Vehicle/AerialVehicle id、SimState、NetworkEdge/站点/机位；共享body/登离/驾驶/货运接口先定义,BUILT-300,位于真实dock solid边，不挤公共通路,body授权/水线正确、实际靠船位置
BUILT-301,城市载具前后灯与信号灯变化,载具精细缺项,动画特效,城市交通、第一人称出行、实体与渲染,缺失待制,需求 提示词.md:7/9/105/113；审计当前 src/types.ts:13、src/world.ts:428、src/renderer.ts:279/592/670、src/aviation-renderer.ts:6，未有该独立资产/共享模板；详见 evidence.md 缺项边界,先核母版规格与来源；共享结构先定义，视觉资源另验收,真实Vehicle/AerialVehicle id、SimState、NetworkEdge/站点/机位；共享body/登离/驾驶/货运接口先定义,BUILT-301,实际车身灯位/刹车转向/昼夜状态,真实Vehicle控制/信号输入；预算内可见灯，不伪造道路许可
BUILT-302,道路车轮转动和转向表现,载具精细缺项,动画特效,城市交通、第一人称出行、实体与渲染,缺失待制,需求 提示词.md:7/9/105/113；审计当前 src/types.ts:13、src/world.ts:428、src/renderer.ts:279/592/670、src/aviation-renderer.ts:6，未有该独立资产/共享模板；详见 evidence.md 缺项边界,先核母版规格与来源；共享结构先定义，视觉资源另验收,真实Vehicle/AerialVehicle id、SimState、NetworkEdge/站点/机位；共享body/登离/驾驶/货运接口先定义,BUILT-302,读取真实路程/速度/steering,没有独立假运动；停车轮停，和实际驾驶匹配
BUILT-303,客机起落架收放表现,载具精细缺项,动画特效,城市交通、第一人称出行、实体与渲染,缺失待制,需求 提示词.md:7/9/105/113；审计当前 src/types.ts:13、src/world.ts:428、src/renderer.ts:279/592/670、src/aviation-renderer.ts:6，未有该独立资产/共享模板；详见 evidence.md 缺项边界,先核母版规格与来源；共享结构先定义，视觉资源另验收,真实Vehicle/AerialVehicle id、SimState、NetworkEdge/站点/机位；共享body/登离/驾驶/货运接口先定义,BUILT-303,由真实地面/起降/飞行状态驱动,不能只循环动画；机坪/跑道合法停靠和save一致
BUILT-304,载具登离门开闭表现,载具精细缺项,动画特效,城市交通、第一人称出行、实体与渲染,缺失待制,需求 提示词.md:7/9/105/113；审计当前 src/types.ts:13、src/world.ts:428、src/renderer.ts:279/592/670、src/aviation-renderer.ts:6，未有该独立资产/共享模板；详见 evidence.md 缺项边界,先核母版规格与来源；共享结构先定义，视觉资源另验收,真实Vehicle/AerialVehicle id、SimState、NetworkEdge/站点/机位；共享body/登离/驾驶/货运接口先定义,BUILT-304,停稳/登离/权限驱动车船飞机门状态,真实登离接口与身体净空同源，不以开门允许非法下车
BUILT-305,其余三桥共享承力结构母版,交通结构缺项,组合模板,城市交通、第一人称出行、实体与渲染,缺失待制,需求 提示词.md:5/7/31/105；开发备忘录.md:17；审计当前 src/types.ts:13、src/world.ts:428、src/renderer.ts:279/592/670、src/aviation-renderer.ts:6，未有该独立资产/共享模板；详见 evidence.md 缺项边界,先核母版规格与来源；共享结构先定义，视觉资源另验收,WorldDefinition.nodes/edges；NetworkEdge.points/mode；getWalkHeight/transport-geometry/controller；旧五配方和存档；所有承力solid共享，旧逻辑路径不变，只新增可信opt-in配方,BUILT-305,deck/梁/墩/terrain基础/接岸/栏杆同descriptor，保原三桥,原路线和旧save不变；underdeck正常W、真实pier阻挡、原fail保留
BUILT-306,多层高架道路轨道共享支承模板,交通结构缺项,组合模板,城市交通、第一人称出行、实体与渲染,缺失待制,需求 提示词.md:5/7/31/105；开发备忘录.md:17；审计当前 src/types.ts:13、src/world.ts:428、src/renderer.ts:279/592/670、src/aviation-renderer.ts:6，未有该独立资产/共享模板；详见 evidence.md 缺项边界,先核母版规格与来源；共享结构先定义，视觉资源另验收,WorldDefinition.nodes/edges；NetworkEdge.points/mode；getWalkHeight/transport-geometry/controller；旧五配方和存档；所有承力solid共享，旧逻辑路径不变，只新增可信opt-in配方,BUILT-306,墩/梁/基础/墩帽与renderer/body/route统一,实际terrain锚固；上下层support硬reject，不能高桥吸附地面
BUILT-307,真实接岸桥台基础组件,交通结构缺项,基础组件,城市交通、第一人称出行、实体与渲染,缺失待制,需求 提示词.md:5/7/31/105；开发备忘录.md:17；审计当前 src/types.ts:13、src/world.ts:428、src/renderer.ts:279/592/670、src/aviation-renderer.ts:6，未有该独立资产/共享模板；详见 evidence.md 缺项边界,先核母版规格与来源；共享结构先定义，视觉资源另验收,WorldDefinition.nodes/edges；NetworkEdge.points/mode；getWalkHeight/transport-geometry/controller；旧五配方和存档；所有承力solid共享，旧逻辑路径不变，只新增可信opt-in配方,BUILT-307,岸侧terrain采点/台阶或坡接、桥板与岸路支座,不是电梯landing；真实岸边和.35/1.72全体积净空
BUILT-308,桥板梁墩共享支座组件,交通结构缺项,基础组件,城市交通、第一人称出行、实体与渲染,缺失待制,需求 提示词.md:5/7/31/105；开发备忘录.md:17；审计当前 src/types.ts:13、src/world.ts:428、src/renderer.ts:279/592/670、src/aviation-renderer.ts:6，未有该独立资产/共享模板；详见 evidence.md 缺项边界,先核母版规格与来源；共享结构先定义，视觉资源另验收,WorldDefinition.nodes/edges；NetworkEdge.points/mode；getWalkHeight/transport-geometry/controller；旧五配方和存档；所有承力solid共享，旧逻辑路径不变，只新增可信opt-in配方,BUILT-308,桥板/主梁/墩帽之间真正支座和接缝,承力层级可读且人体不穿；不画悬浮零件
BUILT-309,悬桥主缆真实岸侧锚块组件,交通结构缺项,基础组件,城市交通、第一人称出行、实体与渲染,缺失待制,需求 提示词.md:5/7/31/105；开发备忘录.md:17；审计当前 src/types.ts:13、src/world.ts:428、src/renderer.ts:279/592/670、src/aviation-renderer.ts:6，未有该独立资产/共享模板；详见 evidence.md 缺项边界,先核母版规格与来源；共享结构先定义，视觉资源另验收,WorldDefinition.nodes/edges；NetworkEdge.points/mode；getWalkHeight/transport-geometry/controller；旧五配方和存档；所有承力solid共享，旧逻辑路径不变，只新增可信opt-in配方,BUILT-309,主缆末端到terrain锚地块/引索，不仅视觉曲线,真实锚点落地且body授权，不堵原路和河道
BUILT-310,缆车terrain支柱和导向轮组件,交通结构缺项,基础组件,城市交通、第一人称出行、实体与渲染,缺失待制,需求 提示词.md:5/7/31/105；开发备忘录.md:17；审计当前 src/types.ts:13、src/world.ts:428、src/renderer.ts:279/592/670、src/aviation-renderer.ts:6，未有该独立资产/共享模板；详见 evidence.md 缺项边界,先核母版规格与来源；共享结构先定义，视觉资源另验收,WorldDefinition.nodes/edges；NetworkEdge.points/mode；getWalkHeight/transport-geometry/controller；旧五配方和存档；所有承力solid共享，旧逻辑路径不变，只新增可信opt-in配方,BUILT-310,承索路线转点/跨距支柱、terrain基础、导轮,线路/舱挂点/地面身体净空同descriptor
BUILT-311,站台棚柱入口共享实体模板,交通结构缺项,组合模板,城市交通、第一人称出行、实体与渲染,缺失待制,需求 提示词.md:5/7/31/105；开发备忘录.md:17；审计当前 src/types.ts:13、src/world.ts:428、src/renderer.ts:279/592/670、src/aviation-renderer.ts:6，未有该独立资产/共享模板；详见 evidence.md 缺项边界,先核母版规格与来源；共享结构先定义，视觉资源另验收,WorldDefinition.nodes/edges；NetworkEdge.points/mode；getWalkHeight/transport-geometry/controller；旧五配方和存档；所有承力solid共享，旧逻辑路径不变，只新增可信opt-in配方,BUILT-311,既有22×18台/棚柱变实际支撑/障碍，公交铁路尺寸区别,实走→上车→下车，.35身体不穿柱；外观/碰撞一致
BUILT-312,滨水真实栈台桩基组件,交通结构缺项,基础组件,城市交通、第一人称出行、实体与渲染,缺失待制,需求 提示词.md:5/7/31/105；开发备忘录.md:17；审计当前 src/types.ts:13、src/world.ts:428、src/renderer.ts:279/592/670、src/aviation-renderer.ts:6，未有该独立资产/共享模板；详见 evidence.md 缺项边界,先核母版规格与来源；共享结构先定义，视觉资源另验收,WorldDefinition.nodes/edges；NetworkEdge.points/mode；getWalkHeight/transport-geometry/controller；旧五配方和存档；所有承力solid共享，旧逻辑路径不变，只新增可信opt-in配方,BUILT-312,真实岸路/水位/木平台/桩/舷栏/泊位,身体平台高度和水面一致，合法登船接口可验
BUILT-313,顺山分层山路和发卡弯语法,交通结构缺项,组合模板,城市交通、第一人称出行、实体与渲染,缺失待制,需求 提示词.md:5/7/31/105；开发备忘录.md:17；审计当前 src/types.ts:13、src/world.ts:428、src/renderer.ts:279/592/670、src/aviation-renderer.ts:6，未有该独立资产/共享模板；详见 evidence.md 缺项边界,先核母版规格与来源；共享结构先定义，视觉资源另验收,WorldDefinition.nodes/edges；NetworkEdge.points/mode；getWalkHeight/transport-geometry/controller；旧五配方和存档；所有承力solid共享，旧逻辑路径不变，只新增可信opt-in配方,BUILT-313,不规则等高线道路/挡土/桥/崖侧栏，连续真实坡度,正常W和真实驾驶均连贯；不靠全区压平或topview路图
BUILT-314,高架之下真实生活交通场所模板,交通结构缺项,组合模板,城市交通、第一人称出行、实体与渲染,缺失待制,需求 提示词.md:5/7/31/105；开发备忘录.md:17；审计当前 src/types.ts:13、src/world.ts:428、src/renderer.ts:279/592/670、src/aviation-renderer.ts:6，未有该独立资产/共享模板；详见 evidence.md 缺项边界,先核母版规格与来源；共享结构先定义，视觉资源另验收,WorldDefinition.nodes/edges；NetworkEdge.points/mode；getWalkHeight/transport-geometry/controller；旧五配方和存档；所有承力solid共享，旧逻辑路径不变，只新增可信opt-in配方,BUILT-314,上层轨/路与下层街院/产业/换乘分空间,上下层身体支持硬界限，真实桥下穿越；不是多线重叠图
ENV-001,权威连续岩土表面母版,地形与地质,基础组件,地形渲染/步行碰撞/编辑,已集成代码生成,src/world.ts:185；src/rendering/terrain.ts:94、162；src/renderer.ts:233,程序采样/索引网格；需继续美术重塑,WorldDefinition、terrainHeight/地形占用、96m块与LOD；道路/建筑域锚点合同（跨域未分配ID）,ENV-001,地形块实例不各计模型；按同一高度描述派生近远壳,保留0.2m权威物理/编辑格、米制轴向和锚点；显示/支撑/碰撞同描述，近远LOD轮廓一致；近景/总览/昼夜实拍后判美术。无漏缝/白洞/浮石；1–2m表面采样不冒称全表面0.2m几何密度。
ENV-002,分块近远地形壳组合,地形与地质,组合模板,地形LOD/资源加载,已集成代码生成,src/rendering/terrain.ts:166、178、188、293、325,程序分块/合批/驻留,WorldDefinition、terrainHeight/地形占用、96m块与LOD；道路/建筑域锚点合同（跨域未分配ID）,ENV-001,96m块；远代理16/8/4m；近1/2m；缓存18块为实例预算,保留0.2m权威物理/编辑格、米制轴向和锚点；显示/支撑/碰撞同描述，近远LOD轮廓一致；近景/总览/昼夜实拍后判美术。采样边缘与法线闭合，切档不改变权威地形。
ENV-003,既有群山底形配方,地形与地质,组合模板,城区高度/山体布局,已集成代码生成,src/world.ts:91–115、434–440,确定性程序高斯底形,WorldDefinition、terrainHeight/地形占用、96m块与LOD；道路/建筑域锚点合同（跨域未分配ID）,ENV-001,十个山参数复用同一配方；不算十个模型,保留0.2m权威物理/编辑格、米制轴向和锚点；显示/支撑/碰撞同描述，近远LOD轮廓一致；近景/总览/昼夜实拍后判美术。明确现有宽高斯与大平整区不足以验收不规则多峰连续崖阶。
ENV-004,不规则多峰连续山脊场景母版,地形与地质,组合模板,多峰山城/跨岭纵深,缺失待制,src/world.ts:93、434–440仅高斯；开发备忘录.md:17、68、74新增方向,程序地形拓扑与艺术定形；不可Tripo整山替代,WorldDefinition、terrainHeight/地形占用、96m块与LOD；道路/建筑域锚点合同（跨域未分配ID）,ENV-004,多主峰/次峰、偏心脊线、鞍部连接；不是随机缩放高斯山,保留0.2m权威物理/编辑格、米制轴向和锚点；显示/支撑/碰撞同描述，近远LOD轮廓一致；近景/总览/昼夜实拍后判美术。城市真实跨山；峰脊连续、可达关系与远近轮廓成立。
ENV-005,节理裂隙分层岩台母版,地形与地质,基础组件,地质/崖阶支撑,已集成代码生成,src/world.ts:162–180、206；src/rendering/terrain.ts:117–132,程序权威地质浮雕/近壳,WorldDefinition、terrainHeight/地形占用、96m块与LOD；道路/建筑域锚点合同（跨域未分配ID）,ENV-005,24m节理域/8m台阶是现有参数；复用不各计岩柱模型,保留0.2m权威物理/编辑格、米制轴向和锚点；显示/支撑/碰撞同描述，近远LOD轮廓一致；近景/总览/昼夜实拍后判美术。现有高度场浮雕仍需构图返工；无悬挑洞穴能力证明。
ENV-006,不规则高陡连续崖壁断面母版,地形与地质,基础组件,断崖城市/深谷,缺失待制,src/world.ts:199–206肩坡/浮雕；开发备忘录.md:17；docs/视觉返工审查与方案.md:45,程序精确断面/占用+人工轮廓定形,WorldDefinition、terrainHeight/地形占用、96m块与LOD；道路/建筑域锚点合同（跨域未分配ID）,ENV-006,同母版定义起止高程、断层转折、崖面与上下台面,保留0.2m权威物理/编辑格、米制轴向和锚点；显示/支撑/碰撞同描述，近远LOD轮廓一致；近景/总览/昼夜实拍后判美术。垂直断面连贯、非巨平坡/埋盒石；结构与行走同源。
ENV-007,崖壁内外转折与台阶边缘族,地形与地质,配色尺寸变体,断崖连续衔接,缺失待制,src/rendering/terrain.ts:119–132只有采样四侧面；docs/视觉返工审查与方案.md:45,程序从崖壁母版派生,WorldDefinition、terrainHeight/地形占用、96m块与LOD；道路/建筑域锚点合同（跨域未分配ID）,ENV-006,凹角/凸角/端头/多段折面按断面派生，不每角度计模型,保留0.2m权威物理/编辑格、米制轴向和锚点；显示/支撑/碰撞同描述，近远LOD轮廓一致；近景/总览/昼夜实拍后判美术。转折无缝；不同视点轮廓非棋盘矩阵。
ENV-008,错层岩台与次级崖阶母版,地形与地质,基础组件,上下城市街台/谷壁,缺失待制,src/world.ts:179台阶参数；docs/视觉返工审查与方案.md:45、50,程序平台+地质边缘,WorldDefinition、terrainHeight/地形占用、96m块与LOD；道路/建筑域锚点合同（跨域未分配ID）,ENV-008,自然岩台独立于城市铺台；台面随地质不等宽,保留0.2m权威物理/编辑格、米制轴向和锚点；显示/支撑/碰撞同描述，近远LOD轮廓一致；近景/总览/昼夜实拍后判美术。顶台/崖面/下台可读，不能参数地质浮雕冒称完整。
ENV-009,贯穿城区深谷场景母版,地形与地质,组合模板,跨谷城市/航空探索,缺失待制,src/world.ts:95–103拉平台；提示词.md:15、21；开发备忘录.md:17、68,程序河谷拓扑/地形占用,WorldDefinition、terrainHeight/地形占用、96m块与LOD；道路/建筑域锚点合同（跨域未分配ID）,ENV-009,主谷/侧谷/槽谷形成连续网络；接水域母版,保留0.2m权威物理/编辑格、米制轴向和锚点；显示/支撑/碰撞同描述，近远LOD轮廓一致；近景/总览/昼夜实拍后判美术。80–240m级谷山肩与城区密度共同验收；拒绝平地远山伪规模。
ENV-010,山鞍与山脊过渡块,地形与地质,基础组件,跨岭交通/登山,缺失待制,src/world.ts:93–94仅连续噪声；提示词.md:21、27,程序地形约束组件,WorldDefinition、terrainHeight/地形占用、96m块与LOD；道路/建筑域锚点合同（跨域未分配ID）,ENV-010,脊顶/脊侧/鞍部共一个组件拓扑族,保留0.2m权威物理/编辑格、米制轴向和锚点；显示/支撑/碰撞同描述，近远LOD轮廓一致；近景/总览/昼夜实拍后判美术。山脊连贯且不把运输净空埋入地形。
ENV-011,坡脚岩屑堆与碎石坡母版,地形与地质,基础组件,风化坡脚/崖底,缺失待制,src/rendering/terrain.ts:316只有少量盒状碎石；开发备忘录.md:53,程序坡脚支撑；美术岩石GLB可挂装饰,WorldDefinition、terrainHeight/地形占用、96m块与LOD；道路/建筑域锚点合同（跨域未分配ID）,ENV-011,大中小石分布随坡度重力方向；石粒不各计模型,保留0.2m权威物理/编辑格、米制轴向和锚点；显示/支撑/碰撞同描述，近远LOD轮廓一致；近景/总览/昼夜实拍后判美术。石与坡接触，无漂浮；不封河/人行/崖台。
ENV-012,河谷侵蚀与河床切槽组件,地形与地质,基础组件,河道/瀑潭支撑,已集成代码生成,src/world.ts:112–114、215–219；src/rendering/terrain.ts:70,程序权威水床切槽,WorldDefinition、terrainHeight/地形占用、96m块与LOD；道路/建筑域锚点合同（跨域未分配ID）,ENV-012,依据当前单河中心线和水位切槽,保留0.2m权威物理/编辑格、米制轴向和锚点；显示/支撑/碰撞同描述，近远LOD轮廓一致；近景/总览/昼夜实拍后判美术。当前槽宽与潭形局限列明；水面以下无埋路或假封床。
ENV-013,悬挑岩檐与天然穿洞组件,地形与地质,基础组件,地质空间变化/探索,缺失待制,src/world.ts:185单值高度场；src/rendering/terrain.ts:99；提示词.md:27场景自主设计,若采用需三维占用/网格母版，禁止仅贴外观,WorldDefinition、terrainHeight/地形占用、96m块与LOD；道路/建筑域锚点合同（跨域未分配ID）,ENV-013,悬挑/洞口/穿洞同拓扑族；具体场所待布局决定,保留0.2m权威物理/编辑格、米制轴向和锚点；显示/支撑/碰撞同描述，近远LOD轮廓一致；近景/总览/昼夜实拍后判美术。单值高度场不能支持；真洞/真净空与碰撞同步。
ENV-014,土层剖面与裸露根际基底,地形与地质,基础组件,土岩边界/林地,缺失待制,src/rendering/terrain.ts:75–84仅颜色过渡；开发备忘录.md:53,程序剖面+可挂根装饰,WorldDefinition、terrainHeight/地形占用、96m块与LOD；道路/建筑域锚点合同（跨域未分配ID）,ENV-014,坡切面/浅土/深土以参数控制同母版,保留0.2m权威物理/编辑格、米制轴向和锚点；显示/支撑/碰撞同描述，近远LOD轮廓一致；近景/总览/昼夜实拍后判美术。土层有厚度与基岩关系，根部不浮空。
ENV-015,中尺度破岩与独石装饰母版,地形与地质,基础组件,岸崖细节/轮廓,缺失待制,src/rendering/terrain.ts:252–254禁止埋盒石代替岩壳；docs/美术资源制作规格.md:35,体素手工/概念图后Tripo视觉件；碰撞程序代理,WorldDefinition、terrainHeight/地形占用、96m块与LOD；道路/建筑域锚点合同（跨域未分配ID）,ENV-015,少数风化块面母版复用；接地锚点统一,米制底部/安装锚点、体素硬边；真实接地并保公共通路与人体净空；可导出GLB、PBR/UV/LOD可核，实拍后判美术。GLB/PBR/硬边/LOD真实核；不得遮权威地形裂缝。
ENV-016,近景0.2m量化碎石组件,地形与地质,基础组件,脚边细节/地表,已集成代码生成,src/rendering/terrain.ts:311–319,程序实例盒石，待细化轮廓,WorldDefinition、terrainHeight/地形占用、96m块与LOD；道路/建筑域锚点合同（跨域未分配ID）,ENV-016,0.4–0.8m粒径参数与两色复用；不独立计各粒,保留0.2m权威物理/编辑格、米制轴向和锚点；显示/支撑/碰撞同描述，近远LOD轮廓一致；近景/总览/昼夜实拍后判美术。非整坡散盒；真实接地/群落分布，保细格编辑。
ENV-017,灰白水蚀岸石组件,地形与地质,基础组件,水岸轮廓,已集成代码生成,src/rendering/terrain.ts:265–275,程序量化盒石；可替换体素风化视觉母版,WorldDefinition、terrainHeight/地形占用、96m块与LOD；道路/建筑域锚点合同（跨域未分配ID）,ENV-017,尺寸参数1.2m起、岸距/高度过滤；复用,保留0.2m权威物理/编辑格、米制轴向和锚点；显示/支撑/碰撞同描述，近远LOD轮廓一致；近景/总览/昼夜实拍后判美术。现有盒形只是集成基础；近景自然水蚀轮廓及落脚可核。
ENV-018,破岩形状与干湿色尺寸族,地形与地质,配色尺寸变体,岸石/坡石/景石,缺失待制,src/rendering/terrain.ts:269、316当前盒形两色；docs/美术资源制作规格.md:35,同独石母版形状/PBR实例参数,WorldDefinition、terrainHeight/地形占用、96m块与LOD；道路/建筑域锚点合同（跨域未分配ID）,ENV-015,长扁/块状/裂片+合理尺寸/干湿参数；不每色计模型,米制底部/安装锚点、体素硬边；真实接地并保公共通路与人体净空；可导出GLB、PBR/UV/LOD可核，实拍后判美术。保持统一地质语言和锚点；尺寸匹配物理代理。
ENV-019,远山叠嶂岩脊代理母版,地形与地质,基础组件,远景纵深/天空边界,已集成代码生成,src/rendering/terrain.ts:198–205,程序23参数峰壳合并代理,WorldDefinition、terrainHeight/地形占用、96m块与LOD；道路/建筑域锚点合同（跨域未分配ID）,ENV-019,23峰参数是实例；48m采样远壳非23独立模型,保留0.2m权威物理/编辑格、米制轴向和锚点；显示/支撑/碰撞同描述，近远LOD轮廓一致；近景/总览/昼夜实拍后判美术。远代理存在不等于可探索峰地形；近远边界无断层。
ENV-020,既有土岩程序表面材质,地形与地质,材质贴图,土岩/坡度/湿度呈色,已集成代码生成,src/rendering/terrain.ts:23–40、75–84,MeshStandard+世界坐标程序色素/顶点色,WorldDefinition、terrainHeight/地形占用、96m块与LOD；道路/建筑域锚点合同（跨域未分配ID）,ENV-020,共材质参数，不是已到达PBR图包,交固有色/法线/粗糙度/AO等明确通道，颜色与数据图分色空间，无烘焙太阳影；米制纹理密度和拼缝可核，保体素硬边，真实日夜光验收。当前无外部baseColor/normal/roughness贴图证明；不能标写实美术通过。
ENV-021,层岩节理PBR图包,地形与地质,材质贴图,岩层/崖壁近景,缺失待制,src/rendering/terrain.ts:23–40仅程序色素；docs/美术资源制作规格.md:35、36、84,材质工具/手工纹理；可先概念色图，PBR另制,WorldDefinition、terrainHeight/地形占用、96m块与LOD；道路/建筑域锚点合同（跨域未分配ID）,ENV-021,同一岩性可平铺+世界坐标混合；图包通道各不算模型,交固有色/法线/粗糙度/AO等明确通道，颜色与数据图分色空间，无烘焙太阳影；米制纹理密度和拼缝可核，保体素硬边，真实日夜光验收。节理方向跟几何，法线不画假崖阶，不以效果图冒完整PBR。
ENV-022,土壤与砂砾PBR图包,地形与地质,材质贴图,裸土/坡脚/泥地,缺失待制,src/rendering/terrain.ts:75只有soil/gravel色；开发备忘录.md:53,PBR表面制作/尺度标定,WorldDefinition、terrainHeight/地形占用、96m块与LOD；道路/建筑域锚点合同（跨域未分配ID）,ENV-022,土与砂砾为同图集的表面区；不每色计模型,交固有色/法线/粗糙度/AO等明确通道，颜色与数据图分色空间，无烘焙太阳影；米制纹理密度和拼缝可核，保体素硬边，真实日夜光验收。土岩比例/磨蚀尺度可辨，拼缝不规则大棋盘。
ENV-023,草土岩湿岸过渡遮罩与材质,地形与地质,材质贴图,生态地表/岸线过渡,已集成代码生成,src/rendering/terrain.ts:76–84坡度/高度/岸距权重,程序权重混合；需图包替换与艺术标定,WorldDefinition、terrainHeight/地形占用、96m块与LOD；道路/建筑域锚点合同（跨域未分配ID）,ENV-023,坡度/高度/河距混合一套，颜色配置非独立资产,交固有色/法线/粗糙度/AO等明确通道，颜色与数据图分色空间，无烘焙太阳影；米制纹理密度和拼缝可核，保体素硬边，真实日夜光验收。现存混合不等于细致地表；不得全城绿块或裸巨大三角。
ENV-024,风化裂痕苔斑细节图集,地形与地质,材质贴图,近壁风化/材质层次,缺失待制,src/rendering/terrain.ts:38–40仅噪声调色；开发备忘录.md:53、74,PBR图集/程序遮罩,WorldDefinition、terrainHeight/地形占用、96m块与LOD；道路/建筑域锚点合同（跨域未分配ID）,ENV-024,裂痕/苔斑/湿痕共一图集按坡/水位/年代混合,交固有色/法线/粗糙度/AO等明确通道，颜色与数据图分色空间，无烘焙太阳影；米制纹理密度和拼缝可核，保体素硬边，真实日夜光验收。不烘焙阴影，不让裂痕纹理代替真实地质断面。
ENV-025,多岭崖城与瀑谷景观组合,地形与地质,组合模板,整城山水构图/自由视角,缺失待制,提示词.md:15、21–27；开发备忘录.md:17、68；docs/视觉返工审查与方案.md:45–50,程序地形/布局共同生成，艺术审查主景,WorldDefinition、terrainHeight/地形占用、96m块与LOD；道路/建筑域锚点合同（跨域未分配ID）,ENV-025,组合多峰/深谷/崖阶/水系/真实接地；不是整城单模型,保留0.2m权威物理/编辑格、米制轴向和锚点；显示/支撑/碰撞同描述，近远LOD轮廓一致；近景/总览/昼夜实拍后判美术。主峰次峰/跨岭城群/多瀑汇河与视野留白全视角验收。
ENV-026,单瀑四段共享落水路径组件,水文与水体,基础组件,瀑布/地形切槽,已集成代码生成,src/world.ts:154–156；src/rendering/terrain.ts:63、279,程序水面与水床共享路径,水系拓扑、共享水床高度、流向/水位、terrainHeight；码头/桥/能源域接口（跨域未分配ID）,ENV-026,四路径节点从top/bottom派生,保留0.2m权威物理/编辑格、米制轴向和锚点；显示/支撑/碰撞同描述，近远LOD轮廓一致；近景/总览/昼夜实拍后判美术。有一套可见落水路径；不冒称多级多瀑拓扑。
ENV-027,连续共顶点河面母版,水文与水体,基础组件,河流/下游/渡运,已集成代码生成,src/world.ts:443；src/rendering/terrain.ts:259–274,程序索引水面/累积流向UV,水系拓扑、共享水床高度、流向/水位、terrainHeight；码头/桥/能源域接口（跨域未分配ID）,ENV-027,九点河中心线复用；各段不是独立模型,保留0.2m权威物理/编辑格、米制轴向和锚点；显示/支撑/碰撞同描述，近远LOD轮廓一致；近景/总览/昼夜实拍后判美术。转弯/潭接合与岸边连续；总览/地面视点都可识别河流。
ENV-028,153m落差水帘母版,水文与水体,基础组件,瀑布地标/能源景观,已集成代码生成,src/world.ts:442；src/rendering/terrain.ts:276–281,程序沿共享路径生成水帘,水系拓扑、共享水床高度、流向/水位、terrainHeight；码头/桥/能源域接口（跨域未分配ID）,ENV-028,24m当前宽度参数；宽高变体不另计独立模型,保留0.2m权威物理/编辑格、米制轴向和锚点；显示/支撑/碰撞同描述，近远LOD轮廓一致；近景/总览/昼夜实拍后判美术。当前只有单瀑；水帘不埋地形/升降井，不由存在推美术合格。
ENV-029,瀑下潭水面母版,水文与水体,基础组件,落水潭/下游接合,已集成代码生成,src/world.ts:218–219；src/rendering/terrain.ts:282–283,程序CircleGeometry与切潭,水系拓扑、共享水床高度、流向/水位、terrainHeight；码头/桥/能源域接口（跨域未分配ID）,ENV-029,50m半径/24边圆当前实例，尺寸参数,保留0.2m权威物理/编辑格、米制轴向和锚点；显示/支撑/碰撞同描述，近远LOD轮廓一致；近景/总览/昼夜实拍后判美术。潭水和真实床接合；圆盘存在不能称自然潭岸已完成。
ENV-030,不规则深潭岸床组合,水文与水体,组合模板,深谷潭/多瀑接河,缺失待制,src/rendering/terrain.ts:282圆盘；src/world.ts:219圆距切床；开发备忘录.md:68,程序轮廓/水床/水面共同拓扑,水系拓扑、共享水床高度、流向/水位、terrainHeight；码头/桥/能源域接口（跨域未分配ID）,ENV-030,石岸凹凸、深浅区、出水口统一描述,保留0.2m权威物理/编辑格、米制轴向和锚点；显示/支撑/碰撞同描述，近远LOD轮廓一致；近景/总览/昼夜实拍后判美术。不能水盘压过陆地或假潭底；岸水连续且有天然轮廓。
ENV-031,多瀑支流汇入主河场景模板,水文与水体,组合模板,多瀑深谷/跨区水文,缺失待制,src/world.ts:442单waterfall、443单river；开发备忘录.md:17、68,程序水文图/多瀑路径/水床共源,水系拓扑、共享水床高度、流向/水位、terrainHeight；码头/桥/能源域接口（跨域未分配ID）,ENV-031,主瀑/侧瀑/支流/汇口按网络生成；不每条瀑另造母版,保留0.2m权威物理/编辑格、米制轴向和锚点；显示/支撑/碰撞同描述，近远LOD轮廓一致；近景/总览/昼夜实拍后判美术。拓扑守流向、落差、汇河与地形；非多个水帘随机摆放。
ENV-032,多级跌水与瀑段衔接组件,水文与水体,基础组件,溪谷多层跌瀑,缺失待制,src/world.ts:156仅单次落差；开发备忘录.md:68,程序级间岩坎/水面连续,水系拓扑、共享水床高度、流向/水位、terrainHeight；码头/桥/能源域接口（跨域未分配ID）,ENV-032,同母版按级数/阶差参数接续,保留0.2m权威物理/编辑格、米制轴向和锚点；显示/支撑/碰撞同描述，近远LOD轮廓一致；近景/总览/昼夜实拍后判美术。级间不穿岩、不逆坡，泡沫和飞沫对应落点。
ENV-033,瀑宽流量与分帘形态族,水文与水体,配色尺寸变体,主瀑/支瀑尺度,缺失待制,src/rendering/terrain.ts:279固定双侧带；开发备忘录.md:68,从水帘母版派生/流量遮罩,水系拓扑、共享水床高度、流向/水位、terrainHeight；码头/桥/能源域接口（跨域未分配ID）,ENV-028,宽窄/分帘/流量参数；不每宽计模型,保留0.2m权威物理/编辑格、米制轴向和锚点；显示/支撑/碰撞同描述，近远LOD轮廓一致；近景/总览/昼夜实拍后判美术。保持共源河床与落水路径；不同帘宽有轮廓辨识度。
ENV-034,山涧支流母版,水文与水体,基础组件,山林/侧谷溪流,缺失待制,src/world.ts:443仅一河中心线；提示词.md:21、27,程序溪槽/水带/岸线,水系拓扑、共享水床高度、流向/水位、terrainHeight；码头/桥/能源域接口（跨域未分配ID）,ENV-034,窄溪/缓溪用宽深与曲率参数,保留0.2m权威物理/编辑格、米制轴向和锚点；显示/支撑/碰撞同描述，近远LOD轮廓一致；近景/总览/昼夜实拍后判美术。上游有可信来源，下游真接河；不得装饰蓝线。
ENV-035,支流汇口与河弯组件,水文与水体,基础组件,多河汇流/河弯,缺失待制,src/rendering/terrain.ts:259–274线带无支流汇口,程序水面三角拓扑/水床约束,水系拓扑、共享水床高度、流向/水位、terrainHeight；码头/桥/能源域接口（跨域未分配ID）,ENV-035,Y/T汇口/内外弯以共享拓扑派生,保留0.2m权威物理/编辑格、米制轴向和锚点；显示/支撑/碰撞同描述，近远LOD轮廓一致；近景/总览/昼夜实拍后判美术。无重叠水面闪烁/UV逆流/接缝；岸线同步。
ENV-036,浅滩砾洲与深浅水交界组合,水文与水体,组合模板,河岸生态/涉水边界,缺失待制,src/world.ts:216固定水床；src/rendering/terrain.ts:261固定宽趋势,程序浅床/岸石/水深材质,水系拓扑、共享水床高度、流向/水位、terrainHeight；码头/桥/能源域接口（跨域未分配ID）,ENV-036,浅滩/砾洲同参数组合；不将各石计独立模型,保留0.2m权威物理/编辑格、米制轴向和锚点；显示/支撑/碰撞同描述，近远LOD轮廓一致；近景/总览/昼夜实拍后判美术。真实水深和通行能力一致；不得虚构可涉渡。
ENV-037,上游来水与瀑口岩唇组件,水文与水体,基础组件,主瀑上游/地质边界,缺失待制,src/world.ts:106–110崖顶过渡、156短上游；提示词.md:25,程序源溪/岩唇/水槽共源,水系拓扑、共享水床高度、流向/水位、terrainHeight；码头/桥/能源域接口（跨域未分配ID）,ENV-037,上游溪或汇水带接瀑口；来源按地形决定,保留0.2m权威物理/编辑格、米制轴向和锚点；显示/支撑/碰撞同描述，近远LOD轮廓一致；近景/总览/昼夜实拍后判美术。来水可追溯，无凭空水帘；崖唇与水流一致。
ENV-038,自然缓岸与陡岸断面族,水文与水体,基础组件,自然岸线/滨水城区,缺失待制,src/rendering/terrain.ts:267–270仅岸石/芦苇；开发备忘录.md:53,程序岸床/砾层/湿土组合,水系拓扑、共享水床高度、流向/水位、terrainHeight；码头/桥/能源域接口（跨域未分配ID）,ENV-038,缓坡/岩壁岸/石滩按断面参数,保留0.2m权威物理/编辑格、米制轴向和锚点；显示/支撑/碰撞同描述，近远LOD轮廓一致；近景/总览/昼夜实拍后判美术。岸水无悬空/直线切口；不重复城市护岸模型。
ENV-039,既有河水与落水着色器,水文与水体,材质贴图,水色/流动/昼夜,已集成代码生成,src/rendering/terrain.ts:337–344；src/renderer.ts:774–776,程序ShaderMaterial/流向UV,水系拓扑、共享水床高度、流向/水位、terrainHeight；码头/桥/能源域接口（跨域未分配ID）,ENV-039,falling0/1参数，共着色代码两材质实例,交固有色/法线/粗糙度/AO等明确通道，颜色与数据图分色空间，无烘焙太阳影；米制纹理密度和拼缝可核，保体素硬边，真实日夜光验收。当前简易透明水无PBR文件；浅深/反射/边缘质量待制。
ENV-040,水深湿岸与体素反射材质,水文与水体,材质贴图,潭河水质/空间可读性,缺失待制,src/rendering/terrain.ts:341仅UV波条/固定jade色；开发备忘录.md:53,水深/法线/粗糙度/岸线遮罩制作,水系拓扑、共享水床高度、流向/水位、terrainHeight；码头/桥/能源域接口（跨域未分配ID）,ENV-040,深浅/岸水参数共材质，不重复水色行,交固有色/法线/粗糙度/AO等明确通道，颜色与数据图分色空间，无烘焙太阳影；米制纹理密度和拼缝可核，保体素硬边，真实日夜光验收。不烘焙倒影；反射预算可核、深潭浅滩可辨。
ENV-041,泡沫与流水纹理图集,水文与水体,材质贴图,流速/落水冲击,缺失待制,src/rendering/terrain.ts:341仅正弦条纹；286仅盒泡沫,专用可平铺流向纹理/遮罩图集,水系拓扑、共享水床高度、流向/水位、terrainHeight；码头/桥/能源域接口（跨域未分配ID）,ENV-041,流水/浪边/泡沫分区共图集,交固有色/法线/粗糙度/AO等明确通道，颜色与数据图分色空间，无烘焙太阳影；米制纹理密度和拼缝可核，保体素硬边，真实日夜光验收。图集与实际水速/落点绑定，体素语言一致。
ENV-042,河流与水帘流动效果,水文与水体,动画特效,连续流水/昼夜水亮度,已集成代码生成,src/rendering/terrain.ts:338、341；src/renderer.ts:774–776,elapsed驱动水shader,水系拓扑、共享水床高度、流向/水位、terrainHeight；码头/桥/能源域接口（跨域未分配ID）,ENV-042,河/瀑流速由falling参数派生,读权威时间/环境/空间，不编造模拟后果；透明排序、近远预算和卸载有界；不同时间/天气可辨且不遮主景，真实画面验收。这是表现层流水；不声称物理水量模拟，需真实流向验收。
ENV-043,瀑潭体素泡沫组件,水文与水体,基础组件,瀑底泡沫/落水轮廓,已集成代码生成,src/rendering/terrain.ts:284–286,程序80块量化实例,水系拓扑、共享水床高度、流向/水位、terrainHeight；码头/桥/能源域接口（跨域未分配ID）,ENV-043,80实例共母版；各块不各算模型,保留0.2m权威物理/编辑格、米制轴向和锚点；显示/支撑/碰撞同描述，近远LOD轮廓一致；近景/总览/昼夜实拍后判美术。静态泡沫存在，不冒称粒子寿命/流动冲击已做。
ENV-044,落水冲击与岸边泡沫移动效果,水文与水体,动画特效,瀑潭/急流/岸边,缺失待制,src/rendering/terrain.ts:284–286静态块；renderer.ts:785仅spray组横移,程序粒子/带状泡沫读取落点与流量,水系拓扑、共享水床高度、流向/水位、terrainHeight；码头/桥/能源域接口（跨域未分配ID）,ENV-044,多个落点使用一效果母版,读权威时间/环境/空间，不编造模拟后果；透明排序、近远预算和卸载有界；不同时间/天气可辨且不遮主景，真实画面验收。寿命/漂移有界；不得整潭同频横移替代真实冲击。
ENV-045,雨滴与载具入水涟漪效果,水文与水体,动画特效,天气/渡运/自由探索,缺失待制,src/renderer.ts:767–789未见入水事件消费；src/types.ts:33 weather/vehicles,程序事件涟漪/体素水花,水系拓扑、共享水床高度、流向/水位、terrainHeight；码头/桥/能源域接口（跨域未分配ID）,ENV-045,雨滴/船尾/落物入水复用事件模板,读权威时间/环境/空间，不编造模拟后果；透明排序、近远预算和卸载有界；不同时间/天气可辨且不遮主景，真实画面验收。只由实际事件驱动；避免可穿陆地的水花。
ENV-046,渡船航迹与尾流效果,水文与水体,动画特效,水运节律,缺失待制,src/renderer.ts:838仅boat尺寸；src/world.ts:443水路,权威渡船位移驱动水面效果,水系拓扑、共享水床高度、流向/水位、terrainHeight；码头/桥/能源域接口（跨域未分配ID）,ENV-046,同母版随真实船速/方向改变,读权威时间/环境/空间，不编造模拟后果；透明排序、近远预算和卸载有界；不同时间/天气可辨且不遮主景，真实画面验收。停船无假航迹；不虚构船或水运状态。
ENV-047,水质清浊污染视觉状态材质,水文与水体,材质贴图,环境/能源/健康反馈,缺失待制,src/simulation/extensions.ts:113水质状态；src/rendering/terrain.ts:341固定水色,waterQuality/污染输入材质参数,水系拓扑、共享水床高度、流向/水位、terrainHeight；码头/桥/能源域接口（跨域未分配ID）,ENV-047,清浊/污染为权威参数渐变；不每状态造模型,交固有色/法线/粗糙度/AO等明确通道，颜色与数据图分色空间，无烘焙太阳影；米制纹理密度和拼缝可核，保体素硬边，真实日夜光验收。状态与画面一致；视觉状态不能自改水质或影响账路。
ENV-048,山洪水位与浑水场景效果,水文与水体,动画特效,灾害/交通/救灾可视反馈,缺失待制,src/simulation/extensions.ts:119–127有山洪事件；src/renderer.ts:767–789无该水位视觉消费,环境事件消费+共享水位/危险占用,水系拓扑、共享水床高度、流向/水位、terrainHeight；码头/桥/能源域接口（跨域未分配ID）,ENV-048,涨水/退水阶段共效果模板,读权威时间/环境/空间，不编造模拟后果；透明排序、近远预算和卸载有界；不同时间/天气可辨且不遮主景，真实画面验收。当前只有数值后果；真实危险水位/通行数据必须同步后才呈现。
ENV-049,码头前水岸地形与泊水组合,水文与水体,组合模板,渡口/货运/滨水生活,缺失待制,src/world.ts:636–649码头节点；src/rendering/terrain.ts:274河带；提示词.md:43,程序岸床/泊水区/地形组合,水系拓扑、共享水床高度、流向/水位、terrainHeight；码头/桥/能源域接口（跨域未分配ID）,ENV-049,复用水域模板；码头建筑/泊位模型归交通域,保留0.2m权威物理/编辑格、米制轴向和锚点；显示/支撑/碰撞同描述，近远LOD轮廓一致；近景/总览/昼夜实拍后判美术。船/上下客点/水岸接地契约明确，不重复码头模型。
ENV-050,既有量化乔木树干与错层冠母版,生态植被,基础组件,山林/城区林缘,已集成代码生成,src/rendering/terrain.ts:222–243,程序树干+四层偏移盒冠,terrainHeight、坡度/湿度/高度分区、建筑/道路排除、植被近远驻留；生态权威状态,ENV-050,16–31m高程参数与四层冠共母版；不每树计模型,米制底部/安装锚点、体素硬边；真实接地并保公共通路与人体净空；可导出GLB、PBR/UV/LOD可核，实拍后判美术。现有基础为盒冠，需枝叶组织/林相；不能group名松柏竹木当三物种完成。
ENV-051,既有乔木色阶与高度族,生态植被,配色尺寸变体,树色层次/林缘,已集成代码生成,src/rendering/terrain.ts:227–231 species只改变色,同乔木母版尺寸/色参数,terrainHeight、坡度/湿度/高度分区、建筑/道路排除、植被近远驻留；生态权威状态,ENV-050,九species值为色阶选择，不视为九独立物种模型,米制底部/安装锚点、体素硬边；真实接地并保公共通路与人体净空；可导出GLB、PBR/UV/LOD可核，实拍后判美术。高低色差须生态合理；不再随机改色冒物种。
ENV-052,近远林冠代理组件,生态植被,基础组件,树林LOD/轮廓,已集成代码生成,src/rendering/terrain.ts:240–249、299–301,程序近4层/远2层冠与干,terrainHeight、坡度/湿度/高度分区、建筑/道路排除、植被近远驻留；生态权威状态,ENV-052,384m森林批次实例与距离切换,米制底部/安装锚点、体素硬边；真实接地并保公共通路与人体净空；可导出GLB、PBR/UV/LOD可核，实拍后判美术。远冠不能减少整体冠量导致裸坡；真实绘制预算待实测。
ENV-053,城区林缘与山肩林带组合,生态植被,组合模板,城区留白/山林连续,已集成代码生成,src/rendering/terrain.ts:216–220、222–226,确定性林带/坡度/排除采样,terrainHeight、坡度/湿度/高度分区、建筑/道路排除、植被近远驻留；生态权威状态,ENV-053,每普通区八林带+山肩五林带，实例不各计资产,米制底部/安装锚点、体素硬边；真实接地并保公共通路与人体净空；可导出GLB、PBR/UV/LOD可核，实拍后判美术。当前分布存在，仍需连续冠量与真实植根检查；上限5200不是实际数。
ENV-054,松类体素分枝树母版,生态植被,基础组件,山脊林/中式山水,缺失待制,src/rendering/terrain.ts:20仅组名松柏竹木、231同盒冠；提示词.md:27,程序枝架+手工/概念后Tripo视觉冠,terrainHeight、坡度/湿度/高度分区、建筑/道路排除、植被近远驻留；生态权威状态,ENV-054,针叶阶冠/分枝干/根部同母版,米制底部/安装锚点、体素硬边；真实接地并保公共通路与人体净空；可导出GLB、PBR/UV/LOD可核，实拍后判美术。松型枝冠真可辨，硬边/空隙/PBR；不借盒冠改色。
ENV-055,柏类柱冠树母版,生态植被,基础组件,山城庭园/山林,缺失待制,src/rendering/terrain.ts:20组名、231无柱冠物种分支,程序树架+独立柏冠美术,terrainHeight、坡度/湿度/高度分区、建筑/道路排除、植被近远驻留；生态权威状态,ENV-055,柱形紧密冠与枝架形成一种母版,米制底部/安装锚点、体素硬边；真实接地并保公共通路与人体净空；可导出GLB、PBR/UV/LOD可核，实拍后判美术。与松/阔叶轮廓可辨；真实尺度接地。
ENV-056,竹竿竹节与叶簇母版,生态植被,基础组件,竹林/庭园/溪岸,缺失待制,src/rendering/terrain.ts:20组名、229仅.8m树干,程序精确节竿+可挂叶簇视觉件,terrainHeight、坡度/湿度/高度分区、建筑/道路排除、植被近远驻留；生态权威状态,ENV-056,竿/节/分枝叶组合复用；不每竿计模型,米制底部/安装锚点、体素硬边；真实接地并保公共通路与人体净空；可导出GLB、PBR/UV/LOD可核，实拍后判美术。竹竿不是普通树干；叶簇有透空/体素轮廓。
ENV-057,阔叶分枝与开阔树冠母版,生态植被,基础组件,街院树/谷地阔叶林,缺失待制,src/rendering/terrain.ts:231四层盒冠；docs/美术资源制作规格.md:19、35,程序分枝骨架+手工/概念后Tripo树冠,terrainHeight、坡度/湿度/高度分区、建筑/道路排除、植被近远驻留；生态权威状态,ENV-057,统一宽冠/分叉/叶簇，尺寸族另按母版派生,米制底部/安装锚点、体素硬边；真实接地并保公共通路与人体净空；可导出GLB、PBR/UV/LOD可核，实拍后判美术。非细杆顶大盒；近枝与远冠一致。
ENV-058,幼树低枝与小冠尺寸族,生态植被,配色尺寸变体,庭园/演替生态,缺失待制,src/rendering/terrain.ts:227树高从16m起；提示词.md:27,从阔叶母版派生结构比例,terrainHeight、坡度/湿度/高度分区、建筑/道路排除、植被近远驻留；生态权威状态,ENV-057,幼树/青年树尺寸改变枝冠比例；不等比缩小所有枝,米制底部/安装锚点、体素硬边；真实接地并保公共通路与人体净空；可导出GLB、PBR/UV/LOD可核，实拍后判美术。与成年树具有合理层次，保通行净空。
ENV-059,乔木根脚与附岩根系视觉组件,生态植被,基础组件,树木真实接地/岩地生态,缺失待制,src/rendering/terrain.ts:224、229只有树干接高程；开发备忘录.md:53,程序根骨架/体素手工装饰,terrainHeight、坡度/湿度/高度分区、建筑/道路排除、植被近远驻留；生态权威状态,ENV-059,板根/浅根/附岩根同母版接口族,米制底部/安装锚点、体素硬边；真实接地并保公共通路与人体净空；可导出GLB、PBR/UV/LOD可核，实拍后判美术。多点贴地不悬空；装饰不替代支撑/改变地形。
ENV-060,既有灌木低冠组件,生态植被,基础组件,林下植被/城市边缘,已集成代码生成,src/rendering/terrain.ts:232、243,程序2.8×1.8×2.2m盒冠,terrainHeight、坡度/湿度/高度分区、建筑/道路排除、植被近远驻留；生态权威状态,ENV-060,共乔木色配置；灌木实例非独立模型,米制底部/安装锚点、体素硬边；真实接地并保公共通路与人体净空；可导出GLB、PBR/UV/LOD可核，实拍后判美术。现有盒灌木待枝叶轮廓/PBR细化。
ENV-061,分枝灌木与花灌木母版,生态植被,基础组件,林下/花槽/庭园,缺失待制,src/rendering/terrain.ts:232仅盒灌木；docs/美术资源制作规格.md:35,程序枝条+可挂叶/花体素视觉件,terrainHeight、坡度/湿度/高度分区、建筑/道路排除、植被近远驻留；生态权威状态,ENV-061,低矮与展开冠共结构，花色按图集参数,米制底部/安装锚点、体素硬边；真实接地并保公共通路与人体净空；可导出GLB、PBR/UV/LOD可核，实拍后判美术。叶簇与根际可读，不为各花色多计模型。
ENV-062,近景0.2m草叶簇组件,生态植被,基础组件,脚边草地,已集成代码生成,src/rendering/terrain.ts:313–319,程序0.2m方茎三株簇,terrainHeight、坡度/湿度/高度分区、建筑/道路排除、植被近远驻留；生态权威状态,ENV-062,0.4/0.6m高度与两色共母版；实例不另计,米制底部/安装锚点、体素硬边；真实接地并保公共通路与人体净空；可导出GLB、PBR/UV/LOD可核，实拍后判美术。当前三茎不是完整草坡；无路中浮草/穿水。
ENV-063,草地与林下地被PBR图集,生态植被,材质贴图,大尺度草坡/林下,缺失待制,src/rendering/terrain.ts:25无贴图、317只有纯色茎,PBR地被图集/混合遮罩,terrainHeight、坡度/湿度/高度分区、建筑/道路排除、植被近远驻留；生态权威状态,ENV-063,短草/落叶/裸土同图集层，生态权重驱动,交固有色/法线/粗糙度/AO等明确通道，颜色与数据图分色空间，无烘焙太阳影；米制纹理密度和拼缝可核，保体素硬边，真实日夜光验收。避免全绿大块；真实纹理密度/接地与硬边。
ENV-064,蕨类与阔叶地被簇母版,生态植被,基础组件,湿林下/崖台,缺失待制,src/rendering/terrain.ts:213、311仅bush/grass；开发备忘录.md:53,体素手工或概念后Tripo小视觉簇,terrainHeight、坡度/湿度/高度分区、建筑/道路排除、植被近远驻留；生态权威状态,ENV-064,叶簇/蕨叶按同小型地被套装，具体物种再核,米制底部/安装锚点、体素硬边；真实接地并保公共通路与人体净空；可导出GLB、PBR/UV/LOD可核，实拍后判美术。轮廓不糊片；坡/湿分区合理，LOD有界。
ENV-065,细茎芦苇组件,生态植被,基础组件,溪岸湿生植物,已集成代码生成,src/rendering/terrain.ts:270、275,程序四茎0.2×1.6×0.2m簇,terrainHeight、坡度/湿度/高度分区、建筑/道路排除、植被近远驻留；生态权威状态,ENV-065,沿河固定间隔复用，非每株模型,米制底部/安装锚点、体素硬边；真实接地并保公共通路与人体净空；可导出GLB、PBR/UV/LOD可核，实拍后判美术。现有细茎缺穗叶需美术细化；植根岸床。
ENV-066,水生荷叶与湿岸叶簇母版,生态植被,基础组件,静潭/湿岸生态,缺失待制,src/rendering/terrain.ts:270仅芦苇；提示词.md:27；开发备忘录.md:320生态,手工体素/概念后Tripo视觉簇，适地形分布,terrainHeight、坡度/湿度/高度分区、建筑/道路排除、植被近远驻留；生态权威状态,ENV-066,浮叶/挺水叶簇共环境小型套装；具体场所待水文设计,米制底部/安装锚点、体素硬边；真实接地并保公共通路与人体净空；可导出GLB、PBR/UV/LOD可核，实拍后判美术。依真实静水深度，不把荷塘复制到急瀑/深河。
ENV-067,真实岩壁附壁垂藤组件,生态植被,基础组件,湿崖绿化/近壁层次,已集成代码生成,src/rendering/terrain.ts:123–127、163,程序依实际侧面附藤,terrainHeight、坡度/湿度/高度分区、建筑/道路排除、植被近远驻留；生态权威状态,ENV-067,每细tile最多360块；每层不计独立模型,米制底部/安装锚点、体素硬边；真实接地并保公共通路与人体净空；可导出GLB、PBR/UV/LOD可核，实拍后判美术。真实附壁，不浮藤；挂点避道路/落水通道。
ENV-068,苔藓与地衣表面遮罩图集,生态植被,材质贴图,湿岩/根际生态,缺失待制,src/rendering/terrain.ts:38–40天气噪声；123仅垂藤,PBR/遮罩贴花与世界湿度混合,terrainHeight、坡度/湿度/高度分区、建筑/道路排除、植被近远驻留；生态权威状态,ENV-068,苔/地衣共图集按岩性/水位配置,交固有色/法线/粗糙度/AO等明确通道，颜色与数据图分色空间，无烘焙太阳影；米制纹理密度和拼缝可核，保体素硬边，真实日夜光验收。自然分布且不遮所有岩层；不只换绿色。
ENV-069,林地落叶枯枝与倒木组件套装,生态植被,基础组件,林地生活感/生态循环,缺失待制,src/rendering/terrain.ts:311–319无枯枝落叶；开发备忘录.md:320,体素可复用小件+程序分布,terrainHeight、坡度/湿度/高度分区、建筑/道路排除、植被近远驻留；生态权威状态,ENV-069,叶簇/枯枝/倒木有限套装；尺寸色由实例参数,米制底部/安装锚点、体素硬边；真实接地并保公共通路与人体净空；可导出GLB、PBR/UV/LOD可核，实拍后判美术。近地接触、空洞与轮廓可读；不堵实际通路。
ENV-070,竹林林下生态组合,生态植被,组合模板,溪谷竹林/庭园留白,缺失待制,src/rendering/terrain.ts:216林带统一树；20仅组名竹,竹母版+地被程序群落,terrainHeight、坡度/湿度/高度分区、建筑/道路排除、植被近远驻留；生态权威状态,ENV-056,疏密竹丛/竹径以组合规则，竿实例不计新母版,米制底部/安装锚点、体素硬边；真实接地并保公共通路与人体净空；可导出GLB、PBR/UV/LOD可核，实拍后判美术。竹竿有层次透视与可走竹径；不是同色树林。
ENV-071,针阔混交与山地分区群落组合,生态植被,组合模板,山林生态/远近覆盖,缺失待制,src/rendering/terrain.ts:227–231色阶轮换；开发备忘录.md:53、320,坡度/高程/湿度/林相程序规则,terrainHeight、坡度/湿度/高度分区、建筑/道路排除、植被近远驻留；生态权威状态,ENV-071,松柏/阔叶/幼树/灌草按生态带混合,米制底部/安装锚点、体素硬边；真实接地并保公共通路与人体净空；可导出GLB、PBR/UV/LOD可核，实拍后判美术。远景连续冠、近景物种轮廓与真实植根；不堆树掩地形缺陷。
ENV-072,街院边界绿化与垂直绿化组合,生态植被,组合模板,居住/商业/学院街院,缺失待制,提示词.md:31垂直绿化；src/rendering/architecture-detail.ts:161门灯；开发备忘录.md:161住宅花槽,程序种植点+植被母版复用,terrainHeight、坡度/湿度/高度分区、建筑/道路排除、植被近远驻留；生态权威状态,ENV-072,花槽/立面挂架模型归建筑或景观域；此行为种植组合,米制底部/安装锚点、体素硬边；真实接地并保公共通路与人体净空；可导出GLB、PBR/UV/LOD可核，实拍后判美术。可走区域/窗门孔/权限不变，保水系观景视线。
ENV-073,树皮木枝针阔叶PBR图集,生态植被,材质贴图,所有林木/灌木,缺失待制,src/rendering/terrain.ts:24–25无贴图；229树干纯色,统一植被PBR图集/体素叶簇面材质,terrainHeight、坡度/湿度/高度分区、建筑/道路排除、植被近远驻留；生态权威状态,ENV-073,树皮/木枝/叶面共图集，物种参数非文件复制,交固有色/法线/粗糙度/AO等明确通道，颜色与数据图分色空间，无烘焙太阳影；米制纹理密度和拼缝可核，保体素硬边，真实日夜光验收。色空间/粗糙度/法线/叶色可核；无照片平滑毛边破体素。
ENV-074,植被风摆动画母版,生态植被,动画特效,林木/竹/芦苇/地被动态,缺失待制,src/rendering/terrain.ts:293–327仅LOD；src/renderer.ts:774仅水time,程序低幅枝叶风摆/权威天气输入,terrainHeight、坡度/湿度/高度分区、建筑/道路排除、植被近远驻留；生态权威状态,ENV-074,按根锚/枝层/材质权重复用，不每物种计动画,读权威时间/环境/空间，不编造模拟后果；透明排序、近远预算和卸载有界；不同时间/天气可辨且不遮主景，真实画面验收。根脚不飘动、远近切换不跳；不改变权威碰撞。
ENV-075,干旱污染与恢复植被状态族,生态植被,配色尺寸变体,生态/产业外部性反馈,缺失待制,src/simulation/extensions.ts:114、247有biodiversity；terrain.ts:228固定色,同灌木母版颜色/密度遮罩参数,terrainHeight、坡度/湿度/高度分区、建筑/道路排除、植被近远驻留；生态权威状态,ENV-061,健康/受损/恢复为状态派生，不虚构新物种,米制底部/安装锚点、体素硬边；真实接地并保公共通路与人体净空；可导出GLB、PBR/UV/LOD可核，实拍后判美术。从真实生态状态读取；完整生长/物种模拟未实现不能称完成。
ENV-076,野生鸟鱼昆虫视觉表现范围,生态植被,组合模板,生态物种/山水生命感,待核实,开发备忘录.md:320生态/物种；src/rendering/terrain.ts:213、311未见动物；src/renderer.ts:240只市民池,先核具体物种与行为边界；视觉可用轻量体素母版,terrainHeight、坡度/湿度/高度分区、建筑/道路排除、植被近远驻留；生态权威状态,ENV-076,鸟群/鱼影/昆虫需确定场所和权威状态，具体动物模型归角色域（跨域未分配ID）,米制底部/安装锚点、体素硬边；真实接地并保公共通路与人体净空；可导出GLB、PBR/UV/LOD可核，实拍后判美术。此行是待核范围模板，不是三种已到达模型；不能装饰动画冒生态模拟。
ENV-077,既有建筑基底与地下开挖地形组件,基础挡土与地形衔接,基础组件,建筑落脚/地下空间,已集成代码生成,src/world.ts:125–130、144–148；src/rendering/terrain.ts:105–109,程序footprint找平/地下开挖,地形权威高度/占用、建筑footprint/门位/层高、controller支撑；道路/桥域断面（跨域未分配ID）,ENV-077,建筑footprint与basements参数复用；不每栋计资产,保留0.2m权威物理/编辑格、米制轴向和锚点；显示/支撑/碰撞同描述，近远LOD轮廓一致；近景/总览/昼夜实拍后判美术。当前找平并非完整细基座；无填死真院孔/地下入口。
ENV-078,既有建筑群肩坡过渡组件,基础挡土与地形衔接,基础组件,群楼接地/防孤立尖锥,已集成代码生成,src/world.ts:197–199、211；docs/视觉返工审查与方案.md:31,程序54m/.82肩坡,地形权威高度/占用、建筑footprint/门位/层高、controller支撑；道路/桥域断面（跨域未分配ID）,ENV-078,当前广肩坡参数，后续以局部真实街台替代,保留0.2m权威物理/编辑格、米制轴向和锚点；显示/支撑/碰撞同描述，近远LOD轮廓一致；近景/总览/昼夜实拍后判美术。现肩坡抹平悬崖为已知缺陷；不得当真挡土墙已制作。
ENV-079,局部连续街院台地组合,基础挡土与地形衔接,组合模板,高差城市/街院衔接,缺失待制,docs/视觉返工审查与方案.md:45、74；开发备忘录.md:17；src/world.ts:95–103,程序3–8栋街院共享地形约束,地形权威高度/占用、建筑footprint/门位/层高、controller支撑；道路/桥域断面（跨域未分配ID）,ENV-079,12–20m局部肩部与明确崖边；各层不是独立模型,保留0.2m权威物理/编辑格、米制轴向和锚点；显示/支撑/碰撞同描述，近远LOD轮廓一致；近景/总览/昼夜实拍后判美术。台地真实承托，地形/建筑/道路/身体一致；不形成整区大平台。
ENV-080,市集52m实体街台接地候选,基础挡土与地形衔接,组合模板,市集实体街台/入口高度,隔离原型未集成,开发备忘录.md:18、67；src/world.ts:428默认配方仍非v5,既有隔离程序候选，待可信配方集成,地形权威高度/占用、建筑footprint/门位/层高、controller支撑；道路/桥域断面（跨域未分配ID）,ENV-080,候选街台与银行步阶统一描述；不算生产资产到达,保留0.2m权威物理/编辑格、米制轴向和锚点；显示/支撑/碰撞同描述，近远LOD轮廓一致；近景/总览/昼夜实拍后判美术。日志只证明隔离；最终配方/共享集成/GL/普通旅程待验。
ENV-081,多点接地基础与山体承托母版,基础挡土与地形衔接,基础组件,楼体/台地/坡地真实支撑,缺失待制,src/world.ts:128返回基底高、199宽肩；提示词.md:39；开发备忘录.md:17,程序多点地基/实际山体占用,地形权威高度/占用、建筑footprint/门位/层高、controller支撑；道路/桥域断面（跨域未分配ID）,ENV-081,岩基/土基按地形控制承托接触面；楼板/柱模型归建筑域,保留0.2m权威物理/编辑格、米制轴向和锚点；显示/支撑/碰撞同描述，近远LOD轮廓一致；近景/总览/昼夜实拍后判美术。不孤立尖锥/悬空/巨墙；多点接触与支撑真实同源。
ENV-082,石砌挡土墙结构母版,基础挡土与地形衔接,基础组件,街台/庭院/路肩挡土,缺失待制,docs/美术资源制作规格.md:32；src/world.ts:148仅过渡地形；src/rendering/architecture-detail.ts:279只是楼裙,程序断面/稳定基脚/碰撞；细石视觉可挂件,地形权威高度/占用、建筑footprint/门位/层高、controller支撑；道路/桥域断面（跨域未分配ID）,ENV-082,墙身/基础/收分/压顶共一个结构母版,保留0.2m权威物理/编辑格、米制轴向和锚点；显示/支撑/碰撞同描述，近远LOD轮廓一致；近景/总览/昼夜实拍后判美术。墙背接填土、墙脚落真实地面；不可外贴一堵墙遮坑。
ENV-083,挡墙转角高差与端头族,基础挡土与地形衔接,配色尺寸变体,转角/阶梯挡土/断面衔接,缺失待制,src/world.ts:124–150无专属挡墙族；docs/美术资源制作规格.md:32,挡土母版程序派生,地形权威高度/占用、建筑footprint/门位/层高、controller支撑；道路/桥域断面（跨域未分配ID）,ENV-082,直/凹/凸/阶梯变高/端头同族；每高度不计模型,保留0.2m权威物理/编辑格、米制轴向和锚点；显示/支撑/碰撞同描述，近远LOD轮廓一致；近景/总览/昼夜实拍后判美术。墙厚与基脚随高差、接缝闭合。
ENV-084,挡墙压顶与泄水缝组件,基础挡土与地形衔接,基础组件,挡墙细部/排水可读性,缺失待制,docs/美术资源制作规格.md:32排水边界；src/rendering/architecture-detail.ts:279仅石裙,程序规格件+可挂石盖视觉,地形权威高度/占用、建筑footprint/门位/层高、controller支撑；道路/桥域断面（跨域未分配ID）,ENV-084,盖石/滴水缘/泄水孔同安装接口套装,保留0.2m权威物理/编辑格、米制轴向和锚点；显示/支撑/碰撞同描述，近远LOD轮廓一致；近景/总览/昼夜实拍后判美术。真实孔/边缘轮廓可见；排水表现不声称水力系统完成。
ENV-085,低矮干砌石与梯田田埂母版,基础挡土与地形衔接,基础组件,农地/坡园/场地高差,缺失待制,src/world.ts:326有farm用途；开发备忘录.md:53；提示词.md:89产业结合地形,程序地块边界+体素块石美术,地形权威高度/占用、建筑footprint/门位/层高、controller支撑；道路/桥域断面（跨域未分配ID）,ENV-085,矮堤/田埂以宽高坡度参数复用,保留0.2m权威物理/编辑格、米制轴向和锚点；显示/支撑/碰撞同描述，近远LOD轮廓一致；近景/总览/昼夜实拍后判美术。农地/通路/水沟同高程，无漂浮碎石围圈。
ENV-086,院廊外缘0.2m地形支撑衔接,基础挡土与地形衔接,基础组件,民居/公共院落身体接地,已集成代码生成,src/controller.ts:222–225；src/world.ts:261；src/architecture-floor-plan.ts:292,程序共享地形柱/院廊支撑,地形权威高度/占用、建筑footprint/门位/层高、controller支撑；道路/桥域断面（跨域未分配ID）,ENV-086,只地面实际院廊+真实0.2m柱联合支撑,保留0.2m权威物理/编辑格、米制轴向和锚点；显示/支撑/碰撞同描述，近远LOD轮廓一致；近景/总览/昼夜实拍后判美术。这是特定支撑合同；不能外推全部入口真实步阶已完成。
ENV-087,街面入口台基与步阶过渡组合,基础挡土与地形衔接,组合模板,所有高差入口/街院,缺失待制,docs/视觉返工审查与方案.md:74；src/world.ts:261 .6m台基；controller.ts:225地面院廊限制,程序台基/0.2m踏步/坡道共享描述,地形权威高度/占用、建筑footprint/门位/层高、controller支撑；道路/桥域断面（跨域未分配ID）,ENV-087,平台/步阶/短坡按真实高差派生；建筑室内梯母版不重复,保留0.2m权威物理/编辑格、米制轴向和锚点；显示/支撑/碰撞同描述，近远LOD轮廓一致；近景/总览/昼夜实拍后判美术。1.72m视线、门轴与≥3m公共通路；不画薄板遮错误高度。
ENV-088,路肩填挖与地形接边组件,基础挡土与地形衔接,基础组件,道路与自然地形,已集成代码生成,src/world.ts:133–143、207–213；terrain.ts:57–59,程序路段高度/填挖共享,地形权威高度/占用、建筑footprint/门位/层高、controller支撑；道路/桥域断面（跨域未分配ID）,ENV-088,路/跑道宽度参数；道路铺装模型归交通域,保留0.2m权威物理/编辑格、米制轴向和锚点；显示/支撑/碰撞同描述，近远LOD轮廓一致；近景/总览/昼夜实拍后判美术。高架不得填成高墙，河下通道保留；当前过渡美术待修。
ENV-089,山道切坡石壁与护坡组合,基础挡土与地形衔接,组合模板,山道/高差街边,缺失待制,src/world.ts:143路肩混合；docs/美术资源制作规格.md:32；提示词.md:119,程序切坡断面+挡土母版+排水,地形权威高度/占用、建筑footprint/门位/层高、controller支撑；道路/桥域断面（跨域未分配ID）,ENV-089,切坡/护坡/局部稳定墙按路断面组合,保留0.2m权威物理/编辑格、米制轴向和锚点；显示/支撑/碰撞同描述，近远LOD轮廓一致；近景/总览/昼夜实拍后判美术。交通净空/真实坡脚/不埋路；不是重复公路护栏。
ENV-090,桥接岸与基础地形衔接模板,基础挡土与地形衔接,组合模板,跨谷/跨水接岸,缺失待制,src/renderer.ts:667端头12×高差×10盒；开发备忘录.md:17隔离单桥；world.ts:234–238,程序真实桥台锚/地形/人行落岸；桥本体归交通域,地形权威高度/占用、建筑footprint/门位/层高、controller支撑；道路/桥域断面（跨域未分配ID）,ENV-090,消费共享bridge deck/landing/pier/terrainfoot描述（跨域未分配ID）,保留0.2m权威物理/编辑格、米制轴向和锚点；显示/支撑/碰撞同描述，近远LOD轮廓一致；近景/总览/昼夜实拍后判美术。巨端块已知缺陷保留；body必须消费真实支撑，不能只视觉桥墩。
ENV-091,街台排水边沟与集水边界组件,基础挡土与地形衔接,基础组件,坡地街院/雨水反馈,缺失待制,docs/美术资源制作规格.md:32；docs/视觉返工审查与方案.md:73,程序0.2m边沟/孔篦；外形精确,地形权威高度/占用、建筑footprint/门位/层高、controller支撑；道路/桥域断面（跨域未分配ID）,ENV-091,直/转/集水节点同接口，连接水体状态待定义,保留0.2m权威物理/编辑格、米制轴向和锚点；显示/支撑/碰撞同描述，近远LOD轮廓一致；近景/总览/昼夜实拍后判美术。可读沟边但不绊人；孔篦真净空/撞体合同，不凭空排水模拟。
ENV-092,挡墙石块灰浆与湿痕PBR图包,基础挡土与地形衔接,材质贴图,挡墙/基础/田埂表面,缺失待制,src/renderer.ts:148–162石材程序微纹；docs/美术资源制作规格.md:32、36,PBR材质/图集+世界尺度,地形权威高度/占用、建筑footprint/门位/层高、controller支撑；道路/桥域断面（跨域未分配ID）,ENV-092,砌块/灰浆/压顶/湿痕统一图包,交固有色/法线/粗糙度/AO等明确通道，颜色与数据图分色空间，无烘焙太阳影；米制纹理密度和拼缝可核，保体素硬边，真实日夜光验收。砌缝尺寸与体素实体匹配；PBR非烘焙墙影/假孔。
ENV-093,建筑街台河谷接地整合模板,基础挡土与地形衔接,组合模板,地基挡土/街院/水岸总衔接,缺失待制,提示词.md:39、119；开发备忘录.md:17；docs/视觉返工审查与方案.md:45、74,程序地形/占用/公共连通共同生成,地形权威高度/占用、建筑footprint/门位/层高、controller支撑；道路/桥域断面（跨域未分配ID）,ENV-093,消费建筑与交通域真实锚点，禁止渲染移楼后补地,保留0.2m权威物理/编辑格、米制轴向和锚点；显示/支撑/碰撞同描述，近远LOD轮廓一致；近景/总览/昼夜实拍后判美术。下层峡谷不填平，上层街台可靠支撑，所有门与合法路网真实连通。
ENV-094,庭院与观景地坪母版,公共景观,基础组件,公共院/小广场/观景休憩,缺失待制,src/rendering/architecture-bodies.ts:79已有院面；docs/视觉返工审查与方案.md:74,程序共享可走面+石板视觉,地形支撑、公共可走区域/实际活动点、照明/供电、分区驻留；建筑/交通/社会域接口（跨域未分配ID）,ENV-094,复用石板地坪图包；楼板/路面基础模型归建筑/交通域,保留0.2m权威物理/编辑格、米制轴向和锚点；显示/支撑/碰撞同描述，近远LOD轮廓一致；近景/总览/昼夜实拍后判美术。缝格/边界/接地可辨；不叠地板填实际孔洞。
ENV-095,景观石板与园路PBR图包,公共景观,材质贴图,庭院/广场/园路,缺失待制,docs/美术资源制作规格.md:69 paving_grey规格；src/renderer.ts:148–162无贴图,2×2m标定PBR；与交通路面图包共享交付,地形支撑、公共可走区域/实际活动点、照明/供电、分区驻留；建筑/交通/社会域接口（跨域未分配ID）,ENV-095,同图包错缝/磨损/边界参数，不每石块计模型,交固有色/法线/粗糙度/AO等明确通道，颜色与数据图分色空间，无烘焙太阳影；米制纹理密度和拼缝可核，保体素硬边，真实日夜光验收。.4–.8m板尺度、缝1–2cm可辨，不在固有色画台阶/水影。
ENV-096,独立花槽与树池边框母版,公共景观,基础组件,公共绿化/街边休憩,缺失待制,docs/美术资源制作规格.md:98花槽非首批；开发备忘录.md:161仅住宅壁边花槽,程序外廓/碰撞+体素手工或概念后Tripo视觉件,地形支撑、公共可走区域/实际活动点、照明/供电、分区驻留；建筑/交通/社会域接口（跨域未分配ID）,ENV-096,长槽/树池按同接口尺寸族；植被另依ENV母版,米制底部/安装锚点、体素硬边；真实接地并保公共通路与人体净空；可导出GLB、PBR/UV/LOD可核，实拍后判美术。土面/根脚可见；不重复建筑窗台花槽，不占通路。
ENV-097,独立花盆与种植容器母版,公共景观,基础组件,院角/公共园艺,缺失待制,docs/美术资源制作规格.md:98花槽后批；提示词.md:169局部细节,体素手工/概念后Tripo装饰；碰撞程序代理,地形支撑、公共可走区域/实际活动点、照明/供电、分区驻留；建筑/交通/社会域接口（跨域未分配ID）,ENV-097,方盆/矮缸共视觉母版族，颜色尺寸由实例参数,米制底部/安装锚点、体素硬边；真实接地并保公共通路与人体净空；可导出GLB、PBR/UV/LOD可核，实拍后判美术。容器真口与厚度、植根不悬浮，PBR无烘焙照明。
ENV-098,公共长椅与石凳母版,公共景观,基础组件,市民休憩/玩家停留,缺失待制,docs/美术资源制作规格.md:98长椅不在首批；提示词.md:57休憩,程序座面/碰撞+体素手工或概念后Tripo视觉,地形支撑、公共可走区域/实际活动点、照明/供电、分区驻留；建筑/交通/社会域接口（跨域未分配ID）,ENV-098,木椅/石座用同座面接口，形态配置不是每长度模型,米制底部/安装锚点、体素硬边；真实接地并保公共通路与人体净空；可导出GLB、PBR/UV/LOD可核，实拍后判美术。若可坐须真实usePoint/姿势/权限由人物系统提供，装饰椅不冒可交互。
ENV-099,公共石桌与休憩组合,公共景观,组合模板,公园/庭院社交,缺失待制,提示词.md:57、65休憩社交；src/rendering/architecture-bodies.ts:99只是室内桌,景观桌座组合/活动接口,地形支撑、公共可走区域/实际活动点、照明/供电、分区驻留；建筑/交通/社会域接口（跨域未分配ID）,ENV-099,室外桌面/石凳/树荫组合；室内家具母版不重复,米制底部/安装锚点、体素硬边；真实接地并保公共通路与人体净空；可导出GLB、PBR/UV/LOD可核，实拍后判美术。座位净空与社交点一致，功能状态另需社会域。
ENV-100,庭园景石与叠石组合,公共景观,组合模板,中式庭园/观景口,缺失待制,docs/美术资源制作规格.md:35可复用岩石；提示词.md:169局部韵味,复用ENV破岩母版程序组合,地形支撑、公共可走区域/实际活动点、照明/供电、分区驻留；建筑/交通/社会域接口（跨域未分配ID）,ENV-015,少量叠石/主辅景石组合，非每摆法模型,米制底部/安装锚点、体素硬边；真实接地并保公共通路与人体净空；可导出GLB、PBR/UV/LOD可核，实拍后判美术。真实接触/自然重心，不能盖掉地形缺陷或挡路。
ENV-101,崖边观景平台与停留口模板,公共景观,组合模板,瀑布观景/山脊休憩,缺失待制,提示词.md:25、43观景/山顶；docs/视觉返工审查与方案.md:32缺观瀑平台,程序地坪/基础/护栏合同/活动点,地形支撑、公共可走区域/实际活动点、照明/供电、分区驻留；建筑/交通/社会域接口（跨域未分配ID）,ENV-101,消费交通护栏与建筑亭/廊构件（跨域未分配ID）,保留0.2m权威物理/编辑格、米制轴向和锚点；显示/支撑/碰撞同描述，近远LOD轮廓一致；近景/总览/昼夜实拍后判美术。平台真实承托，水帘视线清楚，护栏碰撞可核。
ENV-102,登山游步与林间停留组合,公共景观,组合模板,自由探索/山水旅游,缺失待制,提示词.md:43、119可达山顶亭；src/world.ts:628–634交通连接不等于园路,程序步道高差/休息口/植被组合,地形支撑、公共可走区域/实际活动点、照明/供电、分区驻留；建筑/交通/社会域接口（跨域未分配ID）,ENV-102,步阶结构由交通域，共享0.2m台阶/坡道合同,保留0.2m权威物理/编辑格、米制轴向和锚点；显示/支撑/碰撞同描述，近远LOD轮廓一致；近景/总览/昼夜实拍后判美术。连续合法走到观景点，避免装饰路径/跳崖入口。
ENV-103,滨水与崖边景观护栏布置模板,公共景观,组合模板,公共安全/水岸游览,缺失待制,src/renderer.ts:14已有交通guardrail；提示词.md:119；开发备忘录.md:59,复用交通护栏结构的场地布置/碰撞规则,地形支撑、公共可走区域/实际活动点、照明/供电、分区驻留；建筑/交通/社会域接口（跨域未分配ID）,ENV-103,栏杆模型归交通域；ENV只场地边界布置,保留0.2m权威物理/编辑格、米制轴向和锚点；显示/支撑/碰撞同描述，近远LOD轮廓一致；近景/总览/昼夜实拍后判美术。缺口对应真实出入口；不把视觉栏杆当身体安全边界。
ENV-104,独立景观灯杆与石灯母版,公共景观,基础组件,水岸/庭园/广场照明,缺失待制,src/rendering/architecture-detail.ts:268–274仅贴墙灯柱；docs/美术资源制作规格.md:22,程序安装/碰撞+体素视觉灯体；发光mask分离,地形支撑、公共可走区域/实际活动点、照明/供电、分区驻留；建筑/交通/社会域接口（跨域未分配ID）,ENV-104,独立落地杆/石灯与建筑挂灯不重复,米制底部/安装锚点、体素硬边；真实接地并保公共通路与人体净空；可导出GLB、PBR/UV/LOD可核，实拍后判美术。底座真实接地，灯位/use不挡路；发光纸罩不是局部照明完成。
ENV-105,景观灯墙地暖光效果,公共景观,动画特效,夜间街院/水岸可读性,缺失待制,docs/美术资源制作规格.md:22、36；src/renderer.ts:107、216、814只室内pointlight,受距离/供电控制的少量局部灯池,地形支撑、公共可走区域/实际活动点、照明/供电、分区驻留；建筑/交通/社会域接口（跨域未分配ID）,ENV-105,消费灯具安装点与权威能源；光池母版复用,读权威时间/环境/空间，不编造模拟后果；透明排序、近远预算和卸载有界；不同时间/天气可辨且不遮主景，真实画面验收。断电实际熄灯、无重复全城点灯；暖墙/暖地/接触阴影真可见。
ENV-106,公共观景导览与场所标识模板,公共景观,组合模板,观景/公园/水岸导航,缺失待制,src/renderer.ts:741只有building sprite；提示词.md:45全息标识,程序场所数据+物理牌/全息显示；图标共享UI域,地形支撑、公共可走区域/实际活动点、照明/供电、分区驻留；建筑/交通/社会域接口（跨域未分配ID）,ENV-106,导览牌模型归公共设施域（跨域未分配ID）；ENV供场所布局,米制底部/安装锚点、体素硬边；真实接地并保公共通路与人体净空；可导出GLB、PBR/UV/LOD可核，实拍后判美术。真实目的地/可达路线，不能假景区名牌替代道路。
ENV-107,中式庭园与溪岸公园模板,公共景观,组合模板,公共休憩/城区疏密,缺失待制,提示词.md:27、169；src/rendering/terrain.ts:216仅林带；开发备忘录.md:17空街院,程序地坪/植物/景石/座椅/水景组合,地形支撑、公共可走区域/实际活动点、照明/供电、分区驻留；建筑/交通/社会域接口（跨域未分配ID）,ENV-107,疏密花木/借景/园路/坐区规则，单件均复用,米制底部/安装锚点、体素硬边；真实接地并保公共通路与人体净空；可导出GLB、PBR/UV/LOD可核，实拍后判美术。有可游路径与真实活动点；不是单个整园GLB背景。
ENV-108,街院小广场与公共活动模板,公共景观,组合模板,公共集会/节庆/社区生活,缺失待制,开发备忘录.md:250公告/仪仗广场；提示词.md:95、97公共活动,程序广场/阴影/绿化/活动点,地形支撑、公共可走区域/实际活动点、照明/供电、分区驻留；建筑/交通/社会域接口（跨域未分配ID）,ENV-108,布景道具/旗台归社会与机构域；ENV提供实体场地,米制底部/安装锚点、体素硬边；真实接地并保公共通路与人体净空；可导出GLB、PBR/UV/LOD可核，实拍后判美术。与有限真实活动/人群状态连接；空广场不得宣称繁荣完成。
ENV-109,滨水驳岸园路与休憩模板,公共景观,组合模板,水岸生活/渡运接驳,缺失待制,提示词.md:25、45瀑溪潭植建共生；开发备忘录.md:53,程序水岸/场地/植物/观景/座位,地形支撑、公共可走区域/实际活动点、照明/供电、分区驻留；建筑/交通/社会域接口（跨域未分配ID）,ENV-109,码头/栈桥/交通栏模型归交通域；ENV供地形景观组合,米制底部/安装锚点、体素硬边；真实接地并保公共通路与人体净空；可导出GLB、PBR/UV/LOD可核，实拍后判美术。潭→下游→桥/码头连续可见且真可走。
ENV-110,昼夜渐变天空穹顶母版,天空天气与环境特效,基础组件,天空/昼夜氛围,已集成代码生成,src/renderer.ts:219–226、780–783、787,程序球壳/天空shader,SimState.hour/weather/visibility、环境/能源权威状态、相机/LOD、资源释放,ENV-110,14000m穹顶同相机移动；天色随hour连续派生,读权威时间/环境/空间，不编造模拟后果；透明排序、近远预算和卸载有界；不同时间/天气可辨且不遮主景，真实画面验收。当前程序天空不是HDRI文件；不靠雾盖裸坡，颜色空间正确。
ENV-111,天空程序角噪声云材质,天空天气与环境特效,材质贴图,白昼天空层次,已集成代码生成,src/renderer.ts:220–222,程序3D角噪声/云遮罩,SimState.hour/weather/visibility、环境/能源权威状态、相机/LOD、资源释放,ENV-111,固定角噪声与daylight参数；无独立云图文件,交固有色/法线/粗糙度/AO等明确通道，颜色与数据图分色空间，无烘焙太阳影；米制纹理密度和拼缝可核，保体素硬边，真实日夜光验收。当前无风时钟/天气cover输入；不宣称动态多天气云已做。
ENV-112,太阳视觉天体组件,天空天气与环境特效,基础组件,日照方向/时间可读性,已集成代码生成,src/renderer.ts:227、788,程序球体/basic材质,SimState.hour/weather/visibility、环境/能源权威状态、相机/LOD、资源释放,ENV-112,68m视觉球，位置读太阳方向,读权威时间/环境/空间，不编造模拟后果；透明排序、近远预算和卸载有界；不同时间/天气可辨且不遮主景，真实画面验收。日出/日落连续；不将球尺寸当真实天文尺度。
ENV-113,月亮视觉天体组件,天空天气与环境特效,基础组件,夜空/夜间导航,已集成代码生成,src/renderer.ts:228、789,程序球体/basic材质,SimState.hour/weather/visibility、环境/能源权威状态、相机/LOD、资源释放,ENV-113,38m视觉球，反向太阳位置,读权威时间/环境/空间，不编造模拟后果；透明排序、近远预算和卸载有界；不同时间/天气可辨且不遮主景，真实画面验收。现无月相图/周期，不称月相天文完成。
ENV-114,夜空星点组件,天空天气与环境特效,基础组件,夜空/深夜氛围,已集成代码生成,src/renderer.ts:699–704、787,程序600点种子分布,SimState.hour/weather/visibility、环境/能源权威状态、相机/LOD、资源释放,ENV-114,600实例共一个点云组件，非600模型,读权威时间/环境/空间，不编造模拟后果；透明排序、近远预算和卸载有界；不同时间/天气可辨且不遮主景，真实画面验收。白昼隐夜晚显、无近景穿帮；点尺寸预算可核。
ENV-115,太阳月光半球光昼夜组合,天空天气与环境特效,组合模板,连续24h/山城明暗层次,已集成代码生成,src/renderer.ts:104–106、775–783、792–795,程序hour连续光强/色温/阴影,SimState.hour/weather/visibility、环境/能源权威状态、相机/LOD、资源释放,ENV-115,晨/午/昏/夜是同曲线采样，不算四套模型,读权威时间/环境/空间，不编造模拟后果；透明排序、近远预算和卸载有界；不同时间/天气可辨且不遮主景，真实画面验收。真实不同时间保持山城层次；现材质/裸坡艺术缺陷仍未过。
ENV-116,能见度驱动距离雾效果,天空天气与环境特效,动画特效,天气/能见度/远近景深,已集成代码生成,src/renderer.ts:218、786；src/simulation.ts:607–610,FogExp2读visibility/horizon,SimState.hour/weather/visibility、环境/能源权威状态、相机/LOD、资源释放,ENV-116,density按能见度/渲距派生,读权威时间/环境/空间，不编造模拟后果；透明排序、近远预算和卸载有界；不同时间/天气可辨且不遮主景，真实画面验收。现雾代表能见度，不等于雨雪粒子；不能长期遮住主体。
ENV-117,山腰云带与瀑潭水雾效果,天空天气与环境特效,动画特效,山腰云雾/潭水氛围,已集成代码生成,src/renderer.ts:707–717、784,Canvas软点+六带程序点云,SimState.hour/weather/visibility、环境/能源权威状态、相机/LOD、资源释放,ENV-117,六固定带×14点共效果；缓慢组横移,读权威时间/环境/空间，不编造模拟后果；透明排序、近远预算和卸载有界；不同时间/天气可辨且不遮主景，真实画面验收。点云存在但尚无地形自适应体积雾，必须保城市轮廓。
ENV-118,云雾软点Canvas纹理,天空天气与环境特效,材质贴图,mist透明衰减,已集成代码生成,src/renderer.ts:708–711,运行时128²径向渐变CanvasTexture,SimState.hour/weather/visibility、环境/能源权威状态、相机/LOD、资源释放,ENV-118,一纹理被所有雾点复用；不是已交付外部PNG,交固有色/法线/粗糙度/AO等明确通道，颜色与数据图分色空间，无烘焙太阳影；米制纹理密度和拼缝可核，保体素硬边，真实日夜光验收。无明显方片/层叠伪影；实际透明排序/过绘可核。
ENV-119,瀑潭飞沫冲击雾效果,天空天气与环境特效,动画特效,瀑潭/落水边界,已集成代码生成,src/renderer.ts:720–729、785,程序120点+Canvas软点/组横移,SimState.hour/weather/visibility、环境/能源权威状态、相机/LOD、资源释放,ENV-119,96潭点+24竖向点共一个效果母版,读权威时间/环境/空间，不编造模拟后果；透明排序、近远预算和卸载有界；不同时间/天气可辨且不遮主景，真实画面验收。有单瀑飞沫但缺粒子寿命/多落点状态；不要冒称物理飞沫。
ENV-120,落水飞沫软点Canvas纹理,天空天气与环境特效,材质贴图,spray透明/亮度,已集成代码生成,src/renderer.ts:721–723、728,运行时64²径向渐变,SimState.hour/weather/visibility、环境/能源权威状态、相机/LOD、资源释放,ENV-120,所有飞沫共一纹理,交固有色/法线/粗糙度/AO等明确通道，颜色与数据图分色空间，无烘焙太阳影；米制纹理密度和拼缝可核，保体素硬边，真实日夜光验收。软点不失体素整体语言；不将二维纹理视作已验三维模型。
ENV-121,晴云雨雾天气云量组合,天空天气与环境特效,组合模板,气候/活动/航班视觉反馈,缺失待制,src/simulation.ts:608四天气；src/renderer.ts:219–222未读weather云量,程序weather→云量/云高/天光规则,SimState.hour/weather/visibility、环境/能源权威状态、相机/LOD、资源释放,ENV-121,四天气状态同模板；不是四张独立背景图,读权威时间/环境/空间，不编造模拟后果；透明排序、近远预算和卸载有界；不同时间/天气可辨且不遮主景，真实画面验收。云天与真实weather匹配，不只降低visibility。
ENV-122,流动云层与山谷穿云效果,天空天气与环境特效,动画特效,云雾穿山/多视角,缺失待制,src/renderer.ts:222无time、784仅mist横移；提示词.md:5、173,低成本程序云移动/地形云带,SimState.hour/weather/visibility、环境/能源权威状态、相机/LOD、资源释放,ENV-122,风向/层高/速度参数同母版,读权威时间/环境/空间，不编造模拟后果；透明排序、近远预算和卸载有界；不同时间/天气可辨且不遮主景，真实画面验收。云形不随相机滑移穿帮；不遮场景缺陷。
ENV-123,雨线与体素雨滴效果,天空天气与环境特效,动画特效,雨天气/步行/交通反馈,缺失待制,src/simulation.ts:608雨状态；src/renderer.ts:767–789只改visibility相关,读weather权威状态的雨粒子,SimState.hour/weather/visibility、环境/能源权威状态、相机/LOD、资源释放,ENV-123,近区雨线/远雨幕参数同母版，室内与屋檐遮挡,读权威时间/环境/空间，不编造模拟后果；透明排序、近远预算和卸载有界；不同时间/天气可辨且不遮主景，真实画面验收。真实雨天才出现、雨不穿室内，预算有界。
ENV-124,雨滴水花与湿表面细节图集,天空天气与环境特效,材质贴图,降雨材质/地表反馈,缺失待制,src/renderer.ts:148材料roughness固定；docs/美术资源制作规格.md:36,雨滴mask/水花/湿度粗糙度图集,SimState.hour/weather/visibility、环境/能源权威状态、相机/LOD、资源释放,ENV-124,雨滴/水花/湿痕统一图集；水体涟漪引用ENV事件效果,交固有色/法线/粗糙度/AO等明确通道，颜色与数据图分色空间，无烘焙太阳影；米制纹理密度和拼缝可核，保体素硬边，真实日夜光验收。PBR正确且不烘焙亮反射；屋檐遮雨后干湿有区别。
ENV-125,雨后积水湿面与滴水表现,天空天气与环境特效,动画特效,街台/屋檐/岩壁天气响应,缺失待制,src/renderer.ts:148固定材质；src/simulation.ts:608雨状态,雨状态/遮蔽/衰减规则驱动材质与滴水,SimState.hour/weather/visibility、环境/能源权威状态、相机/LOD、资源释放,ENV-125,湿润/变干曲线同效果；屋檐组件归建筑域,读权威时间/环境/空间，不编造模拟后果；透明排序、近远预算和卸载有界；不同时间/天气可辨且不遮主景，真实画面验收。湿面不覆盖无支撑空间；积水不能冒真实水力模拟。
ENV-126,地形贴合谷雾与崖间云海模板,天空天气与环境特效,组合模板,深谷纵深/云海,缺失待制,src/renderer.ts:713六固定雾带；开发备忘录.md:68新崖谷；提示词.md:173,地形高度/局部雾带程序模板,SimState.hour/weather/visibility、环境/能源权威状态、相机/LOD、资源释放,ENV-126,低谷/山鞍/潭周同规则场；无需整屏浓雾,读权威时间/环境/空间，不编造模拟后果；透明排序、近远预算和卸载有界；不同时间/天气可辨且不遮主景，真实画面验收。空中/地面均保地标与水线；层间透明预算可核。
ENV-127,连续天气转换动画模板,天空天气与环境特效,动画特效,气候连续体验,缺失待制,src/simulation.ts:608瞬时标签变化；src/renderer.ts:786每帧读visibility,权威天气变更事件/过渡曲线,SimState.hour/weather/visibility、环境/能源权威状态、相机/LOD、资源释放,ENV-127,晴云雨雾转变共动画规则；不改模拟时序,读权威时间/环境/空间，不编造模拟后果；透明排序、近远预算和卸载有界；不同时间/天气可辨且不遮主景，真实画面验收。转换连续不闪烁/突黑，显示延迟不造虚假规则变化。
ENV-128,月相与真实云遮日月效果,天空天气与环境特效,动画特效,天文氛围/夜空细节,待核实,src/renderer.ts:228、789只有球/月显隐；开发备忘录.md:320天文；提示词.md:139不要求天文学级,先核月相周期需求；若采用做遮罩/权威日历接口,SimState.hour/weather/visibility、环境/能源权威状态、相机/LOD、资源释放,ENV-128,月相/遮云共享月组件，不每相位一个模型,读权威时间/环境/空间，不编造模拟后果；透明排序、近远预算和卸载有界；不同时间/天气可辨且不遮主景，真实画面验收。现无周期合同；不得将新月相装饰称完整天文系统。
ENV-129,风向与环境风场表现模板,天空天气与环境特效,组合模板,云/植被/天气一致性,待核实,src/types.ts:33无wind；renderer.ts:784正弦横移；开发备忘录.md:320气候,先核风权威数据合同，后云/叶/水统一消费,SimState.hour/weather/visibility、环境/能源权威状态、相机/LOD、资源释放,ENV-129,风强/向同参数模板；关联ENV植被风摆,读权威时间/环境/空间，不编造模拟后果；透明排序、近远预算和卸载有界；不同时间/天气可辨且不遮主景，真实画面验收。无风状态不能宣称气候模拟已完；避免各物体相反独立摆动。
ENV-130,低温雪霜与季节环境表现范围,天空天气与环境特效,组合模板,气候扩展/高山环境,待核实,src/simulation.ts:1512天气仅晴云雨雾；开发备忘录.md:320气候；提示词.md:27自主设计,先核是否采用雪季/高山低温；若采用需数据与图包,SimState.hour/weather/visibility、环境/能源权威状态、相机/LOD、资源释放,ENV-130,积雪/霜/融水共规则范围，明确不是现有正式天气,读权威时间/环境/空间，不编造模拟后果；透明排序、近远预算和卸载有界；不同时间/天气可辨且不遮主景，真实画面验收。未确定物种/季节合同，不假报生产或随意添加雪天气。
ENV-131,城区空气污染薄霾表现,天空天气与环境特效,动画特效,产业/环境/生活反馈,缺失待制,src/types.ts:33 districts；src/simulation/extensions.ts:112污染；renderer.ts:786只visibility,pollution→局部色/密度/范围效果,SimState.hour/weather/visibility、环境/能源权威状态、相机/LOD、资源释放,ENV-131,分区污染参数共享一个局部霾效果,读权威时间/环境/空间，不编造模拟后果；透明排序、近远预算和卸载有界；不同时间/天气可辨且不遮主景，真实画面验收。不改权威污染；远近可辨且仍保通行视线与主景。
ENV-132,灾后淤积冲刷与植被损伤组合,天空天气与环境特效,组合模板,灾害/公共救灾/生态后果,缺失待制,src/simulation/extensions.ts:119–127山洪只数值事件；开发备忘录.md:320,灾害事件/真实区域边界视觉组合,SimState.hour/weather/visibility、环境/能源权威状态、相机/LOD、资源释放,ENV-132,有限淤积/湿痕/植被受损母版复用，修复依真实状态,读权威时间/环境/空间，不编造模拟后果；透明排序、近远预算和卸载有界；不同时间/天气可辨且不遮主景，真实画面验收。装饰损伤不能凭空移除道路/钱/植被；危险占用需系统合同。
ENV-133,场景接触阴影与体素材质照明预设,天空天气与环境特效,组合模板,真实接地/高细度材质/昼夜层次,缺失待制,src/renderer.ts:138–144、792–795已有太阳阴影；开发备忘录.md:74；docs/美术资源制作规格.md:36,现阴影基础上调有限阴影/材质曝光/接触光；需真实验图,SimState.hour/weather/visibility、环境/能源权威状态、相机/LOD、资源释放,ENV-133,一套光照预设按太阳/能量状态连续调整；不是每时刻模型,读权威时间/环境/空间，不编造模拟后果；透明排序、近远预算和卸载有界；不同时间/天气可辨且不遮主景，真实画面验收。区分已有影渲染与目标质感；PBR/轮廓/地脚/暖光实际看图通过后收口。
LIFE-001,住宅床架,居住家具,基础组件,居住家具,已集成代码生成,src/architecture-floor-plan.ts:94–113；src/rendering/architecture-bodies.ts:95–118,共享fixture程序体素,米单位/+Y向上；物理占用与安装接口0.2m网格；共享FloorPlan/真实支撑；保留门洞、楼梯孔、.35m身体/1.72m眼高和功能点净空；home-bed真实2.4×1.2×0.6m；rest当前仍在service/table点，床交互未等同完成,LIFE-001,尺寸/配色按同母版参数派生，不重复计算独立模型,真实WebGL近/远可辨；细体素与PBR、光照和轮廓验收；资源按所有权释放；代码存在不等于美术合格
LIFE-002,床垫基础块,居住家具,基础组件,居住家具,已集成代码生成,src/rendering/architecture-bodies.ts:105–107（107发浅色.2m床垫顶块）；src/architecture-floor-plan.ts:106–109；src/renderer.ts:413（原profile浅色床垫块）,程序体素；当前单浅色块待细节升级,米单位/+Y向上；物理占用与安装接口0.2m网格；共享FloorPlan/真实支撑；保留门洞、楼梯孔、.35m身体/1.72m眼高和功能点净空；依附LIFE-001的home-bed真实fixture上表面，current床垫渲染位于fixture.top-.1；不因此新增床上rest/use点,LIFE-001,尺寸/配色按同母版参数派生，不重复计算独立模型,真实WebGL近/远可辨；细体素与PBR、光照和轮廓验收；资源按所有权释放；代码存在不等于美术合格
LIFE-003,床头靠板,居住家具,基础组件,居住家具,缺失待制,目标：提示词.md；对应系统存在不表示实体资产存在,程序精细体素+材质，复杂视觉件可选Tripo,米单位/+Y向上；物理占用与安装接口0.2m网格；共享FloorPlan/真实支撑；保留门洞、楼梯孔、.35m身体/1.72m眼高和功能点净空；按真实室内布局生成占用；沙发/床软垫可选Tripo视觉母版，不能替代共享碰撞/使用点,LIFE-003,尺寸/配色按同母版参数派生，不重复计算独立模型,真实WebGL近/远可辨；细体素与PBR、光照和轮廓验收；资源按所有权释放；代码存在不等于美术合格
LIFE-004,被褥及枕头组合,居住家具,基础组件,居住家具,缺失待制,目标：提示词.md；对应系统存在不表示实体资产存在,程序精细体素+材质，复杂视觉件可选Tripo,米单位/+Y向上；物理占用与安装接口0.2m网格；共享FloorPlan/真实支撑；保留门洞、楼梯孔、.35m身体/1.72m眼高和功能点净空；按真实室内布局生成占用；沙发/床软垫可选Tripo视觉母版，不能替代共享碰撞/使用点,LIFE-004,尺寸/配色按同母版参数派生，不重复计算独立模型,真实WebGL近/远可辨；细体素与PBR、光照和轮廓验收；资源按所有权释放；代码存在不等于美术合格
LIFE-005,床边收纳柜,居住家具,基础组件,居住家具,缺失待制,目标：提示词.md；对应系统存在不表示实体资产存在,程序精细体素+材质，复杂视觉件可选Tripo,米单位/+Y向上；物理占用与安装接口0.2m网格；共享FloorPlan/真实支撑；保留门洞、楼梯孔、.35m身体/1.72m眼高和功能点净空；按真实室内布局生成占用；沙发/床软垫可选Tripo视觉母版，不能替代共享碰撞/使用点,LIFE-005,尺寸/配色按同母版参数派生，不重复计算独立模型,真实WebGL近/远可辨；细体素与PBR、光照和轮廓验收；资源按所有权释放；代码存在不等于美术合格
LIFE-006,衣柜框体,居住家具,基础组件,居住家具,缺失待制,目标：提示词.md；对应系统存在不表示实体资产存在,程序精细体素+材质，复杂视觉件可选Tripo,米单位/+Y向上；物理占用与安装接口0.2m网格；共享FloorPlan/真实支撑；保留门洞、楼梯孔、.35m身体/1.72m眼高和功能点净空；按真实室内布局生成占用；沙发/床软垫可选Tripo视觉母版，不能替代共享碰撞/使用点,LIFE-006,尺寸/配色按同母版参数派生，不重复计算独立模型,真实WebGL近/远可辨；细体素与PBR、光照和轮廓验收；资源按所有权释放；代码存在不等于美术合格
LIFE-007,衣柜门叶与把手,居住家具,基础组件,居住家具,缺失待制,目标：提示词.md；对应系统存在不表示实体资产存在,程序精细体素+材质，复杂视觉件可选Tripo,米单位/+Y向上；物理占用与安装接口0.2m网格；共享FloorPlan/真实支撑；保留门洞、楼梯孔、.35m身体/1.72m眼高和功能点净空；按真实室内布局生成占用；沙发/床软垫可选Tripo视觉母版，不能替代共享碰撞/使用点,LIFE-007,尺寸/配色按同母版参数派生，不重复计算独立模型,真实WebGL近/远可辨；细体素与PBR、光照和轮廓验收；资源按所有权释放；代码存在不等于美术合格
LIFE-008,衣物收纳隔层,居住家具,基础组件,居住家具,缺失待制,目标：提示词.md；对应系统存在不表示实体资产存在,程序精细体素+材质，复杂视觉件可选Tripo,米单位/+Y向上；物理占用与安装接口0.2m网格；共享FloorPlan/真实支撑；保留门洞、楼梯孔、.35m身体/1.72m眼高和功能点净空；按真实室内布局生成占用；沙发/床软垫可选Tripo视觉母版，不能替代共享碰撞/使用点,LIFE-008,尺寸/配色按同母版参数派生，不重复计算独立模型,真实WebGL近/远可辨；细体素与PBR、光照和轮廓验收；资源按所有权释放；代码存在不等于美术合格
LIFE-009,梳妆镜框,居住家具,基础组件,居住家具,缺失待制,目标：提示词.md；对应系统存在不表示实体资产存在,程序精细体素+材质，复杂视觉件可选Tripo,米单位/+Y向上；物理占用与安装接口0.2m网格；共享FloorPlan/真实支撑；保留门洞、楼梯孔、.35m身体/1.72m眼高和功能点净空；按真实室内布局生成占用；沙发/床软垫可选Tripo视觉母版，不能替代共享碰撞/使用点,LIFE-009,尺寸/配色按同母版参数派生，不重复计算独立模型,真实WebGL近/远可辨；细体素与PBR、光照和轮廓验收；资源按所有权释放；代码存在不等于美术合格
LIFE-010,沙发框架,居住家具,基础组件,居住家具,缺失待制,目标：提示词.md；对应系统存在不表示实体资产存在,程序精细体素+材质，复杂视觉件可选Tripo,米单位/+Y向上；物理占用与安装接口0.2m网格；共享FloorPlan/真实支撑；保留门洞、楼梯孔、.35m身体/1.72m眼高和功能点净空；按真实室内布局生成占用；沙发/床软垫可选Tripo视觉母版，不能替代共享碰撞/使用点,LIFE-010,尺寸/配色按同母版参数派生，不重复计算独立模型,真实WebGL近/远可辨；细体素与PBR、光照和轮廓验收；资源按所有权释放；代码存在不等于美术合格
LIFE-011,沙发软垫靠背,居住家具,基础组件,居住家具,缺失待制,目标：提示词.md；对应系统存在不表示实体资产存在,程序精细体素+材质，复杂视觉件可选Tripo,米单位/+Y向上；物理占用与安装接口0.2m网格；共享FloorPlan/真实支撑；保留门洞、楼梯孔、.35m身体/1.72m眼高和功能点净空；按真实室内布局生成占用；沙发/床软垫可选Tripo视觉母版，不能替代共享碰撞/使用点,LIFE-011,尺寸/配色按同母版参数派生，不重复计算独立模型,真实WebGL近/远可辨；细体素与PBR、光照和轮廓验收；资源按所有权释放；代码存在不等于美术合格
LIFE-012,扶手椅框架,居住家具,基础组件,居住家具,缺失待制,目标：提示词.md；对应系统存在不表示实体资产存在,程序精细体素+材质，复杂视觉件可选Tripo,米单位/+Y向上；物理占用与安装接口0.2m网格；共享FloorPlan/真实支撑；保留门洞、楼梯孔、.35m身体/1.72m眼高和功能点净空；按真实室内布局生成占用；沙发/床软垫可选Tripo视觉母版，不能替代共享碰撞/使用点,LIFE-012,尺寸/配色按同母版参数派生，不重复计算独立模型,真实WebGL近/远可辨；细体素与PBR、光照和轮廓验收；资源按所有权释放；代码存在不等于美术合格
LIFE-013,扶手椅软垫,居住家具,基础组件,居住家具,缺失待制,目标：提示词.md；对应系统存在不表示实体资产存在,程序精细体素+材质，复杂视觉件可选Tripo,米单位/+Y向上；物理占用与安装接口0.2m网格；共享FloorPlan/真实支撑；保留门洞、楼梯孔、.35m身体/1.72m眼高和功能点净空；按真实室内布局生成占用；沙发/床软垫可选Tripo视觉母版，不能替代共享碰撞/使用点,LIFE-013,尺寸/配色按同母版参数派生，不重复计算独立模型,真实WebGL近/远可辨；细体素与PBR、光照和轮廓验收；资源按所有权释放；代码存在不等于美术合格
LIFE-014,茶几桌架,居住家具,基础组件,居住家具,缺失待制,目标：提示词.md；对应系统存在不表示实体资产存在,程序精细体素+材质，复杂视觉件可选Tripo,米单位/+Y向上；物理占用与安装接口0.2m网格；共享FloorPlan/真实支撑；保留门洞、楼梯孔、.35m身体/1.72m眼高和功能点净空；按真实室内布局生成占用；沙发/床软垫可选Tripo视觉母版，不能替代共享碰撞/使用点,LIFE-014,尺寸/配色按同母版参数派生，不重复计算独立模型,真实WebGL近/远可辨；细体素与PBR、光照和轮廓验收；资源按所有权释放；代码存在不等于美术合格
LIFE-015,茶几台面,居住家具,基础组件,居住家具,缺失待制,目标：提示词.md；对应系统存在不表示实体资产存在,程序精细体素+材质，复杂视觉件可选Tripo,米单位/+Y向上；物理占用与安装接口0.2m网格；共享FloorPlan/真实支撑；保留门洞、楼梯孔、.35m身体/1.72m眼高和功能点净空；按真实室内布局生成占用；沙发/床软垫可选Tripo视觉母版，不能替代共享碰撞/使用点,LIFE-015,尺寸/配色按同母版参数派生，不重复计算独立模型,真实WebGL近/远可辨；细体素与PBR、光照和轮廓验收；资源按所有权释放；代码存在不等于美术合格
LIFE-016,办公桌桌架,居住家具,基础组件,居住家具,缺失待制,目标：提示词.md；对应系统存在不表示实体资产存在,程序精细体素+材质，复杂视觉件可选Tripo,米单位/+Y向上；物理占用与安装接口0.2m网格；共享FloorPlan/真实支撑；保留门洞、楼梯孔、.35m身体/1.72m眼高和功能点净空；按真实室内布局生成占用；沙发/床软垫可选Tripo视觉母版，不能替代共享碰撞/使用点,LIFE-016,尺寸/配色按同母版参数派生，不重复计算独立模型,真实WebGL近/远可辨；细体素与PBR、光照和轮廓验收；资源按所有权释放；代码存在不等于美术合格
LIFE-017,办公桌抽屉模块,居住家具,基础组件,居住家具,缺失待制,目标：提示词.md；对应系统存在不表示实体资产存在,程序精细体素+材质，复杂视觉件可选Tripo,米单位/+Y向上；物理占用与安装接口0.2m网格；共享FloorPlan/真实支撑；保留门洞、楼梯孔、.35m身体/1.72m眼高和功能点净空；按真实室内布局生成占用；沙发/床软垫可选Tripo视觉母版，不能替代共享碰撞/使用点,LIFE-017,尺寸/配色按同母版参数派生，不重复计算独立模型,真实WebGL近/远可辨；细体素与PBR、光照和轮廓验收；资源按所有权释放；代码存在不等于美术合格
LIFE-018,桌面显示器与支座,居住家具,基础组件,居住家具,缺失待制,目标：提示词.md；对应系统存在不表示实体资产存在,程序精细体素+材质，复杂视觉件可选Tripo,米单位/+Y向上；物理占用与安装接口0.2m网格；共享FloorPlan/真实支撑；保留门洞、楼梯孔、.35m身体/1.72m眼高和功能点净空；按真实室内布局生成占用；沙发/床软垫可选Tripo视觉母版，不能替代共享碰撞/使用点,LIFE-018,尺寸/配色按同母版参数派生，不重复计算独立模型,真实WebGL近/远可辨；细体素与PBR、光照和轮廓验收；资源按所有权释放；代码存在不等于美术合格
LIFE-019,桌面输入设备托板,居住家具,基础组件,居住家具,缺失待制,目标：提示词.md；对应系统存在不表示实体资产存在,程序精细体素+材质，复杂视觉件可选Tripo,米单位/+Y向上；物理占用与安装接口0.2m网格；共享FloorPlan/真实支撑；保留门洞、楼梯孔、.35m身体/1.72m眼高和功能点净空；按真实室内布局生成占用；沙发/床软垫可选Tripo视觉母版，不能替代共享碰撞/使用点,LIFE-019,尺寸/配色按同母版参数派生，不重复计算独立模型,真实WebGL近/远可辨；细体素与PBR、光照和轮廓验收；资源按所有权释放；代码存在不等于美术合格
LIFE-020,书桌灯,居住家具,基础组件,居住家具,缺失待制,目标：提示词.md；对应系统存在不表示实体资产存在,程序精细体素+材质，复杂视觉件可选Tripo,米单位/+Y向上；物理占用与安装接口0.2m网格；共享FloorPlan/真实支撑；保留门洞、楼梯孔、.35m身体/1.72m眼高和功能点净空；按真实室内布局生成占用；沙发/床软垫可选Tripo视觉母版，不能替代共享碰撞/使用点,LIFE-020,尺寸/配色按同母版参数派生，不重复计算独立模型,真实WebGL近/远可辨；细体素与PBR、光照和轮廓验收；资源按所有权释放；代码存在不等于美术合格
LIFE-021,餐桌桌架,居住家具,基础组件,居住家具,缺失待制,目标：提示词.md；对应系统存在不表示实体资产存在,程序精细体素+材质，复杂视觉件可选Tripo,米单位/+Y向上；物理占用与安装接口0.2m网格；共享FloorPlan/真实支撑；保留门洞、楼梯孔、.35m身体/1.72m眼高和功能点净空；按真实室内布局生成占用；沙发/床软垫可选Tripo视觉母版，不能替代共享碰撞/使用点,LIFE-021,尺寸/配色按同母版参数派生，不重复计算独立模型,真实WebGL近/远可辨；细体素与PBR、光照和轮廓验收；资源按所有权释放；代码存在不等于美术合格
LIFE-022,餐椅,居住家具,基础组件,居住家具,缺失待制,目标：提示词.md；对应系统存在不表示实体资产存在,程序精细体素+材质，复杂视觉件可选Tripo,米单位/+Y向上；物理占用与安装接口0.2m网格；共享FloorPlan/真实支撑；保留门洞、楼梯孔、.35m身体/1.72m眼高和功能点净空；按真实室内布局生成占用；沙发/床软垫可选Tripo视觉母版，不能替代共享碰撞/使用点,LIFE-022,尺寸/配色按同母版参数派生，不重复计算独立模型,真实WebGL近/远可辨；细体素与PBR、光照和轮廓验收；资源按所有权释放；代码存在不等于美术合格
LIFE-023,小圆凳,居住家具,基础组件,居住家具,缺失待制,目标：提示词.md；对应系统存在不表示实体资产存在,程序精细体素+材质，复杂视觉件可选Tripo,米单位/+Y向上；物理占用与安装接口0.2m网格；共享FloorPlan/真实支撑；保留门洞、楼梯孔、.35m身体/1.72m眼高和功能点净空；按真实室内布局生成占用；沙发/床软垫可选Tripo视觉母版，不能替代共享碰撞/使用点,LIFE-023,尺寸/配色按同母版参数派生，不重复计算独立模型,真实WebGL近/远可辨；细体素与PBR、光照和轮廓验收；资源按所有权释放；代码存在不等于美术合格
LIFE-024,玄关鞋柜,居住家具,基础组件,居住家具,缺失待制,目标：提示词.md；对应系统存在不表示实体资产存在,程序精细体素+材质，复杂视觉件可选Tripo,米单位/+Y向上；物理占用与安装接口0.2m网格；共享FloorPlan/真实支撑；保留门洞、楼梯孔、.35m身体/1.72m眼高和功能点净空；按真实室内布局生成占用；沙发/床软垫可选Tripo视觉母版，不能替代共享碰撞/使用点,LIFE-024,尺寸/配色按同母版参数派生，不重复计算独立模型,真实WebGL近/远可辨；细体素与PBR、光照和轮廓验收；资源按所有权释放；代码存在不等于美术合格
LIFE-025,墙面置物层板,居住家具,基础组件,居住家具,缺失待制,目标：提示词.md；对应系统存在不表示实体资产存在,程序精细体素+材质，复杂视觉件可选Tripo,米单位/+Y向上；物理占用与安装接口0.2m网格；共享FloorPlan/真实支撑；保留门洞、楼梯孔、.35m身体/1.72m眼高和功能点净空；按真实室内布局生成占用；沙发/床软垫可选Tripo视觉母版，不能替代共享碰撞/使用点,LIFE-025,尺寸/配色按同母版参数派生，不重复计算独立模型,真实WebGL近/远可辨；细体素与PBR、光照和轮廓验收；资源按所有权释放；代码存在不等于美术合格
LIFE-026,窗帘挂轨,居住家具,基础组件,居住家具,缺失待制,目标：提示词.md；对应系统存在不表示实体资产存在,程序精细体素+材质，复杂视觉件可选Tripo,米单位/+Y向上；物理占用与安装接口0.2m网格；共享FloorPlan/真实支撑；保留门洞、楼梯孔、.35m身体/1.72m眼高和功能点净空；按真实室内布局生成占用；沙发/床软垫可选Tripo视觉母版，不能替代共享碰撞/使用点,LIFE-026,尺寸/配色按同母版参数派生，不重复计算独立模型,真实WebGL近/远可辨；细体素与PBR、光照和轮廓验收；资源按所有权释放；代码存在不等于美术合格
LIFE-027,窗帘帘片,居住家具,基础组件,居住家具,缺失待制,目标：提示词.md；对应系统存在不表示实体资产存在,程序精细体素+材质，复杂视觉件可选Tripo,米单位/+Y向上；物理占用与安装接口0.2m网格；共享FloorPlan/真实支撑；保留门洞、楼梯孔、.35m身体/1.72m眼高和功能点净空；按真实室内布局生成占用；沙发/床软垫可选Tripo视觉母版，不能替代共享碰撞/使用点,LIFE-027,尺寸/配色按同母版参数派生，不重复计算独立模型,真实WebGL近/远可辨；细体素与PBR、光照和轮廓验收；资源按所有权释放；代码存在不等于美术合格
LIFE-028,室内顶灯,居住家具,基础组件,居住家具,已集成代码生成,src/renderer.ts:455（原near每层两灯面与吊杆）；src/world.ts:330、541；src/world.ts:7、546–550；src/architecture-floor-plan.ts:216–217；src/renderer.ts:279–287；src/rendering/architecture-detail.ts:220–222（current-v4 core-main保原发射器，普通楼提前return不消费）；src/renderer.ts:107、804–815（独立室内PointLight不是灯具模型）,原near程序体素amber灯面+wood吊杆；current core-main与正式历史profile可消费，普通v4灯体迁移/细化待制,米单位/+Y向上；保0.2m物理/编辑格、共享层高/权限/门孔/楼梯孔、.35m身体与1.72m眼高净空；原代码粗几何不等于新功能点已实现；绑定原floor/层高/室内切层与灯位；current普通home走新body无此吊灯mesh，已有PointLight光源不得冒认灯具；供电/局部灯光适配另验,LIFE-028,原每层两灯实例复用同一粗灯体；不按楼层/灯面配色计新模型；current普通楼需按真实usePoint和天花净空适配,已有程序粗件不是外部GLB/高细度PBR成品；新profile适配、真实几何/用途点一致、近远与昼夜WebGL和普通第一人称验收仍待，不据代码存在宣称美术合格
LIFE-029,壁灯灯体,居住家具,基础组件,居住家具,缺失待制,目标：提示词.md；对应系统存在不表示实体资产存在,程序精细体素+材质，复杂视觉件可选Tripo,米单位/+Y向上；物理占用与安装接口0.2m网格；共享FloorPlan/真实支撑；保留门洞、楼梯孔、.35m身体/1.72m眼高和功能点净空；按真实室内布局生成占用；沙发/床软垫可选Tripo视觉母版，不能替代共享碰撞/使用点,LIFE-029,尺寸/配色按同母版参数派生，不重复计算独立模型,真实WebGL近/远可辨；细体素与PBR、光照和轮廓验收；资源按所有权释放；代码存在不等于美术合格
LIFE-030,室内电源/控制面板,居住家具,基础组件,居住家具,缺失待制,目标：提示词.md；对应系统存在不表示实体资产存在,程序精细体素+材质，复杂视觉件可选Tripo,米单位/+Y向上；物理占用与安装接口0.2m网格；共享FloorPlan/真实支撑；保留门洞、楼梯孔、.35m身体/1.72m眼高和功能点净空；按真实室内布局生成占用；沙发/床软垫可选Tripo视觉母版，不能替代共享碰撞/使用点,LIFE-030,尺寸/配色按同母版参数派生，不重复计算独立模型,真实WebGL近/远可辨；细体素与PBR、光照和轮廓验收；资源按所有权释放；代码存在不等于美术合格
LIFE-031,起居地毯,居住家具,基础组件,居住家具,缺失待制,目标：提示词.md；对应系统存在不表示实体资产存在,程序精细体素+材质，复杂视觉件可选Tripo,米单位/+Y向上；物理占用与安装接口0.2m网格；共享FloorPlan/真实支撑；保留门洞、楼梯孔、.35m身体/1.72m眼高和功能点净空；按真实室内布局生成占用；沙发/床软垫可选Tripo视觉母版，不能替代共享碰撞/使用点,LIFE-031,尺寸/配色按同母版参数派生，不重复计算独立模型,真实WebGL近/远可辨；细体素与PBR、光照和轮廓验收；资源按所有权释放；代码存在不等于美术合格
LIFE-032,通用工作桌,居住家具,基础组件,居住家具,已集成代码生成,src/architecture-floor-plan.ts:94–113；src/rendering/architecture-bodies.ts:95–118,共享fixture程序体素,米单位/+Y向上；物理占用与安装接口0.2m网格；共享FloorPlan/真实支撑；保留门洞、楼梯孔、.35m身体/1.72m眼高和功能点净空；真实2.4×1.2m桌面/0.8m高；不额外生成岗位或工资,LIFE-032,尺寸/配色按同母版参数派生，不重复计算独立模型,真实WebGL近/远可辨；细体素与PBR、光照和轮廓验收；资源按所有权释放；代码存在不等于美术合格
LIFE-033,办公桌尺寸与材质变体,家具变体,配色尺寸变体,家具变体,缺失待制,目标：提示词.md；对应系统存在不表示实体资产存在,受控参数变体,米单位/+Y向上；物理占用与安装接口0.2m网格；共享FloorPlan/真实支撑；保留门洞、楼梯孔、.35m身体/1.72m眼高和功能点净空,LIFE-016,同母版适配声明范围；禁止随机拉伸细部、侵占功能点或作为新模型计数,真实WebGL近/远可辨；细体素与PBR、光照和轮廓验收；资源按所有权释放；代码存在不等于美术合格
LIFE-034,茶几尺寸与材质变体,家具变体,配色尺寸变体,家具变体,缺失待制,目标：提示词.md；对应系统存在不表示实体资产存在,受控参数变体,米单位/+Y向上；物理占用与安装接口0.2m网格；共享FloorPlan/真实支撑；保留门洞、楼梯孔、.35m身体/1.72m眼高和功能点净空,LIFE-014,同母版适配声明范围；禁止随机拉伸细部、侵占功能点或作为新模型计数,真实WebGL近/远可辨；细体素与PBR、光照和轮廓验收；资源按所有权释放；代码存在不等于美术合格
LIFE-035,床型与寝具配色变体,家具变体,配色尺寸变体,家具变体,缺失待制,目标：提示词.md；对应系统存在不表示实体资产存在,受控参数变体,米单位/+Y向上；物理占用与安装接口0.2m网格；共享FloorPlan/真实支撑；保留门洞、楼梯孔、.35m身体/1.72m眼高和功能点净空,LIFE-001,同母版适配声明范围；禁止随机拉伸细部、侵占功能点或作为新模型计数,真实WebGL近/远可辨；细体素与PBR、光照和轮廓验收；资源按所有权释放；代码存在不等于美术合格
LIFE-036,沙发长度与布料变体,家具变体,配色尺寸变体,家具变体,缺失待制,目标：提示词.md；对应系统存在不表示实体资产存在,受控参数变体,米单位/+Y向上；物理占用与安装接口0.2m网格；共享FloorPlan/真实支撑；保留门洞、楼梯孔、.35m身体/1.72m眼高和功能点净空,LIFE-010,同母版适配声明范围；禁止随机拉伸细部、侵占功能点或作为新模型计数,真实WebGL近/远可辨；细体素与PBR、光照和轮廓验收；资源按所有权释放；代码存在不等于美术合格
LIFE-037,厨房操作台柜体,厨房卫浴,基础组件,居住/家务/美食/水电卫生,缺失待制,目标：提示词.md；对应系统存在不表示实体资产存在,程序精细体素+材质，复杂视觉件可选Tripo,米单位/+Y向上；物理占用与安装接口0.2m网格；共享FloorPlan/真实支撑；保留门洞、楼梯孔、.35m身体/1.72m眼高和功能点净空；水电接头/柜门/可用点要实际接入；当前未核出生产中完整厨房卫浴mesh,LIFE-037,尺寸/配色按同母版参数派生，不重复计算独立模型,真实WebGL近/远可辨；细体素与PBR、光照和轮廓验收；资源按所有权释放；代码存在不等于美术合格
LIFE-038,厨房台面,厨房卫浴,基础组件,居住/家务/美食/水电卫生,缺失待制,目标：提示词.md；对应系统存在不表示实体资产存在,程序精细体素+材质，复杂视觉件可选Tripo,米单位/+Y向上；物理占用与安装接口0.2m网格；共享FloorPlan/真实支撑；保留门洞、楼梯孔、.35m身体/1.72m眼高和功能点净空；水电接头/柜门/可用点要实际接入；当前未核出生产中完整厨房卫浴mesh,LIFE-038,尺寸/配色按同母版参数派生，不重复计算独立模型,真实WebGL近/远可辨；细体素与PBR、光照和轮廓验收；资源按所有权释放；代码存在不等于美术合格
LIFE-039,厨房灶具及烟罩,厨房卫浴,基础组件,居住/家务/美食/水电卫生,缺失待制,目标：提示词.md；对应系统存在不表示实体资产存在,程序精细体素+材质，复杂视觉件可选Tripo,米单位/+Y向上；物理占用与安装接口0.2m网格；共享FloorPlan/真实支撑；保留门洞、楼梯孔、.35m身体/1.72m眼高和功能点净空；水电接头/柜门/可用点要实际接入；当前未核出生产中完整厨房卫浴mesh,LIFE-039,尺寸/配色按同母版参数派生，不重复计算独立模型,真实WebGL近/远可辨；细体素与PBR、光照和轮廓验收；资源按所有权释放；代码存在不等于美术合格
LIFE-040,厨房水槽及龙头,厨房卫浴,基础组件,居住/家务/美食/水电卫生,缺失待制,目标：提示词.md；对应系统存在不表示实体资产存在,程序精细体素+材质，复杂视觉件可选Tripo,米单位/+Y向上；物理占用与安装接口0.2m网格；共享FloorPlan/真实支撑；保留门洞、楼梯孔、.35m身体/1.72m眼高和功能点净空；水电接头/柜门/可用点要实际接入；当前未核出生产中完整厨房卫浴mesh,LIFE-040,尺寸/配色按同母版参数派生，不重复计算独立模型,真实WebGL近/远可辨；细体素与PBR、光照和轮廓验收；资源按所有权释放；代码存在不等于美术合格
LIFE-041,厨房吊柜,厨房卫浴,基础组件,居住/家务/美食/水电卫生,缺失待制,目标：提示词.md；对应系统存在不表示实体资产存在,程序精细体素+材质，复杂视觉件可选Tripo,米单位/+Y向上；物理占用与安装接口0.2m网格；共享FloorPlan/真实支撑；保留门洞、楼梯孔、.35m身体/1.72m眼高和功能点净空；水电接头/柜门/可用点要实际接入；当前未核出生产中完整厨房卫浴mesh,LIFE-041,尺寸/配色按同母版参数派生，不重复计算独立模型,真实WebGL近/远可辨；细体素与PBR、光照和轮廓验收；资源按所有权释放；代码存在不等于美术合格
LIFE-042,食品储物柜,厨房卫浴,基础组件,居住/家务/美食/水电卫生,缺失待制,目标：提示词.md；对应系统存在不表示实体资产存在,程序精细体素+材质，复杂视觉件可选Tripo,米单位/+Y向上；物理占用与安装接口0.2m网格；共享FloorPlan/真实支撑；保留门洞、楼梯孔、.35m身体/1.72m眼高和功能点净空；水电接头/柜门/可用点要实际接入；当前未核出生产中完整厨房卫浴mesh,LIFE-042,尺寸/配色按同母版参数派生，不重复计算独立模型,真实WebGL近/远可辨；细体素与PBR、光照和轮廓验收；资源按所有权释放；代码存在不等于美术合格
LIFE-043,冰箱/冷藏柜外壳,厨房卫浴,基础组件,居住/家务/美食/水电卫生,缺失待制,目标：提示词.md；对应系统存在不表示实体资产存在,程序精细体素+材质，复杂视觉件可选Tripo,米单位/+Y向上；物理占用与安装接口0.2m网格；共享FloorPlan/真实支撑；保留门洞、楼梯孔、.35m身体/1.72m眼高和功能点净空；水电接头/柜门/可用点要实际接入；当前未核出生产中完整厨房卫浴mesh,LIFE-043,尺寸/配色按同母版参数派生，不重复计算独立模型,真实WebGL近/远可辨；细体素与PBR、光照和轮廓验收；资源按所有权释放；代码存在不等于美术合格
LIFE-044,炊具锅体,厨房卫浴,基础组件,居住/家务/美食/水电卫生,缺失待制,目标：提示词.md；对应系统存在不表示实体资产存在,程序精细体素+材质，复杂视觉件可选Tripo,米单位/+Y向上；物理占用与安装接口0.2m网格；共享FloorPlan/真实支撑；保留门洞、楼梯孔、.35m身体/1.72m眼高和功能点净空；水电接头/柜门/可用点要实际接入；当前未核出生产中完整厨房卫浴mesh,LIFE-044,尺寸/配色按同母版参数派生，不重复计算独立模型,真实WebGL近/远可辨；细体素与PBR、光照和轮廓验收；资源按所有权释放；代码存在不等于美术合格
LIFE-045,锅盖,厨房卫浴,基础组件,居住/家务/美食/水电卫生,缺失待制,目标：提示词.md；对应系统存在不表示实体资产存在,程序精细体素+材质，复杂视觉件可选Tripo,米单位/+Y向上；物理占用与安装接口0.2m网格；共享FloorPlan/真实支撑；保留门洞、楼梯孔、.35m身体/1.72m眼高和功能点净空；水电接头/柜门/可用点要实际接入；当前未核出生产中完整厨房卫浴mesh,LIFE-045,尺寸/配色按同母版参数派生，不重复计算独立模型,真实WebGL近/远可辨；细体素与PBR、光照和轮廓验收；资源按所有权释放；代码存在不等于美术合格
LIFE-046,碗盘通用容器,厨房卫浴,基础组件,居住/家务/美食/水电卫生,缺失待制,目标：提示词.md；对应系统存在不表示实体资产存在,程序精细体素+材质，复杂视觉件可选Tripo,米单位/+Y向上；物理占用与安装接口0.2m网格；共享FloorPlan/真实支撑；保留门洞、楼梯孔、.35m身体/1.72m眼高和功能点净空；水电接头/柜门/可用点要实际接入；当前未核出生产中完整厨房卫浴mesh,LIFE-046,尺寸/配色按同母版参数派生，不重复计算独立模型,真实WebGL近/远可辨；细体素与PBR、光照和轮廓验收；资源按所有权释放；代码存在不等于美术合格
LIFE-047,杯壶器具,厨房卫浴,基础组件,居住/家务/美食/水电卫生,缺失待制,目标：提示词.md；对应系统存在不表示实体资产存在,程序精细体素+材质，复杂视觉件可选Tripo,米单位/+Y向上；物理占用与安装接口0.2m网格；共享FloorPlan/真实支撑；保留门洞、楼梯孔、.35m身体/1.72m眼高和功能点净空；水电接头/柜门/可用点要实际接入；当前未核出生产中完整厨房卫浴mesh,LIFE-047,尺寸/配色按同母版参数派生，不重复计算独立模型,真实WebGL近/远可辨；细体素与PBR、光照和轮廓验收；资源按所有权释放；代码存在不等于美术合格
LIFE-048,砧板与切配工具,厨房卫浴,基础组件,居住/家务/美食/水电卫生,缺失待制,目标：提示词.md；对应系统存在不表示实体资产存在,程序精细体素+材质，复杂视觉件可选Tripo,米单位/+Y向上；物理占用与安装接口0.2m网格；共享FloorPlan/真实支撑；保留门洞、楼梯孔、.35m身体/1.72m眼高和功能点净空；水电接头/柜门/可用点要实际接入；当前未核出生产中完整厨房卫浴mesh,LIFE-048,尺寸/配色按同母版参数派生，不重复计算独立模型,真实WebGL近/远可辨；细体素与PBR、光照和轮廓验收；资源按所有权释放；代码存在不等于美术合格
LIFE-049,茶具壶及杯组合,厨房卫浴,基础组件,居住/家务/美食/水电卫生,缺失待制,目标：提示词.md；对应系统存在不表示实体资产存在,程序精细体素+材质，复杂视觉件可选Tripo,米单位/+Y向上；物理占用与安装接口0.2m网格；共享FloorPlan/真实支撑；保留门洞、楼梯孔、.35m身体/1.72m眼高和功能点净空；水电接头/柜门/可用点要实际接入；当前未核出生产中完整厨房卫浴mesh,LIFE-049,尺寸/配色按同母版参数派生，不重复计算独立模型,真实WebGL近/远可辨；细体素与PBR、光照和轮廓验收；资源按所有权释放；代码存在不等于美术合格
LIFE-050,洗面台柜体,厨房卫浴,基础组件,居住/家务/美食/水电卫生,缺失待制,目标：提示词.md；对应系统存在不表示实体资产存在,程序精细体素+材质，复杂视觉件可选Tripo,米单位/+Y向上；物理占用与安装接口0.2m网格；共享FloorPlan/真实支撑；保留门洞、楼梯孔、.35m身体/1.72m眼高和功能点净空；水电接头/柜门/可用点要实际接入；当前未核出生产中完整厨房卫浴mesh,LIFE-050,尺寸/配色按同母版参数派生，不重复计算独立模型,真实WebGL近/远可辨；细体素与PBR、光照和轮廓验收；资源按所有权释放；代码存在不等于美术合格
LIFE-051,洗面盆及龙头,厨房卫浴,基础组件,居住/家务/美食/水电卫生,缺失待制,目标：提示词.md；对应系统存在不表示实体资产存在,程序精细体素+材质，复杂视觉件可选Tripo,米单位/+Y向上；物理占用与安装接口0.2m网格；共享FloorPlan/真实支撑；保留门洞、楼梯孔、.35m身体/1.72m眼高和功能点净空；水电接头/柜门/可用点要实际接入；当前未核出生产中完整厨房卫浴mesh,LIFE-051,尺寸/配色按同母版参数派生，不重复计算独立模型,真实WebGL近/远可辨；细体素与PBR、光照和轮廓验收；资源按所有权释放；代码存在不等于美术合格
LIFE-052,卫生间坐便器,厨房卫浴,基础组件,居住/家务/美食/水电卫生,缺失待制,目标：提示词.md；对应系统存在不表示实体资产存在,程序精细体素+材质，复杂视觉件可选Tripo,米单位/+Y向上；物理占用与安装接口0.2m网格；共享FloorPlan/真实支撑；保留门洞、楼梯孔、.35m身体/1.72m眼高和功能点净空；水电接头/柜门/可用点要实际接入；当前未核出生产中完整厨房卫浴mesh,LIFE-052,尺寸/配色按同母版参数派生，不重复计算独立模型,真实WebGL近/远可辨；细体素与PBR、光照和轮廓验收；资源按所有权释放；代码存在不等于美术合格
LIFE-053,淋浴/浴缸盆体,厨房卫浴,基础组件,居住/家务/美食/水电卫生,缺失待制,目标：提示词.md；对应系统存在不表示实体资产存在,程序精细体素+材质，复杂视觉件可选Tripo,米单位/+Y向上；物理占用与安装接口0.2m网格；共享FloorPlan/真实支撑；保留门洞、楼梯孔、.35m身体/1.72m眼高和功能点净空；水电接头/柜门/可用点要实际接入；当前未核出生产中完整厨房卫浴mesh,LIFE-053,尺寸/配色按同母版参数派生，不重复计算独立模型,真实WebGL近/远可辨；细体素与PBR、光照和轮廓验收；资源按所有权释放；代码存在不等于美术合格
LIFE-054,淋浴隔屏,厨房卫浴,基础组件,居住/家务/美食/水电卫生,缺失待制,目标：提示词.md；对应系统存在不表示实体资产存在,程序精细体素+材质，复杂视觉件可选Tripo,米单位/+Y向上；物理占用与安装接口0.2m网格；共享FloorPlan/真实支撑；保留门洞、楼梯孔、.35m身体/1.72m眼高和功能点净空；水电接头/柜门/可用点要实际接入；当前未核出生产中完整厨房卫浴mesh,LIFE-054,尺寸/配色按同母版参数派生，不重复计算独立模型,真实WebGL近/远可辨；细体素与PBR、光照和轮廓验收；资源按所有权释放；代码存在不等于美术合格
LIFE-055,卫生间壁镜,厨房卫浴,基础组件,居住/家务/美食/水电卫生,缺失待制,目标：提示词.md；对应系统存在不表示实体资产存在,程序精细体素+材质，复杂视觉件可选Tripo,米单位/+Y向上；物理占用与安装接口0.2m网格；共享FloorPlan/真实支撑；保留门洞、楼梯孔、.35m身体/1.72m眼高和功能点净空；水电接头/柜门/可用点要实际接入；当前未核出生产中完整厨房卫浴mesh,LIFE-055,尺寸/配色按同母版参数派生，不重复计算独立模型,真实WebGL近/远可辨；细体素与PBR、光照和轮廓验收；资源按所有权释放；代码存在不等于美术合格
LIFE-056,给排水接头与阀门,厨房卫浴,基础组件,居住/家务/美食/水电卫生,缺失待制,目标：提示词.md；对应系统存在不表示实体资产存在,程序精细体素+材质，复杂视觉件可选Tripo,米单位/+Y向上；物理占用与安装接口0.2m网格；共享FloorPlan/真实支撑；保留门洞、楼梯孔、.35m身体/1.72m眼高和功能点净空；水电接头/柜门/可用点要实际接入；当前未核出生产中完整厨房卫浴mesh,LIFE-056,尺寸/配色按同母版参数派生，不重复计算独立模型,真实WebGL近/远可辨；细体素与PBR、光照和轮廓验收；资源按所有权释放；代码存在不等于美术合格
LIFE-057,毛巾挂架,厨房卫浴,基础组件,居住/家务/美食/水电卫生,缺失待制,目标：提示词.md；对应系统存在不表示实体资产存在,程序精细体素+材质，复杂视觉件可选Tripo,米单位/+Y向上；物理占用与安装接口0.2m网格；共享FloorPlan/真实支撑；保留门洞、楼梯孔、.35m身体/1.72m眼高和功能点净空；水电接头/柜门/可用点要实际接入；当前未核出生产中完整厨房卫浴mesh,LIFE-057,尺寸/配色按同母版参数派生，不重复计算独立模型,真实WebGL近/远可辨；细体素与PBR、光照和轮廓验收；资源按所有权释放；代码存在不等于美术合格
LIFE-058,住宅卧室配置,房间配置,组合模板,房间配置,缺失待制,目标：提示词.md；对应系统存在不表示实体资产存在,共享房间布局+组件组合,米单位/+Y向上；物理占用与安装接口0.2m网格；共享FloorPlan/真实支撑；保留门洞、楼梯孔、.35m身体/1.72m眼高和功能点净空；依赖：住宅床架/床垫/寝具/收纳/床侧使用点,LIFE-058,由真实房间和日常系统约束组合，不把每次摆放算整栋母版,真实WebGL近/远可辨；细体素与PBR、光照和轮廓验收；资源按所有权释放；代码存在不等于美术合格
LIFE-059,住宅起居室配置,房间配置,组合模板,房间配置,缺失待制,目标：提示词.md；对应系统存在不表示实体资产存在,共享房间布局+组件组合,米单位/+Y向上；物理占用与安装接口0.2m网格；共享FloorPlan/真实支撑；保留门洞、楼梯孔、.35m身体/1.72m眼高和功能点净空；依赖：沙发/茶几/灯/显示器按可选功能配置,LIFE-059,由真实房间和日常系统约束组合，不把每次摆放算整栋母版,真实WebGL近/远可辨；细体素与PBR、光照和轮廓验收；资源按所有权释放；代码存在不等于美术合格
LIFE-060,住宅办公角配置,房间配置,组合模板,房间配置,缺失待制,目标：提示词.md；对应系统存在不表示实体资产存在,共享房间布局+组件组合,米单位/+Y向上；物理占用与安装接口0.2m网格；共享FloorPlan/真实支撑；保留门洞、楼梯孔、.35m身体/1.72m眼高和功能点净空；依赖：办公桌/椅/显示器/插座/学习实际分钟,LIFE-060,由真实房间和日常系统约束组合，不把每次摆放算整栋母版,真实WebGL近/远可辨；细体素与PBR、光照和轮廓验收；资源按所有权释放；代码存在不等于美术合格
LIFE-061,住宅餐厨配置,房间配置,组合模板,房间配置,缺失待制,目标：提示词.md；对应系统存在不表示实体资产存在,共享房间布局+组件组合,米单位/+Y向上；物理占用与安装接口0.2m网格；共享FloorPlan/真实支撑；保留门洞、楼梯孔、.35m身体/1.72m眼高和功能点净空；依赖：厨房操作台/灶/水槽/餐桌椅/粮食库存,LIFE-061,由真实房间和日常系统约束组合，不把每次摆放算整栋母版,真实WebGL近/远可辨；细体素与PBR、光照和轮廓验收；资源按所有权释放；代码存在不等于美术合格
LIFE-062,住宅卫生间配置,房间配置,组合模板,房间配置,缺失待制,目标：提示词.md；对应系统存在不表示实体资产存在,共享房间布局+组件组合,米单位/+Y向上；物理占用与安装接口0.2m网格；共享FloorPlan/真实支撑；保留门洞、楼梯孔、.35m身体/1.72m眼高和功能点净空；依赖：洗面/厕/淋浴/排水/隐私门,LIFE-062,由真实房间和日常系统约束组合，不把每次摆放算整栋母版,真实WebGL近/远可辨；细体素与PBR、光照和轮廓验收；资源按所有权释放；代码存在不等于美术合格
LIFE-063,家庭共享储物配置,房间配置,组合模板,房间配置,缺失待制,目标：提示词.md；对应系统存在不表示实体资产存在,共享房间布局+组件组合,米单位/+Y向上；物理占用与安装接口0.2m网格；共享FloorPlan/真实支撑；保留门洞、楼梯孔、.35m身体/1.72m眼高和功能点净空；依赖：储物柜/权威家庭库存/物品所有权,LIFE-063,由真实房间和日常系统约束组合，不把每次摆放算整栋母版,真实WebGL近/远可辨；细体素与PBR、光照和轮廓验收；资源按所有权释放；代码存在不等于美术合格
LIFE-064,商铺公共售货柜台,商业物流,基础组件,商业物流,已集成代码生成,src/site-fixtures.ts:17–44；src/architecture-floor-plan.ts:94–113；src/rendering/architecture-bodies.ts:99–111,程序体素/真实fixture,米单位/+Y向上；物理占用与安装接口0.2m网格；共享FloorPlan/真实支撑；保留门洞、楼梯孔、.35m身体/1.72m眼高和功能点净空；实际柜台3.2×1×1.2m；绑定已有shop/site，不新增库存现金,LIFE-064,尺寸/配色按同母版参数派生，不重复计算独立模型,真实WebGL近/远可辨；细体素与PBR、光照和轮廓验收；资源按所有权释放；代码存在不等于美术合格
LIFE-065,实际库存食品陈列通用单元,商业物流,基础组件,商业物流,已集成代码生成,src/rendering/market-goods.ts:13–45；src/site-fixtures.ts:67–69,单InstancedMesh程序体素,绑定真实shop.open/inventory与近区驻留；0.4×0.2×0.4m；最多8样品，数量/隐藏不改变库存,LIFE-065,尺寸/配色按同母版参数派生，不重复计算独立模型,关店/缺货/卸载撤除；与实际购买扣库存一致；当前方块样品外观待升级
LIFE-066,商铺货架框架,商业物流,基础组件,商业物流,缺失待制,目标：提示词.md；对应系统存在不表示实体资产存在,程序精细体素+材质，复杂视觉件可选Tripo,米单位/+Y向上；物理占用与安装接口0.2m网格；共享FloorPlan/真实支撑；保留门洞、楼梯孔、.35m身体/1.72m眼高和功能点净空；货物可视件读取真实货主/FIFO lot/数量；装卸接真实车辆节点与工时，无资产自发产生资源,LIFE-066,尺寸/配色按同母版参数派生，不重复计算独立模型,真实WebGL近/远可辨；细体素与PBR、光照和轮廓验收；资源按所有权释放；代码存在不等于美术合格
LIFE-067,商铺抽屉与储物格,商业物流,基础组件,商业物流,缺失待制,目标：提示词.md；对应系统存在不表示实体资产存在,程序精细体素+材质，复杂视觉件可选Tripo,米单位/+Y向上；物理占用与安装接口0.2m网格；共享FloorPlan/真实支撑；保留门洞、楼梯孔、.35m身体/1.72m眼高和功能点净空；货物可视件读取真实货主/FIFO lot/数量；装卸接真实车辆节点与工时，无资产自发产生资源,LIFE-067,尺寸/配色按同母版参数派生，不重复计算独立模型,真实WebGL近/远可辨；细体素与PBR、光照和轮廓验收；资源按所有权释放；代码存在不等于美术合格
LIFE-068,货架价格签槽,商业物流,基础组件,商业物流,缺失待制,目标：提示词.md；对应系统存在不表示实体资产存在,程序精细体素+材质，复杂视觉件可选Tripo,米单位/+Y向上；物理占用与安装接口0.2m网格；共享FloorPlan/真实支撑；保留门洞、楼梯孔、.35m身体/1.72m眼高和功能点净空；货物可视件读取真实货主/FIFO lot/数量；装卸接真实车辆节点与工时，无资产自发产生资源,LIFE-068,尺寸/配色按同母版参数派生，不重复计算独立模型,真实WebGL近/远可辨；细体素与PBR、光照和轮廓验收；资源按所有权释放；代码存在不等于美术合格
LIFE-069,空展示盘与篮筐,商业物流,基础组件,商业物流,缺失待制,目标：提示词.md；对应系统存在不表示实体资产存在,程序精细体素+材质，复杂视觉件可选Tripo,米单位/+Y向上；物理占用与安装接口0.2m网格；共享FloorPlan/真实支撑；保留门洞、楼梯孔、.35m身体/1.72m眼高和功能点净空；货物可视件读取真实货主/FIFO lot/数量；装卸接真实车辆节点与工时，无资产自发产生资源,LIFE-069,尺寸/配色按同母版参数派生，不重复计算独立模型,真实WebGL近/远可辨；细体素与PBR、光照和轮廓验收；资源按所有权释放；代码存在不等于美术合格
LIFE-070,布幔及棚面,商业物流,基础组件,商业物流,缺失待制,目标：提示词.md；对应系统存在不表示实体资产存在,程序精细体素+材质，复杂视觉件可选Tripo,米单位/+Y向上；物理占用与安装接口0.2m网格；共享FloorPlan/真实支撑；保留门洞、楼梯孔、.35m身体/1.72m眼高和功能点净空；货物可视件读取真实货主/FIFO lot/数量；装卸接真实车辆节点与工时，无资产自发产生资源,LIFE-070,尺寸/配色按同母版参数派生，不重复计算独立模型,真实WebGL近/远可辨；细体素与PBR、光照和轮廓验收；资源按所有权释放；代码存在不等于美术合格
LIFE-071,杂货包装箱,商业物流,基础组件,商业物流,缺失待制,目标：提示词.md；对应系统存在不表示实体资产存在,程序精细体素+材质，复杂视觉件可选Tripo,米单位/+Y向上；物理占用与安装接口0.2m网格；共享FloorPlan/真实支撑；保留门洞、楼梯孔、.35m身体/1.72m眼高和功能点净空；货物可视件读取真实货主/FIFO lot/数量；装卸接真实车辆节点与工时，无资产自发产生资源,LIFE-071,尺寸/配色按同母版参数派生，不重复计算独立模型,真实WebGL近/远可辨；细体素与PBR、光照和轮廓验收；资源按所有权释放；代码存在不等于美术合格
LIFE-072,仓储货箱,商业物流,基础组件,商业物流,缺失待制,目标：提示词.md；对应系统存在不表示实体资产存在,程序精细体素+材质，复杂视觉件可选Tripo,米单位/+Y向上；物理占用与安装接口0.2m网格；共享FloorPlan/真实支撑；保留门洞、楼梯孔、.35m身体/1.72m眼高和功能点净空；货物可视件读取真实货主/FIFO lot/数量；装卸接真实车辆节点与工时，无资产自发产生资源,LIFE-072,尺寸/配色按同母版参数派生，不重复计算独立模型,真实WebGL近/远可辨；细体素与PBR、光照和轮廓验收；资源按所有权释放；代码存在不等于美术合格
LIFE-073,货箱封条与编码板,商业物流,基础组件,商业物流,缺失待制,目标：提示词.md；对应系统存在不表示实体资产存在,程序精细体素+材质，复杂视觉件可选Tripo,米单位/+Y向上；物理占用与安装接口0.2m网格；共享FloorPlan/真实支撑；保留门洞、楼梯孔、.35m身体/1.72m眼高和功能点净空；货物可视件读取真实货主/FIFO lot/数量；装卸接真实车辆节点与工时，无资产自发产生资源,LIFE-073,尺寸/配色按同母版参数派生，不重复计算独立模型,真实WebGL近/远可辨；细体素与PBR、光照和轮廓验收；资源按所有权释放；代码存在不等于美术合格
LIFE-074,可回收袋筐,商业物流,基础组件,商业物流,缺失待制,目标：提示词.md；对应系统存在不表示实体资产存在,程序精细体素+材质，复杂视觉件可选Tripo,米单位/+Y向上；物理占用与安装接口0.2m网格；共享FloorPlan/真实支撑；保留门洞、楼梯孔、.35m身体/1.72m眼高和功能点净空；货物可视件读取真实货主/FIFO lot/数量；装卸接真实车辆节点与工时，无资产自发产生资源,LIFE-074,尺寸/配色按同母版参数派生，不重复计算独立模型,真实WebGL近/远可辨；细体素与PBR、光照和轮廓验收；资源按所有权释放；代码存在不等于美术合格
LIFE-075,货运托盘,商业物流,基础组件,商业物流,缺失待制,目标：提示词.md；对应系统存在不表示实体资产存在,程序精细体素+材质，复杂视觉件可选Tripo,米单位/+Y向上；物理占用与安装接口0.2m网格；共享FloorPlan/真实支撑；保留门洞、楼梯孔、.35m身体/1.72m眼高和功能点净空；货物可视件读取真实货主/FIFO lot/数量；装卸接真实车辆节点与工时，无资产自发产生资源,LIFE-075,尺寸/配色按同母版参数派生，不重复计算独立模型,真实WebGL近/远可辨；细体素与PBR、光照和轮廓验收；资源按所有权释放；代码存在不等于美术合格
LIFE-076,托盘货物固定带,商业物流,基础组件,商业物流,缺失待制,目标：提示词.md；对应系统存在不表示实体资产存在,程序精细体素+材质，复杂视觉件可选Tripo,米单位/+Y向上；物理占用与安装接口0.2m网格；共享FloorPlan/真实支撑；保留门洞、楼梯孔、.35m身体/1.72m眼高和功能点净空；货物可视件读取真实货主/FIFO lot/数量；装卸接真实车辆节点与工时，无资产自发产生资源,LIFE-076,尺寸/配色按同母版参数派生，不重复计算独立模型,真实WebGL近/远可辨；细体素与PBR、光照和轮廓验收；资源按所有权释放；代码存在不等于美术合格
LIFE-077,仓储货架梁柱,商业物流,基础组件,商业物流,缺失待制,目标：提示词.md；对应系统存在不表示实体资产存在,程序精细体素+材质，复杂视觉件可选Tripo,米单位/+Y向上；物理占用与安装接口0.2m网格；共享FloorPlan/真实支撑；保留门洞、楼梯孔、.35m身体/1.72m眼高和功能点净空；货物可视件读取真实货主/FIFO lot/数量；装卸接真实车辆节点与工时，无资产自发产生资源,LIFE-077,尺寸/配色按同母版参数派生，不重复计算独立模型,真实WebGL近/远可辨；细体素与PBR、光照和轮廓验收；资源按所有权释放；代码存在不等于美术合格
LIFE-078,输送带传输单元,商业物流,基础组件,商业物流,缺失待制,目标：提示词.md；对应系统存在不表示实体资产存在,程序精细体素+材质，复杂视觉件可选Tripo,米单位/+Y向上；物理占用与安装接口0.2m网格；共享FloorPlan/真实支撑；保留门洞、楼梯孔、.35m身体/1.72m眼高和功能点净空；货物可视件读取真实货主/FIFO lot/数量；装卸接真实车辆节点与工时，无资产自发产生资源,LIFE-078,尺寸/配色按同母版参数派生，不重复计算独立模型,真实WebGL近/远可辨；细体素与PBR、光照和轮廓验收；资源按所有权释放；代码存在不等于美术合格
LIFE-079,装卸平台/升降托板,商业物流,基础组件,商业物流,缺失待制,目标：提示词.md；对应系统存在不表示实体资产存在,程序精细体素+材质，复杂视觉件可选Tripo,米单位/+Y向上；物理占用与安装接口0.2m网格；共享FloorPlan/真实支撑；保留门洞、楼梯孔、.35m身体/1.72m眼高和功能点净空；货物可视件读取真实货主/FIFO lot/数量；装卸接真实车辆节点与工时，无资产自发产生资源,LIFE-079,尺寸/配色按同母版参数派生，不重复计算独立模型,真实WebGL近/远可辨；细体素与PBR、光照和轮廓验收；资源按所有权释放；代码存在不等于美术合格
LIFE-080,称量设备与磅秤,商业物流,基础组件,商业物流,缺失待制,目标：提示词.md；对应系统存在不表示实体资产存在,程序精细体素+材质，复杂视觉件可选Tripo,米单位/+Y向上；物理占用与安装接口0.2m网格；共享FloorPlan/真实支撑；保留门洞、楼梯孔、.35m身体/1.72m眼高和功能点净空；货物可视件读取真实货主/FIFO lot/数量；装卸接真实车辆节点与工时，无资产自发产生资源,LIFE-080,尺寸/配色按同母版参数派生，不重复计算独立模型,真实WebGL近/远可辨；细体素与PBR、光照和轮廓验收；资源按所有权释放；代码存在不等于美术合格
LIFE-081,制造工作台,商业物流,基础组件,商业物流,缺失待制,目标：提示词.md；对应系统存在不表示实体资产存在,程序精细体素+材质，复杂视觉件可选Tripo,米单位/+Y向上；物理占用与安装接口0.2m网格；共享FloorPlan/真实支撑；保留门洞、楼梯孔、.35m身体/1.72m眼高和功能点净空；货物可视件读取真实货主/FIFO lot/数量；装卸接真实车辆节点与工时，无资产自发产生资源,LIFE-081,尺寸/配色按同母版参数派生，不重复计算独立模型,真实WebGL近/远可辨；细体素与PBR、光照和轮廓验收；资源按所有权释放；代码存在不等于美术合格
LIFE-082,加工机床外壳,商业物流,基础组件,商业物流,缺失待制,目标：提示词.md；对应系统存在不表示实体资产存在,程序精细体素+材质，复杂视觉件可选Tripo,米单位/+Y向上；物理占用与安装接口0.2m网格；共享FloorPlan/真实支撑；保留门洞、楼梯孔、.35m身体/1.72m眼高和功能点净空；货物可视件读取真实货主/FIFO lot/数量；装卸接真实车辆节点与工时，无资产自发产生资源,LIFE-082,尺寸/配色按同母版参数派生，不重复计算独立模型,真实WebGL近/远可辨；细体素与PBR、光照和轮廓验收；资源按所有权释放；代码存在不等于美术合格
LIFE-083,工坊工具架,商业物流,基础组件,商业物流,缺失待制,目标：提示词.md；对应系统存在不表示实体资产存在,程序精细体素+材质，复杂视觉件可选Tripo,米单位/+Y向上；物理占用与安装接口0.2m网格；共享FloorPlan/真实支撑；保留门洞、楼梯孔、.35m身体/1.72m眼高和功能点净空；货物可视件读取真实货主/FIFO lot/数量；装卸接真实车辆节点与工时，无资产自发产生资源,LIFE-083,尺寸/配色按同母版参数派生，不重复计算独立模型,真实WebGL近/远可辨；细体素与PBR、光照和轮廓验收；资源按所有权释放；代码存在不等于美术合格
LIFE-084,采矿切割设备,商业物流,基础组件,商业物流,缺失待制,目标：提示词.md；对应系统存在不表示实体资产存在,程序精细体素+材质，复杂视觉件可选Tripo,米单位/+Y向上；物理占用与安装接口0.2m网格；共享FloorPlan/真实支撑；保留门洞、楼梯孔、.35m身体/1.72m眼高和功能点净空；货物可视件读取真实货主/FIFO lot/数量；装卸接真实车辆节点与工时，无资产自发产生资源,LIFE-084,尺寸/配色按同母版参数派生，不重复计算独立模型,真实WebGL近/远可辨；细体素与PBR、光照和轮廓验收；资源按所有权释放；代码存在不等于美术合格
LIFE-085,矿石样品/矿料块,商业物流,基础组件,商业物流,缺失待制,目标：提示词.md；对应系统存在不表示实体资产存在,程序精细体素+材质，复杂视觉件可选Tripo,米单位/+Y向上；物理占用与安装接口0.2m网格；共享FloorPlan/真实支撑；保留门洞、楼梯孔、.35m身体/1.72m眼高和功能点净空；货物可视件读取真实货主/FIFO lot/数量；装卸接真实车辆节点与工时，无资产自发产生资源,LIFE-085,尺寸/配色按同母版参数派生，不重复计算独立模型,真实WebGL近/远可辨；细体素与PBR、光照和轮廓验收；资源按所有权释放；代码存在不等于美术合格
LIFE-086,农作物采收容器,商业物流,基础组件,商业物流,缺失待制,目标：提示词.md；对应系统存在不表示实体资产存在,程序精细体素+材质，复杂视觉件可选Tripo,米单位/+Y向上；物理占用与安装接口0.2m网格；共享FloorPlan/真实支撑；保留门洞、楼梯孔、.35m身体/1.72m眼高和功能点净空；货物可视件读取真实货主/FIFO lot/数量；装卸接真实车辆节点与工时，无资产自发产生资源,LIFE-086,尺寸/配色按同母版参数派生，不重复计算独立模型,真实WebGL近/远可辨；细体素与PBR、光照和轮廓验收；资源按所有权释放；代码存在不等于美术合格
LIFE-087,捕鱼网具及捕捞箱,商业物流,基础组件,商业物流,缺失待制,目标：提示词.md；对应系统存在不表示实体资产存在,程序精细体素+材质，复杂视觉件可选Tripo,米单位/+Y向上；物理占用与安装接口0.2m网格；共享FloorPlan/真实支撑；保留门洞、楼梯孔、.35m身体/1.72m眼高和功能点净空；货物可视件读取真实货主/FIFO lot/数量；装卸接真实车辆节点与工时，无资产自发产生资源,LIFE-087,尺寸/配色按同母版参数派生，不重复计算独立模型,真实WebGL近/远可辨；细体素与PBR、光照和轮廓验收；资源按所有权释放；代码存在不等于美术合格
LIFE-088,冷链货箱,商业物流,基础组件,商业物流,缺失待制,目标：提示词.md；对应系统存在不表示实体资产存在,程序精细体素+材质，复杂视觉件可选Tripo,米单位/+Y向上；物理占用与安装接口0.2m网格；共享FloorPlan/真实支撑；保留门洞、楼梯孔、.35m身体/1.72m眼高和功能点净空；货物可视件读取真实货主/FIFO lot/数量；装卸接真实车辆节点与工时，无资产自发产生资源,LIFE-088,尺寸/配色按同母版参数派生，不重复计算独立模型,真实WebGL近/远可辨；细体素与PBR、光照和轮廓验收；资源按所有权释放；代码存在不等于美术合格
LIFE-089,公司金融终端,商业物流,基础组件,商业物流,缺失待制,目标：提示词.md；对应系统存在不表示实体资产存在,程序精细体素+材质，复杂视觉件可选Tripo,米单位/+Y向上；物理占用与安装接口0.2m网格；共享FloorPlan/真实支撑；保留门洞、楼梯孔、.35m身体/1.72m眼高和功能点净空；货物可视件读取真实货主/FIFO lot/数量；装卸接真实车辆节点与工时，无资产自发产生资源,LIFE-089,尺寸/配色按同母版参数派生，不重复计算独立模型,真实WebGL近/远可辨；细体素与PBR、光照和轮廓验收；资源按所有权释放；代码存在不等于美术合格
LIFE-090,银行办理柜台屏,商业物流,基础组件,商业物流,缺失待制,目标：提示词.md；对应系统存在不表示实体资产存在,程序精细体素+材质，复杂视觉件可选Tripo,米单位/+Y向上；物理占用与安装接口0.2m网格；共享FloorPlan/真实支撑；保留门洞、楼梯孔、.35m身体/1.72m眼高和功能点净空；货物可视件读取真实货主/FIFO lot/数量；装卸接真实车辆节点与工时，无资产自发产生资源,LIFE-090,尺寸/配色按同母版参数派生，不重复计算独立模型,真实WebGL近/远可辨；细体素与PBR、光照和轮廓验收；资源按所有权释放；代码存在不等于美术合格
LIFE-091,货物取交签收终端,商业物流,基础组件,商业物流,缺失待制,目标：提示词.md；对应系统存在不表示实体资产存在,程序精细体素+材质，复杂视觉件可选Tripo,米单位/+Y向上；物理占用与安装接口0.2m网格；共享FloorPlan/真实支撑；保留门洞、楼梯孔、.35m身体/1.72m眼高和功能点净空；货物可视件读取真实货主/FIFO lot/数量；装卸接真实车辆节点与工时，无资产自发产生资源,LIFE-091,尺寸/配色按同母版参数派生，不重复计算独立模型,真实WebGL近/远可辨；细体素与PBR、光照和轮廓验收；资源按所有权释放；代码存在不等于美术合格
LIFE-092,谷物原料视觉母版,食物物料,基础组件,食物物料,缺失待制,src/simulation/extensions.ts:9–12；src/simulation/trade.ts；src/simulation/clinical.ts；当前库存数据不是对应详模,程序精细体素+材质，复杂视觉件可选Tripo,容器/货架/背包视觉引用真实commodity/owner/FIFO；不生成额外库存，不能同食物和工业料混账,LIFE-092,尺寸/配色按同母版参数派生，不重复计算独立模型,真实WebGL近/远可辨；细体素与PBR、光照和轮廓验收；资源按所有权释放；代码存在不等于美术合格
LIFE-093,蔬菜原料视觉母版,食物物料,基础组件,食物物料,缺失待制,src/simulation/extensions.ts:9–12；src/simulation/trade.ts；src/simulation/clinical.ts；当前库存数据不是对应详模,程序精细体素+材质，复杂视觉件可选Tripo,容器/货架/背包视觉引用真实commodity/owner/FIFO；不生成额外库存，不能同食物和工业料混账,LIFE-093,尺寸/配色按同母版参数派生，不重复计算独立模型,真实WebGL近/远可辨；细体素与PBR、光照和轮廓验收；资源按所有权释放；代码存在不等于美术合格
LIFE-094,鱼类食材视觉母版,食物物料,基础组件,食物物料,缺失待制,src/simulation/extensions.ts:9–12；src/simulation/trade.ts；src/simulation/clinical.ts；当前库存数据不是对应详模,程序精细体素+材质，复杂视觉件可选Tripo,容器/货架/背包视觉引用真实commodity/owner/FIFO；不生成额外库存，不能同食物和工业料混账,LIFE-094,尺寸/配色按同母版参数派生，不重复计算独立模型,真实WebGL近/远可辨；细体素与PBR、光照和轮廓验收；资源按所有权释放；代码存在不等于美术合格
LIFE-095,工业服务材料包装,食物物料,基础组件,食物物料,缺失待制,src/simulation/extensions.ts:9–12；src/simulation/trade.ts；src/simulation/clinical.ts；当前库存数据不是对应详模,程序精细体素+材质，复杂视觉件可选Tripo,容器/货架/背包视觉引用真实commodity/owner/FIFO；不生成额外库存，不能同食物和工业料混账,LIFE-095,尺寸/配色按同母版参数派生，不重复计算独立模型,真实WebGL近/远可辨；细体素与PBR、光照和轮廓验收；资源按所有权释放；代码存在不等于美术合格
LIFE-096,药材及药品包装,食物物料,基础组件,食物物料,缺失待制,src/simulation/extensions.ts:9–12；src/simulation/trade.ts；src/simulation/clinical.ts；当前库存数据不是对应详模,程序精细体素+材质，复杂视觉件可选Tripo,容器/货架/背包视觉引用真实commodity/owner/FIFO；不生成额外库存，不能同食物和工业料混账,LIFE-096,尺寸/配色按同母版参数派生，不重复计算独立模型,真实WebGL近/远可辨；细体素与PBR、光照和轮廓验收；资源按所有权释放；代码存在不等于美术合格
LIFE-097,山居菜饭菜品陈列,美食,组合模板,美食,缺失待制,"src/simulation/extensions.ts:9–12,173,386–398：配方/耗料/完工/食用已有，独立菜品mesh待制",共用碗盘+可替换菜品视觉组合,读取真实dish:rice与烹饪完成时间；未完工/已消费撤除,LIFE-097,质量/摆盘为配方视觉变体，不当新食物数量,真实WebGL近/远可辨；细体素与PBR、光照和轮廓验收；资源按所有权释放；代码存在不等于美术合格
LIFE-098,清溪鱼汤菜品陈列,美食,组合模板,美食,缺失待制,"src/simulation/extensions.ts:9–12,173,386–398：配方/耗料/完工/食用已有，独立菜品mesh待制",共用碗盘+可替换菜品视觉组合,读取真实dish:fishSoup与烹饪完成时间；未完工/已消费撤除,LIFE-098,质量/摆盘为配方视觉变体，不当新食物数量,真实WebGL近/远可辨；细体素与PBR、光照和轮廓验收；资源按所有权释放；代码存在不等于美术合格
LIFE-099,云山团圆宴菜品陈列,美食,组合模板,美食,缺失待制,"src/simulation/extensions.ts:9–12,173,386–398：配方/耗料/完工/食用已有，独立菜品mesh待制",共用碗盘+可替换菜品视觉组合,读取真实dish:festivalMeal与烹饪完成时间；未完工/已消费撤除,LIFE-099,质量/摆盘为配方视觉变体，不当新食物数量,真实WebGL近/远可辨；细体素与PBR、光照和轮廓验收；资源按所有权释放；代码存在不等于美术合格
LIFE-100,市场摊铺配置,商业空间配置,组合模板,商业空间配置,缺失待制,目标：提示词.md；所列经济系统有数据，不代表完整配置资产已完成,组合配置,米单位/+Y向上；物理占用与安装接口0.2m网格；共享FloorPlan/真实支撑；保留门洞、楼梯孔、.35m身体/1.72m眼高和功能点净空；依赖：售货柜台/货架/价格签/库存陈列,LIFE-100,尺寸/配色按同母版参数派生，不重复计算独立模型,真实WebGL近/远可辨；细体素与PBR、光照和轮廓验收；资源按所有权释放；代码存在不等于美术合格
LIFE-101,零售商店配置,商业空间配置,组合模板,商业空间配置,缺失待制,目标：提示词.md；所列经济系统有数据，不代表完整配置资产已完成,组合配置,米单位/+Y向上；物理占用与安装接口0.2m网格；共享FloorPlan/真实支撑；保留门洞、楼梯孔、.35m身体/1.72m眼高和功能点净空；依赖：货架/办理台/真实sale点/营业状态,LIFE-101,尺寸/配色按同母版参数派生，不重复计算独立模型,真实WebGL近/远可辨；细体素与PBR、光照和轮廓验收；资源按所有权释放；代码存在不等于美术合格
LIFE-102,餐馆厨房配置,商业空间配置,组合模板,商业空间配置,缺失待制,目标：提示词.md；所列经济系统有数据，不代表完整配置资产已完成,组合配置,米单位/+Y向上；物理占用与安装接口0.2m网格；共享FloorPlan/真实支撑；保留门洞、楼梯孔、.35m身体/1.72m眼高和功能点净空；依赖：厨房/餐桌椅/真实厨师和烹饪订单,LIFE-102,尺寸/配色按同母版参数派生，不重复计算独立模型,真实WebGL近/远可辨；细体素与PBR、光照和轮廓验收；资源按所有权释放；代码存在不等于美术合格
LIFE-103,工坊工位配置,商业空间配置,组合模板,商业空间配置,缺失待制,目标：提示词.md；所列经济系统有数据，不代表完整配置资产已完成,组合配置,米单位/+Y向上；物理占用与安装接口0.2m网格；共享FloorPlan/真实支撑；保留门洞、楼梯孔、.35m身体/1.72m眼高和功能点净空；依赖：工作台/机床/工具/真实work点和到岗,LIFE-103,尺寸/配色按同母版参数派生，不重复计算独立模型,真实WebGL近/远可辨；细体素与PBR、光照和轮廓验收；资源按所有权释放；代码存在不等于美术合格
LIFE-104,仓库货位配置,商业空间配置,组合模板,商业空间配置,缺失待制,目标：提示词.md；所列经济系统有数据，不代表完整配置资产已完成,组合配置,米单位/+Y向上；物理占用与安装接口0.2m网格；共享FloorPlan/真实支撑；保留门洞、楼梯孔、.35m身体/1.72m眼高和功能点净空；依赖：货箱/托盘/lot所有权/装卸路由,LIFE-104,尺寸/配色按同母版参数派生，不重复计算独立模型,真实WebGL近/远可辨；细体素与PBR、光照和轮廓验收；资源按所有权释放；代码存在不等于美术合格
LIFE-105,公共有限粮食柜台配置,商业空间配置,组合模板,商业空间配置,隔离原型未集成,docs/validation/2026-10-02-food-counters/public-counter-natural-and-archive-docscope-03/README.md：续班/历史上限FAIL，不能当稳态完成,组合配置,米单位/+Y向上；物理占用与安装接口0.2m网格；共享FloorPlan/真实支撑；保留门洞、楼梯孔、.35m身体/1.72m眼高和功能点净空；依赖：真实预算/实体库存/服务队列/工资凭证；隔离原型未集成v4,LIFE-105,尺寸/配色按同母版参数派生，不重复计算独立模型,真实WebGL近/远可辨；细体素与PBR、光照和轮廓验收；资源按所有权释放；代码存在不等于美术合格
LIFE-106,书册母版,教育科研医疗,基础组件,教育科研医疗,缺失待制,src/architecture-floor-plan.ts:94–113仅通用桌；src/simulation/culture.ts、clinical.ts与extensions.ts是系统证据，详模缺失,程序精细体素+材质，复杂视觉件可选Tripo,米单位/+Y向上；物理占用与安装接口0.2m网格；共享FloorPlan/真实支撑；保留门洞、楼梯孔、.35m身体/1.72m眼高和功能点净空；教师/科研/医生实际用途点与到岗分钟/材料/钱契约；不得堵病人和付款人位置,LIFE-106,尺寸/配色按同母版参数派生，不重复计算独立模型,真实WebGL近/远可辨；细体素与PBR、光照和轮廓验收；资源按所有权释放；代码存在不等于美术合格
LIFE-107,卷轴/画卷母版,教育科研医疗,基础组件,教育科研医疗,缺失待制,src/architecture-floor-plan.ts:94–113仅通用桌；src/simulation/culture.ts、clinical.ts与extensions.ts是系统证据，详模缺失,程序精细体素+材质，复杂视觉件可选Tripo,米单位/+Y向上；物理占用与安装接口0.2m网格；共享FloorPlan/真实支撑；保留门洞、楼梯孔、.35m身体/1.72m眼高和功能点净空；教师/科研/医生实际用途点与到岗分钟/材料/钱契约；不得堵病人和付款人位置,LIFE-107,尺寸/配色按同母版参数派生，不重复计算独立模型,真实WebGL近/远可辨；细体素与PBR、光照和轮廓验收；资源按所有权释放；代码存在不等于美术合格
LIFE-108,书架书柜,教育科研医疗,基础组件,教育科研医疗,缺失待制,src/architecture-floor-plan.ts:94–113仅通用桌；src/simulation/culture.ts、clinical.ts与extensions.ts是系统证据，详模缺失,程序精细体素+材质，复杂视觉件可选Tripo,米单位/+Y向上；物理占用与安装接口0.2m网格；共享FloorPlan/真实支撑；保留门洞、楼梯孔、.35m身体/1.72m眼高和功能点净空；教师/科研/医生实际用途点与到岗分钟/材料/钱契约；不得堵病人和付款人位置,LIFE-108,尺寸/配色按同母版参数派生，不重复计算独立模型,真实WebGL近/远可辨；细体素与PBR、光照和轮廓验收；资源按所有权释放；代码存在不等于美术合格
LIFE-109,讲台,教育科研医疗,基础组件,教育科研医疗,缺失待制,src/architecture-floor-plan.ts:94–113仅通用桌；src/simulation/culture.ts、clinical.ts与extensions.ts是系统证据，详模缺失,程序精细体素+材质，复杂视觉件可选Tripo,米单位/+Y向上；物理占用与安装接口0.2m网格；共享FloorPlan/真实支撑；保留门洞、楼梯孔、.35m身体/1.72m眼高和功能点净空；教师/科研/医生实际用途点与到岗分钟/材料/钱契约；不得堵病人和付款人位置,LIFE-109,尺寸/配色按同母版参数派生，不重复计算独立模型,真实WebGL近/远可辨；细体素与PBR、光照和轮廓验收；资源按所有权释放；代码存在不等于美术合格
LIFE-110,黑板/教学屏,教育科研医疗,基础组件,教育科研医疗,缺失待制,src/architecture-floor-plan.ts:94–113仅通用桌；src/simulation/culture.ts、clinical.ts与extensions.ts是系统证据，详模缺失,程序精细体素+材质，复杂视觉件可选Tripo,米单位/+Y向上；物理占用与安装接口0.2m网格；共享FloorPlan/真实支撑；保留门洞、楼梯孔、.35m身体/1.72m眼高和功能点净空；教师/科研/医生实际用途点与到岗分钟/材料/钱契约；不得堵病人和付款人位置,LIFE-110,尺寸/配色按同母版参数派生，不重复计算独立模型,真实WebGL近/远可辨；细体素与PBR、光照和轮廓验收；资源按所有权释放；代码存在不等于美术合格
LIFE-111,教室桌椅排布接口,教育科研医疗,基础组件,教育科研医疗,缺失待制,src/architecture-floor-plan.ts:94–113仅通用桌；src/simulation/culture.ts、clinical.ts与extensions.ts是系统证据，详模缺失,程序精细体素+材质，复杂视觉件可选Tripo,米单位/+Y向上；物理占用与安装接口0.2m网格；共享FloorPlan/真实支撑；保留门洞、楼梯孔、.35m身体/1.72m眼高和功能点净空；教师/科研/医生实际用途点与到岗分钟/材料/钱契约；不得堵病人和付款人位置,LIFE-111,尺寸/配色按同母版参数派生，不重复计算独立模型,真实WebGL近/远可辨；细体素与PBR、光照和轮廓验收；资源按所有权释放；代码存在不等于美术合格
LIFE-112,实验台,教育科研医疗,基础组件,教育科研医疗,缺失待制,src/architecture-floor-plan.ts:94–113仅通用桌；src/simulation/culture.ts、clinical.ts与extensions.ts是系统证据，详模缺失,程序精细体素+材质，复杂视觉件可选Tripo,米单位/+Y向上；物理占用与安装接口0.2m网格；共享FloorPlan/真实支撑；保留门洞、楼梯孔、.35m身体/1.72m眼高和功能点净空；教师/科研/医生实际用途点与到岗分钟/材料/钱契约；不得堵病人和付款人位置,LIFE-112,尺寸/配色按同母版参数派生，不重复计算独立模型,真实WebGL近/远可辨；细体素与PBR、光照和轮廓验收；资源按所有权释放；代码存在不等于美术合格
LIFE-113,实验仪器外壳,教育科研医疗,基础组件,教育科研医疗,缺失待制,src/architecture-floor-plan.ts:94–113仅通用桌；src/simulation/culture.ts、clinical.ts与extensions.ts是系统证据，详模缺失,程序精细体素+材质，复杂视觉件可选Tripo,米单位/+Y向上；物理占用与安装接口0.2m网格；共享FloorPlan/真实支撑；保留门洞、楼梯孔、.35m身体/1.72m眼高和功能点净空；教师/科研/医生实际用途点与到岗分钟/材料/钱契约；不得堵病人和付款人位置,LIFE-113,尺寸/配色按同母版参数派生，不重复计算独立模型,真实WebGL近/远可辨；细体素与PBR、光照和轮廓验收；资源按所有权释放；代码存在不等于美术合格
LIFE-114,显微观察设备,教育科研医疗,基础组件,教育科研医疗,缺失待制,src/architecture-floor-plan.ts:94–113仅通用桌；src/simulation/culture.ts、clinical.ts与extensions.ts是系统证据，详模缺失,程序精细体素+材质，复杂视觉件可选Tripo,米单位/+Y向上；物理占用与安装接口0.2m网格；共享FloorPlan/真实支撑；保留门洞、楼梯孔、.35m身体/1.72m眼高和功能点净空；教师/科研/医生实际用途点与到岗分钟/材料/钱契约；不得堵病人和付款人位置,LIFE-114,尺寸/配色按同母版参数派生，不重复计算独立模型,真实WebGL近/远可辨；细体素与PBR、光照和轮廓验收；资源按所有权释放；代码存在不等于美术合格
LIFE-115,研究样品容器,教育科研医疗,基础组件,教育科研医疗,缺失待制,src/architecture-floor-plan.ts:94–113仅通用桌；src/simulation/culture.ts、clinical.ts与extensions.ts是系统证据，详模缺失,程序精细体素+材质，复杂视觉件可选Tripo,米单位/+Y向上；物理占用与安装接口0.2m网格；共享FloorPlan/真实支撑；保留门洞、楼梯孔、.35m身体/1.72m眼高和功能点净空；教师/科研/医生实际用途点与到岗分钟/材料/钱契约；不得堵病人和付款人位置,LIFE-115,尺寸/配色按同母版参数派生，不重复计算独立模型,真实WebGL近/远可辨；细体素与PBR、光照和轮廓验收；资源按所有权释放；代码存在不等于美术合格
LIFE-116,科研资料柜,教育科研医疗,基础组件,教育科研医疗,缺失待制,src/architecture-floor-plan.ts:94–113仅通用桌；src/simulation/culture.ts、clinical.ts与extensions.ts是系统证据，详模缺失,程序精细体素+材质，复杂视觉件可选Tripo,米单位/+Y向上；物理占用与安装接口0.2m网格；共享FloorPlan/真实支撑；保留门洞、楼梯孔、.35m身体/1.72m眼高和功能点净空；教师/科研/医生实际用途点与到岗分钟/材料/钱契约；不得堵病人和付款人位置,LIFE-116,尺寸/配色按同母版参数派生，不重复计算独立模型,真实WebGL近/远可辨；细体素与PBR、光照和轮廓验收；资源按所有权释放；代码存在不等于美术合格
LIFE-117,能源调度控制台,教育科研医疗,基础组件,教育科研医疗,缺失待制,src/architecture-floor-plan.ts:94–113仅通用桌；src/simulation/culture.ts、clinical.ts与extensions.ts是系统证据，详模缺失,程序精细体素+材质，复杂视觉件可选Tripo,米单位/+Y向上；物理占用与安装接口0.2m网格；共享FloorPlan/真实支撑；保留门洞、楼梯孔、.35m身体/1.72m眼高和功能点净空；教师/科研/医生实际用途点与到岗分钟/材料/钱契约；不得堵病人和付款人位置,LIFE-117,尺寸/配色按同母版参数派生，不重复计算独立模型,真实WebGL近/远可辨；细体素与PBR、光照和轮廓验收；资源按所有权释放；代码存在不等于美术合格
LIFE-118,数据/通信机柜,教育科研医疗,基础组件,教育科研医疗,已集成代码生成,src/renderer.ts:424–425（3×4木柜体+cyan前板）；src/world.ts:330、541（core-main及数据楼层用途）；src/world.ts:7、546–550；src/architecture-floor-plan.ts:216–217；src/renderer.ts:279–287；src/rendering/architecture-detail.ts:220–222（current-v4 core-main仍走原路径，数据西翼新body不消费专用机柜）,原near数据用途分支程序体素机柜/面板；current主阁可消费，专用v4翼楼设备挂接与详模待制,米单位/+Y向上；保0.2m物理/编辑格、共享层高/权限/门孔/楼梯孔、.35m身体与1.72m眼高净空；原代码粗几何不等于新功能点已实现；消费实际楼层program/facility/原层高；current core-main数据层保粗机柜，current普通/数据西翼仅通用fixture；真实科研/通讯用途点及运行状态绑定另制,LIFE-118,每命中层3行×4列为12实例，共同粗机柜母版；不按每柜/每数据层计独立模型，不推定设备实际运行,已有程序粗件不是外部GLB/高细度PBR成品；新profile适配、真实几何/用途点一致、近远与昼夜WebGL和普通第一人称验收仍待，不据代码存在宣称美术合格
LIFE-119,医学诊疗器械盘,教育科研医疗,基础组件,教育科研医疗,缺失待制,src/architecture-floor-plan.ts:94–113仅通用桌；src/simulation/culture.ts、clinical.ts与extensions.ts是系统证据，详模缺失,程序精细体素+材质，复杂视觉件可选Tripo,米单位/+Y向上；物理占用与安装接口0.2m网格；共享FloorPlan/真实支撑；保留门洞、楼梯孔、.35m身体/1.72m眼高和功能点净空；教师/科研/医生实际用途点与到岗分钟/材料/钱契约；不得堵病人和付款人位置,LIFE-119,尺寸/配色按同母版参数派生，不重复计算独立模型,真实WebGL近/远可辨；细体素与PBR、光照和轮廓验收；资源按所有权释放；代码存在不等于美术合格
LIFE-120,病床护栏模块,教育科研医疗,基础组件,教育科研医疗,缺失待制,src/architecture-floor-plan.ts:94–113仅通用桌；src/simulation/culture.ts、clinical.ts与extensions.ts是系统证据，详模缺失,程序精细体素+材质，复杂视觉件可选Tripo,米单位/+Y向上；物理占用与安装接口0.2m网格；共享FloorPlan/真实支撑；保留门洞、楼梯孔、.35m身体/1.72m眼高和功能点净空；教师/科研/医生实际用途点与到岗分钟/材料/钱契约；不得堵病人和付款人位置,LIFE-120,尺寸/配色按同母版参数派生，不重复计算独立模型,真实WebGL近/远可辨；细体素与PBR、光照和轮廓验收；资源按所有权释放；代码存在不等于美术合格
LIFE-121,病床医疗面板,教育科研医疗,基础组件,教育科研医疗,缺失待制,src/architecture-floor-plan.ts:94–113仅通用桌；src/simulation/culture.ts、clinical.ts与extensions.ts是系统证据，详模缺失,程序精细体素+材质，复杂视觉件可选Tripo,米单位/+Y向上；物理占用与安装接口0.2m网格；共享FloorPlan/真实支撑；保留门洞、楼梯孔、.35m身体/1.72m眼高和功能点净空；教师/科研/医生实际用途点与到岗分钟/材料/钱契约；不得堵病人和付款人位置,LIFE-121,尺寸/配色按同母版参数派生，不重复计算独立模型,真实WebGL近/远可辨；细体素与PBR、光照和轮廓验收；资源按所有权释放；代码存在不等于美术合格
LIFE-122,检查设备/扫描舱,教育科研医疗,基础组件,教育科研医疗,缺失待制,src/architecture-floor-plan.ts:94–113仅通用桌；src/simulation/culture.ts、clinical.ts与extensions.ts是系统证据，详模缺失,程序精细体素+材质，复杂视觉件可选Tripo,米单位/+Y向上；物理占用与安装接口0.2m网格；共享FloorPlan/真实支撑；保留门洞、楼梯孔、.35m身体/1.72m眼高和功能点净空；教师/科研/医生实际用途点与到岗分钟/材料/钱契约；不得堵病人和付款人位置,LIFE-122,尺寸/配色按同母版参数派生，不重复计算独立模型,真实WebGL近/远可辨；细体素与PBR、光照和轮廓验收；资源按所有权释放；代码存在不等于美术合格
LIFE-123,药柜药屉,教育科研医疗,基础组件,教育科研医疗,缺失待制,src/architecture-floor-plan.ts:94–113仅通用桌；src/simulation/culture.ts、clinical.ts与extensions.ts是系统证据，详模缺失,程序精细体素+材质，复杂视觉件可选Tripo,米单位/+Y向上；物理占用与安装接口0.2m网格；共享FloorPlan/真实支撑；保留门洞、楼梯孔、.35m身体/1.72m眼高和功能点净空；教师/科研/医生实际用途点与到岗分钟/材料/钱契约；不得堵病人和付款人位置,LIFE-123,尺寸/配色按同母版参数派生，不重复计算独立模型,真实WebGL近/远可辨；细体素与PBR、光照和轮廓验收；资源按所有权释放；代码存在不等于美术合格
LIFE-124,输液支架,教育科研医疗,基础组件,教育科研医疗,缺失待制,src/architecture-floor-plan.ts:94–113仅通用桌；src/simulation/culture.ts、clinical.ts与extensions.ts是系统证据，详模缺失,程序精细体素+材质，复杂视觉件可选Tripo,米单位/+Y向上；物理占用与安装接口0.2m网格；共享FloorPlan/真实支撑；保留门洞、楼梯孔、.35m身体/1.72m眼高和功能点净空；教师/科研/医生实际用途点与到岗分钟/材料/钱契约；不得堵病人和付款人位置,LIFE-124,尺寸/配色按同母版参数派生，不重复计算独立模型,真实WebGL近/远可辨；细体素与PBR、光照和轮廓验收；资源按所有权释放；代码存在不等于美术合格
LIFE-125,救护担架,教育科研医疗,基础组件,教育科研医疗,缺失待制,src/architecture-floor-plan.ts:94–113仅通用桌；src/simulation/culture.ts、clinical.ts与extensions.ts是系统证据，详模缺失,程序精细体素+材质，复杂视觉件可选Tripo,米单位/+Y向上；物理占用与安装接口0.2m网格；共享FloorPlan/真实支撑；保留门洞、楼梯孔、.35m身体/1.72m眼高和功能点净空；教师/科研/医生实际用途点与到岗分钟/材料/钱契约；不得堵病人和付款人位置,LIFE-125,尺寸/配色按同母版参数派生，不重复计算独立模型,真实WebGL近/远可辨；细体素与PBR、光照和轮廓验收；资源按所有权释放；代码存在不等于美术合格
LIFE-126,康复扶手,教育科研医疗,基础组件,教育科研医疗,缺失待制,src/architecture-floor-plan.ts:94–113仅通用桌；src/simulation/culture.ts、clinical.ts与extensions.ts是系统证据，详模缺失,程序精细体素+材质，复杂视觉件可选Tripo,米单位/+Y向上；物理占用与安装接口0.2m网格；共享FloorPlan/真实支撑；保留门洞、楼梯孔、.35m身体/1.72m眼高和功能点净空；教师/科研/医生实际用途点与到岗分钟/材料/钱契约；不得堵病人和付款人位置,LIFE-126,尺寸/配色按同母版参数派生，不重复计算独立模型,真实WebGL近/远可辨；细体素与PBR、光照和轮廓验收；资源按所有权释放；代码存在不等于美术合格
LIFE-127,医务洗手消毒台,教育科研医疗,基础组件,教育科研医疗,缺失待制,src/architecture-floor-plan.ts:94–113仅通用桌；src/simulation/culture.ts、clinical.ts与extensions.ts是系统证据，详模缺失,程序精细体素+材质，复杂视觉件可选Tripo,米单位/+Y向上；物理占用与安装接口0.2m网格；共享FloorPlan/真实支撑；保留门洞、楼梯孔、.35m身体/1.72m眼高和功能点净空；教师/科研/医生实际用途点与到岗分钟/材料/钱契约；不得堵病人和付款人位置,LIFE-127,尺寸/配色按同母版参数派生，不重复计算独立模型,真实WebGL近/远可辨；细体素与PBR、光照和轮廓验收；资源按所有权释放；代码存在不等于美术合格
LIFE-128,普通教室配置,公共服务空间,组合模板,公共服务空间,缺失待制,目标：提示词.md；对应系统存在不表示实体资产存在,既有共享楼体/点+室内组件组合,米单位/+Y向上；物理占用与安装接口0.2m网格；共享FloorPlan/真实支撑；保留门洞、楼梯孔、.35m身体/1.72m眼高和功能点净空；公开课/考试/临床托管和实际分钟分别绑定；桌一件不等于完整空间完成,LIFE-128,尺寸/配色按同母版参数派生，不重复计算独立模型,真实WebGL近/远可辨；细体素与PBR、光照和轮廓验收；资源按所有权释放；代码存在不等于美术合格
LIFE-129,公开课程与考试配置,公共服务空间,组合模板,公共服务空间,缺失待制,目标：提示词.md；对应系统存在不表示实体资产存在,既有共享楼体/点+室内组件组合,米单位/+Y向上；物理占用与安装接口0.2m网格；共享FloorPlan/真实支撑；保留门洞、楼梯孔、.35m身体/1.72m眼高和功能点净空；公开课/考试/临床托管和实际分钟分别绑定；桌一件不等于完整空间完成,LIFE-129,尺寸/配色按同母版参数派生，不重复计算独立模型,真实WebGL近/远可辨；细体素与PBR、光照和轮廓验收；资源按所有权释放；代码存在不等于美术合格
LIFE-130,图书阅览室配置,公共服务空间,组合模板,公共服务空间,缺失待制,目标：提示词.md；对应系统存在不表示实体资产存在,既有共享楼体/点+室内组件组合,米单位/+Y向上；物理占用与安装接口0.2m网格；共享FloorPlan/真实支撑；保留门洞、楼梯孔、.35m身体/1.72m眼高和功能点净空；公开课/考试/临床托管和实际分钟分别绑定；桌一件不等于完整空间完成,LIFE-130,尺寸/配色按同母版参数派生，不重复计算独立模型,真实WebGL近/远可辨；细体素与PBR、光照和轮廓验收；资源按所有权释放；代码存在不等于美术合格
LIFE-131,文学写作工位配置,公共服务空间,组合模板,公共服务空间,缺失待制,目标：提示词.md；对应系统存在不表示实体资产存在,既有共享楼体/点+室内组件组合,米单位/+Y向上；物理占用与安装接口0.2m网格；共享FloorPlan/真实支撑；保留门洞、楼梯孔、.35m身体/1.72m眼高和功能点净空；公开课/考试/临床托管和实际分钟分别绑定；桌一件不等于完整空间完成,LIFE-131,尺寸/配色按同母版参数派生，不重复计算独立模型,真实WebGL近/远可辨；细体素与PBR、光照和轮廓验收；资源按所有权释放；代码存在不等于美术合格
LIFE-132,绘画创作工位配置,公共服务空间,组合模板,公共服务空间,缺失待制,目标：提示词.md；对应系统存在不表示实体资产存在,既有共享楼体/点+室内组件组合,米单位/+Y向上；物理占用与安装接口0.2m网格；共享FloorPlan/真实支撑；保留门洞、楼梯孔、.35m身体/1.72m眼高和功能点净空；公开课/考试/临床托管和实际分钟分别绑定；桌一件不等于完整空间完成,LIFE-132,尺寸/配色按同母版参数派生，不重复计算独立模型,真实WebGL近/远可辨；细体素与PBR、光照和轮廓验收；资源按所有权释放；代码存在不等于美术合格
LIFE-133,科研实验室配置,公共服务空间,组合模板,公共服务空间,缺失待制,目标：提示词.md；对应系统存在不表示实体资产存在,既有共享楼体/点+室内组件组合,米单位/+Y向上；物理占用与安装接口0.2m网格；共享FloorPlan/真实支撑；保留门洞、楼梯孔、.35m身体/1.72m眼高和功能点净空；公开课/考试/临床托管和实际分钟分别绑定；桌一件不等于完整空间完成,LIFE-133,尺寸/配色按同母版参数派生，不重复计算独立模型,真实WebGL近/远可辨；细体素与PBR、光照和轮廓验收；资源按所有权释放；代码存在不等于美术合格
LIFE-134,能源调度室配置,公共服务空间,组合模板,公共服务空间,缺失待制,目标：提示词.md；对应系统存在不表示实体资产存在,既有共享楼体/点+室内组件组合,米单位/+Y向上；物理占用与安装接口0.2m网格；共享FloorPlan/真实支撑；保留门洞、楼梯孔、.35m身体/1.72m眼高和功能点净空；公开课/考试/临床托管和实际分钟分别绑定；桌一件不等于完整空间完成,LIFE-134,尺寸/配色按同母版参数派生，不重复计算独立模型,真实WebGL近/远可辨；细体素与PBR、光照和轮廓验收；资源按所有权释放；代码存在不等于美术合格
LIFE-135,数据机房配置,公共服务空间,组合模板,公共服务空间,缺失待制,目标：提示词.md；对应系统存在不表示实体资产存在,既有共享楼体/点+室内组件组合,米单位/+Y向上；物理占用与安装接口0.2m网格；共享FloorPlan/真实支撑；保留门洞、楼梯孔、.35m身体/1.72m眼高和功能点净空；公开课/考试/临床托管和实际分钟分别绑定；桌一件不等于完整空间完成,LIFE-135,尺寸/配色按同母版参数派生，不重复计算独立模型,真实WebGL近/远可辨；细体素与PBR、光照和轮廓验收；资源按所有权释放；代码存在不等于美术合格
LIFE-136,门诊诊室配置,公共服务空间,组合模板,公共服务空间,缺失待制,目标：提示词.md；对应系统存在不表示实体资产存在,既有共享楼体/点+室内组件组合,米单位/+Y向上；物理占用与安装接口0.2m网格；共享FloorPlan/真实支撑；保留门洞、楼梯孔、.35m身体/1.72m眼高和功能点净空；公开课/考试/临床托管和实际分钟分别绑定；桌一件不等于完整空间完成,LIFE-136,尺寸/配色按同母版参数派生，不重复计算独立模型,真实WebGL近/远可辨；细体素与PBR、光照和轮廓验收；资源按所有权释放；代码存在不等于美术合格
LIFE-137,病房与照护配置,公共服务空间,组合模板,公共服务空间,缺失待制,目标：提示词.md；对应系统存在不表示实体资产存在,既有共享楼体/点+室内组件组合,米单位/+Y向上；物理占用与安装接口0.2m网格；共享FloorPlan/真实支撑；保留门洞、楼梯孔、.35m身体/1.72m眼高和功能点净空；公开课/考试/临床托管和实际分钟分别绑定；桌一件不等于完整空间完成,LIFE-137,尺寸/配色按同母版参数派生，不重复计算独立模型,真实WebGL近/远可辨；细体素与PBR、光照和轮廓验收；资源按所有权释放；代码存在不等于美术合格
LIFE-138,药房服务配置,公共服务空间,组合模板,公共服务空间,缺失待制,目标：提示词.md；对应系统存在不表示实体资产存在,既有共享楼体/点+室内组件组合,米单位/+Y向上；物理占用与安装接口0.2m网格；共享FloorPlan/真实支撑；保留门洞、楼梯孔、.35m身体/1.72m眼高和功能点净空；公开课/考试/临床托管和实际分钟分别绑定；桌一件不等于完整空间完成,LIFE-138,尺寸/配色按同母版参数派生，不重复计算独立模型,真实WebGL近/远可辨；细体素与PBR、光照和轮廓验收；资源按所有权释放；代码存在不等于美术合格
LIFE-139,应急医护工位配置,公共服务空间,组合模板,公共服务空间,缺失待制,目标：提示词.md；对应系统存在不表示实体资产存在,既有共享楼体/点+室内组件组合,米单位/+Y向上；物理占用与安装接口0.2m网格；共享FloorPlan/真实支撑；保留门洞、楼梯孔、.35m身体/1.72m眼高和功能点净空；公开课/考试/临床托管和实际分钟分别绑定；桌一件不等于完整空间完成,LIFE-139,尺寸/配色按同母版参数派生，不重复计算独立模型,真实WebGL近/远可辨；细体素与PBR、光照和轮廓验收；资源按所有权释放；代码存在不等于美术合格
LIFE-140,公共公告屏/告示板,治理治安信息,基础组件,治理治安信息,缺失待制,目标：提示词.md；对应系统存在不表示实体资产存在,程序精细体素+材质，复杂视觉件可选Tripo,米单位/+Y向上；物理占用与安装接口0.2m网格；共享FloorPlan/真实支撑；保留门洞、楼梯孔、.35m身体/1.72m眼高和功能点净空；只读真实政策/预算/案件/档案/身份；保权限与隐私，不能装饰屏伪造系统反馈,LIFE-140,尺寸/配色按同母版参数派生，不重复计算独立模型,真实WebGL近/远可辨；细体素与PBR、光照和轮廓验收；资源按所有权释放；代码存在不等于美术合格
LIFE-141,会议桌及席位,治理治安信息,基础组件,治理治安信息,已集成代码生成,src/renderer.ts:426–429（议事长台+座面/靠背阵列）；src/world.ts:330、541（core-main议会/听证楼层）；src/world.ts:7、546–550；src/architecture-floor-plan.ts:216–217；src/renderer.ts:279–287；src/rendering/architecture-detail.ts:220–222（current主阁保原路径，current附属council新body不消费该阵列）,原near程序议事长台与议席阵列粗形；current主阁有该配置，附属v4议事堂专用布局与精细家具待制,米单位/+Y向上；保0.2m物理/编辑格、共享层高/权限/门孔/楼梯孔、.35m身体与1.72m眼高净空；原代码粗几何不等于新功能点已实现；读议会/听证program与实际楼层权限；原席阵列由width/depth计算并留中轴，真实可坐/议席权利/发言交互不得由视觉阵列推定,LIFE-141,原长台与多rows/columns议席复用一次粗配置；每席/每行不算新模型；类型/桌椅共享母版合并建议保留corrections未强改,已有程序粗件不是外部GLB/高细度PBR成品；新profile适配、真实几何/用途点一致、近远与昼夜WebGL和普通第一人称验收仍待，不据代码存在宣称美术合格
LIFE-142,议会发言台,治理治安信息,基础组件,治理治安信息,缺失待制,目标：提示词.md；对应系统存在不表示实体资产存在,程序精细体素+材质，复杂视觉件可选Tripo,米单位/+Y向上；物理占用与安装接口0.2m网格；共享FloorPlan/真实支撑；保留门洞、楼梯孔、.35m身体/1.72m眼高和功能点净空；只读真实政策/预算/案件/档案/身份；保权限与隐私，不能装饰屏伪造系统反馈,LIFE-142,尺寸/配色按同母版参数派生，不重复计算独立模型,真实WebGL近/远可辨；细体素与PBR、光照和轮廓验收；资源按所有权释放；代码存在不等于美术合格
LIFE-143,投票箱/核验台,治理治安信息,基础组件,治理治安信息,缺失待制,目标：提示词.md；对应系统存在不表示实体资产存在,程序精细体素+材质，复杂视觉件可选Tripo,米单位/+Y向上；物理占用与安装接口0.2m网格；共享FloorPlan/真实支撑；保留门洞、楼梯孔、.35m身体/1.72m眼高和功能点净空；只读真实政策/预算/案件/档案/身份；保权限与隐私，不能装饰屏伪造系统反馈,LIFE-143,尺寸/配色按同母版参数派生，不重复计算独立模型,真实WebGL近/远可辨；细体素与PBR、光照和轮廓验收；资源按所有权释放；代码存在不等于美术合格
LIFE-144,公共预算账簿柜,治理治安信息,基础组件,治理治安信息,缺失待制,目标：提示词.md；对应系统存在不表示实体资产存在,程序精细体素+材质，复杂视觉件可选Tripo,米单位/+Y向上；物理占用与安装接口0.2m网格；共享FloorPlan/真实支撑；保留门洞、楼梯孔、.35m身体/1.72m眼高和功能点净空；只读真实政策/预算/案件/档案/身份；保权限与隐私，不能装饰屏伪造系统反馈,LIFE-144,尺寸/配色按同母版参数派生，不重复计算独立模型,真实WebGL近/远可辨；细体素与PBR、光照和轮廓验收；资源按所有权释放；代码存在不等于美术合格
LIFE-145,公共审计取证盒,治理治安信息,基础组件,治理治安信息,缺失待制,目标：提示词.md；对应系统存在不表示实体资产存在,程序精细体素+材质，复杂视觉件可选Tripo,米单位/+Y向上；物理占用与安装接口0.2m网格；共享FloorPlan/真实支撑；保留门洞、楼梯孔、.35m身体/1.72m眼高和功能点净空；只读真实政策/预算/案件/档案/身份；保权限与隐私，不能装饰屏伪造系统反馈,LIFE-145,尺寸/配色按同母版参数派生，不重复计算独立模型,真实WebGL近/远可辨；细体素与PBR、光照和轮廓验收；资源按所有权释放；代码存在不等于美术合格
LIFE-146,档案卷宗柜,治理治安信息,基础组件,治理治安信息,已集成代码生成,src/renderer.ts:414–423（地下柜架/四层薄板）；src/renderer.ts:436–437（历史archives设施柜）；src/world.ts:330、540；src/world.ts:7、546–550；src/architecture-floor-plan.ts:216–217；src/renderer.ts:279–287；src/rendering/architecture-detail.ts:220–222（current-v4 core-main两地下层保原路径，附属档案馆新body不消费专用档案柜）,原near程序档案柜/地下层架体粗形；current主阁可消费，档案卷宗详模/真实查询内容与新馆专用资产待制,米单位/+Y向上；保0.2m物理/编辑格、共享层高/权限/门孔/楼梯孔、.35m身体与1.72m眼高净空；原代码粗几何不等于新功能点已实现；绑定实际basementUses/floorUses与权限；柜/薄层条只作粗几何，不冒认具体书册/卷宗；真实档案查询与新profile柜占用合同另验,LIFE-146,柜架按原地下行列/层板参数复用；每柜/每板/每卷宗不各计新母版；不重复LIFE-106书册、LIFE-108书柜语义,已有程序粗件不是外部GLB/高细度PBR成品；新profile适配、真实几何/用途点一致、近远与昼夜WebGL和普通第一人称验收仍待，不据代码存在宣称美术合格
LIFE-147,城市信息查询终端,治理治安信息,基础组件,治理治安信息,缺失待制,目标：提示词.md；对应系统存在不表示实体资产存在,程序精细体素+材质，复杂视觉件可选Tripo,米单位/+Y向上；物理占用与安装接口0.2m网格；共享FloorPlan/真实支撑；保留门洞、楼梯孔、.35m身体/1.72m眼高和功能点净空；只读真实政策/预算/案件/档案/身份；保权限与隐私，不能装饰屏伪造系统反馈,LIFE-147,尺寸/配色按同母版参数派生，不重复计算独立模型,真实WebGL近/远可辨；细体素与PBR、光照和轮廓验收；资源按所有权释放；代码存在不等于美术合格
LIFE-148,外交仪仗旗座,治理治安信息,基础组件,治理治安信息,缺失待制,目标：提示词.md；对应系统存在不表示实体资产存在,程序精细体素+材质，复杂视觉件可选Tripo,米单位/+Y向上；物理占用与安装接口0.2m网格；共享FloorPlan/真实支撑；保留门洞、楼梯孔、.35m身体/1.72m眼高和功能点净空；只读真实政策/预算/案件/档案/身份；保权限与隐私，不能装饰屏伪造系统反馈,LIFE-148,尺寸/配色按同母版参数派生，不重复计算独立模型,真实WebGL近/远可辨；细体素与PBR、光照和轮廓验收；资源按所有权释放；代码存在不等于美术合格
LIFE-149,边境/移民办理台,治理治安信息,基础组件,治理治安信息,缺失待制,目标：提示词.md；对应系统存在不表示实体资产存在,程序精细体素+材质，复杂视觉件可选Tripo,米单位/+Y向上；物理占用与安装接口0.2m网格；共享FloorPlan/真实支撑；保留门洞、楼梯孔、.35m身体/1.72m眼高和功能点净空；只读真实政策/预算/案件/档案/身份；保权限与隐私，不能装饰屏伪造系统反馈,LIFE-149,尺寸/配色按同母版参数派生，不重复计算独立模型,真实WebGL近/远可辨；细体素与PBR、光照和轮廓验收；资源按所有权释放；代码存在不等于美术合格
LIFE-150,慈善救济柜,治理治安信息,基础组件,治理治安信息,缺失待制,目标：提示词.md；对应系统存在不表示实体资产存在,程序精细体素+材质，复杂视觉件可选Tripo,米单位/+Y向上；物理占用与安装接口0.2m网格；共享FloorPlan/真实支撑；保留门洞、楼梯孔、.35m身体/1.72m眼高和功能点净空；只读真实政策/预算/案件/档案/身份；保权限与隐私，不能装饰屏伪造系统反馈,LIFE-150,尺寸/配色按同母版参数派生，不重复计算独立模型,真实WebGL近/远可辨；细体素与PBR、光照和轮廓验收；资源按所有权释放；代码存在不等于美术合格
LIFE-151,警务值班桌,治理治安信息,基础组件,治理治安信息,缺失待制,目标：提示词.md；对应系统存在不表示实体资产存在,程序精细体素+材质，复杂视觉件可选Tripo,米单位/+Y向上；物理占用与安装接口0.2m网格；共享FloorPlan/真实支撑；保留门洞、楼梯孔、.35m身体/1.72m眼高和功能点净空；只读真实政策/预算/案件/档案/身份；保权限与隐私，不能装饰屏伪造系统反馈,LIFE-151,尺寸/配色按同母版参数派生，不重复计算独立模型,真实WebGL近/远可辨；细体素与PBR、光照和轮廓验收；资源按所有权释放；代码存在不等于美术合格
LIFE-152,警用证物柜,治理治安信息,基础组件,治理治安信息,缺失待制,目标：提示词.md；对应系统存在不表示实体资产存在,程序精细体素+材质，复杂视觉件可选Tripo,米单位/+Y向上；物理占用与安装接口0.2m网格；共享FloorPlan/真实支撑；保留门洞、楼梯孔、.35m身体/1.72m眼高和功能点净空；只读真实政策/预算/案件/档案/身份；保权限与隐私，不能装饰屏伪造系统反馈,LIFE-152,尺寸/配色按同母版参数派生，不重复计算独立模型,真实WebGL近/远可辨；细体素与PBR、光照和轮廓验收；资源按所有权释放；代码存在不等于美术合格
LIFE-153,司法审判席,治理治安信息,基础组件,治理治安信息,缺失待制,目标：提示词.md；对应系统存在不表示实体资产存在,程序精细体素+材质，复杂视觉件可选Tripo,米单位/+Y向上；物理占用与安装接口0.2m网格；共享FloorPlan/真实支撑；保留门洞、楼梯孔、.35m身体/1.72m眼高和功能点净空；只读真实政策/预算/案件/档案/身份；保权限与隐私，不能装饰屏伪造系统反馈,LIFE-153,尺寸/配色按同母版参数派生，不重复计算独立模型,真实WebGL近/远可辨；细体素与PBR、光照和轮廓验收；资源按所有权释放；代码存在不等于美术合格
LIFE-154,司法旁听座椅,治理治安信息,基础组件,治理治安信息,缺失待制,目标：提示词.md；对应系统存在不表示实体资产存在,程序精细体素+材质，复杂视觉件可选Tripo,米单位/+Y向上；物理占用与安装接口0.2m网格；共享FloorPlan/真实支撑；保留门洞、楼梯孔、.35m身体/1.72m眼高和功能点净空；只读真实政策/预算/案件/档案/身份；保权限与隐私，不能装饰屏伪造系统反馈,LIFE-154,尺寸/配色按同母版参数派生，不重复计算独立模型,真实WebGL近/远可辨；细体素与PBR、光照和轮廓验收；资源按所有权释放；代码存在不等于美术合格
LIFE-155,讯问记录台,治理治安信息,基础组件,治理治安信息,缺失待制,目标：提示词.md；对应系统存在不表示实体资产存在,程序精细体素+材质，复杂视觉件可选Tripo,米单位/+Y向上；物理占用与安装接口0.2m网格；共享FloorPlan/真实支撑；保留门洞、楼梯孔、.35m身体/1.72m眼高和功能点净空；只读真实政策/预算/案件/档案/身份；保权限与隐私，不能装饰屏伪造系统反馈,LIFE-155,尺寸/配色按同母版参数派生，不重复计算独立模型,真实WebGL近/远可辨；细体素与PBR、光照和轮廓验收；资源按所有权释放；代码存在不等于美术合格
LIFE-156,监所床位/储物组合,治理治安信息,基础组件,治理治安信息,缺失待制,目标：提示词.md；对应系统存在不表示实体资产存在,程序精细体素+材质，复杂视觉件可选Tripo,米单位/+Y向上；物理占用与安装接口0.2m网格；共享FloorPlan/真实支撑；保留门洞、楼梯孔、.35m身体/1.72m眼高和功能点净空；只读真实政策/预算/案件/档案/身份；保权限与隐私，不能装饰屏伪造系统反馈,LIFE-156,尺寸/配色按同母版参数派生，不重复计算独立模型,真实WebGL近/远可辨；细体素与PBR、光照和轮廓验收；资源按所有权释放；代码存在不等于美术合格
LIFE-157,巡逻岗亭信息台,治理治安信息,基础组件,治理治安信息,缺失待制,目标：提示词.md；对应系统存在不表示实体资产存在,程序精细体素+材质，复杂视觉件可选Tripo,米单位/+Y向上；物理占用与安装接口0.2m网格；共享FloorPlan/真实支撑；保留门洞、楼梯孔、.35m身体/1.72m眼高和功能点净空；只读真实政策/预算/案件/档案/身份；保权限与隐私，不能装饰屏伪造系统反馈,LIFE-157,尺寸/配色按同母版参数派生，不重复计算独立模型,真实WebGL近/远可辨；细体素与PBR、光照和轮廓验收；资源按所有权释放；代码存在不等于美术合格
LIFE-158,安防监控器,治理治安信息,基础组件,治理治安信息,缺失待制,目标：提示词.md；对应系统存在不表示实体资产存在,程序精细体素+材质，复杂视觉件可选Tripo,米单位/+Y向上；物理占用与安装接口0.2m网格；共享FloorPlan/真实支撑；保留门洞、楼梯孔、.35m身体/1.72m眼高和功能点净空；只读真实政策/预算/案件/档案/身份；保权限与隐私，不能装饰屏伪造系统反馈,LIFE-158,尺寸/配色按同母版参数派生，不重复计算独立模型,真实WebGL近/远可辨；细体素与PBR、光照和轮廓验收；资源按所有权释放；代码存在不等于美术合格
LIFE-159,消防工具柜,治理治安信息,基础组件,治理治安信息,缺失待制,目标：提示词.md；对应系统存在不表示实体资产存在,程序精细体素+材质，复杂视觉件可选Tripo,米单位/+Y向上；物理占用与安装接口0.2m网格；共享FloorPlan/真实支撑；保留门洞、楼梯孔、.35m身体/1.72m眼高和功能点净空；只读真实政策/预算/案件/档案/身份；保权限与隐私，不能装饰屏伪造系统反馈,LIFE-159,尺寸/配色按同母版参数派生，不重复计算独立模型,真实WebGL近/远可辨；细体素与PBR、光照和轮廓验收；资源按所有权释放；代码存在不等于美术合格
LIFE-160,公开议事大厅配置,制度空间配置,组合模板,制度空间配置,缺失待制,目标：提示词.md；对应系统存在不表示实体资产存在,共享楼体+可用室内组件+身份门禁,米单位/+Y向上；物理占用与安装接口0.2m网格；共享FloorPlan/真实支撑；保留门洞、楼梯孔、.35m身体/1.72m眼高和功能点净空；按真实角色规则开启；原法院/监狱完整玩法未实现不能借美术声明完成,LIFE-160,尺寸/配色按同母版参数派生，不重复计算独立模型,真实WebGL近/远可辨；细体素与PBR、光照和轮廓验收；资源按所有权释放；代码存在不等于美术合格
LIFE-161,市长/公务办公配置,制度空间配置,组合模板,制度空间配置,缺失待制,目标：提示词.md；对应系统存在不表示实体资产存在,共享楼体+可用室内组件+身份门禁,米单位/+Y向上；物理占用与安装接口0.2m网格；共享FloorPlan/真实支撑；保留门洞、楼梯孔、.35m身体/1.72m眼高和功能点净空；按真实角色规则开启；原法院/监狱完整玩法未实现不能借美术声明完成,LIFE-161,尺寸/配色按同母版参数派生，不重复计算独立模型,真实WebGL近/远可辨；细体素与PBR、光照和轮廓验收；资源按所有权释放；代码存在不等于美术合格
LIFE-162,预算金库内室配置,制度空间配置,组合模板,制度空间配置,缺失待制,目标：提示词.md；对应系统存在不表示实体资产存在,共享楼体+可用室内组件+身份门禁,米单位/+Y向上；物理占用与安装接口0.2m网格；共享FloorPlan/真实支撑；保留门洞、楼梯孔、.35m身体/1.72m眼高和功能点净空；按真实角色规则开启；原法院/监狱完整玩法未实现不能借美术声明完成,LIFE-162,尺寸/配色按同母版参数派生，不重复计算独立模型,真实WebGL近/远可辨；细体素与PBR、光照和轮廓验收；资源按所有权释放；代码存在不等于美术合格
LIFE-163,公共档案阅览配置,制度空间配置,组合模板,制度空间配置,缺失待制,目标：提示词.md；对应系统存在不表示实体资产存在,共享楼体+可用室内组件+身份门禁,米单位/+Y向上；物理占用与安装接口0.2m网格；共享FloorPlan/真实支撑；保留门洞、楼梯孔、.35m身体/1.72m眼高和功能点净空；按真实角色规则开启；原法院/监狱完整玩法未实现不能借美术声明完成,LIFE-163,尺寸/配色按同母版参数派生，不重复计算独立模型,真实WebGL近/远可辨；细体素与PBR、光照和轮廓验收；资源按所有权释放；代码存在不等于美术合格
LIFE-164,使节会客配置,制度空间配置,组合模板,制度空间配置,缺失待制,目标：提示词.md；对应系统存在不表示实体资产存在,共享楼体+可用室内组件+身份门禁,米单位/+Y向上；物理占用与安装接口0.2m网格；共享FloorPlan/真实支撑；保留门洞、楼梯孔、.35m身体/1.72m眼高和功能点净空；按真实角色规则开启；原法院/监狱完整玩法未实现不能借美术声明完成,LIFE-164,尺寸/配色按同母版参数派生，不重复计算独立模型,真实WebGL近/远可辨；细体素与PBR、光照和轮廓验收；资源按所有权释放；代码存在不等于美术合格
LIFE-165,警务调度室配置,制度空间配置,组合模板,制度空间配置,缺失待制,目标：提示词.md；对应系统存在不表示实体资产存在,共享楼体+可用室内组件+身份门禁,米单位/+Y向上；物理占用与安装接口0.2m网格；共享FloorPlan/真实支撑；保留门洞、楼梯孔、.35m身体/1.72m眼高和功能点净空；按真实角色规则开启；原法院/监狱完整玩法未实现不能借美术声明完成,LIFE-165,尺寸/配色按同母版参数派生，不重复计算独立模型,真实WebGL近/远可辨；细体素与PBR、光照和轮廓验收；资源按所有权释放；代码存在不等于美术合格
LIFE-166,司法审判庭配置,制度空间配置,组合模板,制度空间配置,缺失待制,目标：提示词.md；对应系统存在不表示实体资产存在,共享楼体+可用室内组件+身份门禁,米单位/+Y向上；物理占用与安装接口0.2m网格；共享FloorPlan/真实支撑；保留门洞、楼梯孔、.35m身体/1.72m眼高和功能点净空；按真实角色规则开启；原法院/监狱完整玩法未实现不能借美术声明完成,LIFE-166,尺寸/配色按同母版参数派生，不重复计算独立模型,真实WebGL近/远可辨；细体素与PBR、光照和轮廓验收；资源按所有权释放；代码存在不等于美术合格
LIFE-167,羁押/监所内室配置,制度空间配置,组合模板,制度空间配置,缺失待制,目标：提示词.md；对应系统存在不表示实体资产存在,共享楼体+可用室内组件+身份门禁,米单位/+Y向上；物理占用与安装接口0.2m网格；共享FloorPlan/真实支撑；保留门洞、楼梯孔、.35m身体/1.72m眼高和功能点净空；按真实角色规则开启；原法院/监狱完整玩法未实现不能借美术声明完成,LIFE-167,尺寸/配色按同母版参数派生，不重复计算独立模型,真实WebGL近/远可辨；细体素与PBR、光照和轮廓验收；资源按所有权释放；代码存在不等于美术合格
LIFE-168,移民/福利服务配置,制度空间配置,组合模板,制度空间配置,缺失待制,目标：提示词.md；对应系统存在不表示实体资产存在,共享楼体+可用室内组件+身份门禁,米单位/+Y向上；物理占用与安装接口0.2m网格；共享FloorPlan/真实支撑；保留门洞、楼梯孔、.35m身体/1.72m眼高和功能点净空；按真实角色规则开启；原法院/监狱完整玩法未实现不能借美术声明完成,LIFE-168,尺寸/配色按同母版参数派生，不重复计算独立模型,真实WebGL近/远可辨；细体素与PBR、光照和轮廓验收；资源按所有权释放；代码存在不等于美术合格
LIFE-169,画框及展架,文化生活,基础组件,文化生活,缺失待制,目标：提示词.md；对应系统存在不表示实体资产存在,程序精细体素+材质，复杂视觉件可选Tripo,米单位/+Y向上；物理占用与安装接口0.2m网格；共享FloorPlan/真实支撑；保留门洞、楼梯孔、.35m身体/1.72m眼高和功能点净空；读取真实文化作品/库存/到场/仪式时数；涉及动物角色母版见CHAR域，不从数值反推已渲染,LIFE-169,尺寸/配色按同母版参数派生，不重复计算独立模型,真实WebGL近/远可辨；细体素与PBR、光照和轮廓验收；资源按所有权释放；代码存在不等于美术合格
LIFE-170,画布与画架,文化生活,基础组件,文化生活,缺失待制,目标：提示词.md；对应系统存在不表示实体资产存在,程序精细体素+材质，复杂视觉件可选Tripo,米单位/+Y向上；物理占用与安装接口0.2m网格；共享FloorPlan/真实支撑；保留门洞、楼梯孔、.35m身体/1.72m眼高和功能点净空；读取真实文化作品/库存/到场/仪式时数；涉及动物角色母版见CHAR域，不从数值反推已渲染,LIFE-170,尺寸/配色按同母版参数派生，不重复计算独立模型,真实WebGL近/远可辨；细体素与PBR、光照和轮廓验收；资源按所有权释放；代码存在不等于美术合格
LIFE-171,书法纸砚及笔架,文化生活,基础组件,文化生活,缺失待制,目标：提示词.md；对应系统存在不表示实体资产存在,程序精细体素+材质，复杂视觉件可选Tripo,米单位/+Y向上；物理占用与安装接口0.2m网格；共享FloorPlan/真实支撑；保留门洞、楼梯孔、.35m身体/1.72m眼高和功能点净空；读取真实文化作品/库存/到场/仪式时数；涉及动物角色母版见CHAR域，不从数值反推已渲染,LIFE-171,尺寸/配色按同母版参数派生，不重复计算独立模型,真实WebGL近/远可辨；细体素与PBR、光照和轮廓验收；资源按所有权释放；代码存在不等于美术合格
LIFE-172,印刷/出版设备,文化生活,基础组件,文化生活,缺失待制,目标：提示词.md；对应系统存在不表示实体资产存在,程序精细体素+材质，复杂视觉件可选Tripo,米单位/+Y向上；物理占用与安装接口0.2m网格；共享FloorPlan/真实支撑；保留门洞、楼梯孔、.35m身体/1.72m眼高和功能点净空；读取真实文化作品/库存/到场/仪式时数；涉及动物角色母版见CHAR域，不从数值反推已渲染,LIFE-172,尺寸/配色按同母版参数派生，不重复计算独立模型,真实WebGL近/远可辨；细体素与PBR、光照和轮廓验收；资源按所有权释放；代码存在不等于美术合格
LIFE-173,展陈介绍牌,文化生活,基础组件,文化生活,缺失待制,目标：提示词.md；对应系统存在不表示实体资产存在,程序精细体素+材质，复杂视觉件可选Tripo,米单位/+Y向上；物理占用与安装接口0.2m网格；共享FloorPlan/真实支撑；保留门洞、楼梯孔、.35m身体/1.72m眼高和功能点净空；读取真实文化作品/库存/到场/仪式时数；涉及动物角色母版见CHAR域，不从数值反推已渲染,LIFE-173,尺寸/配色按同母版参数派生，不重复计算独立模型,真实WebGL近/远可辨；细体素与PBR、光照和轮廓验收；资源按所有权释放；代码存在不等于美术合格
LIFE-174,乐器琴体,文化生活,基础组件,文化生活,缺失待制,目标：提示词.md；对应系统存在不表示实体资产存在,程序精细体素+材质，复杂视觉件可选Tripo,米单位/+Y向上；物理占用与安装接口0.2m网格；共享FloorPlan/真实支撑；保留门洞、楼梯孔、.35m身体/1.72m眼高和功能点净空；读取真实文化作品/库存/到场/仪式时数；涉及动物角色母版见CHAR域，不从数值反推已渲染,LIFE-174,尺寸/配色按同母版参数派生，不重复计算独立模型,真实WebGL近/远可辨；细体素与PBR、光照和轮廓验收；资源按所有权释放；代码存在不等于美术合格
LIFE-175,打击乐器鼓体,文化生活,基础组件,文化生活,缺失待制,目标：提示词.md；对应系统存在不表示实体资产存在,程序精细体素+材质，复杂视觉件可选Tripo,米单位/+Y向上；物理占用与安装接口0.2m网格；共享FloorPlan/真实支撑；保留门洞、楼梯孔、.35m身体/1.72m眼高和功能点净空；读取真实文化作品/库存/到场/仪式时数；涉及动物角色母版见CHAR域，不从数值反推已渲染,LIFE-175,尺寸/配色按同母版参数派生，不重复计算独立模型,真实WebGL近/远可辨；细体素与PBR、光照和轮廓验收；资源按所有权释放；代码存在不等于美术合格
LIFE-176,演出舞台模块,文化生活,基础组件,文化生活,缺失待制,目标：提示词.md；对应系统存在不表示实体资产存在,程序精细体素+材质，复杂视觉件可选Tripo,米单位/+Y向上；物理占用与安装接口0.2m网格；共享FloorPlan/真实支撑；保留门洞、楼梯孔、.35m身体/1.72m眼高和功能点净空；读取真实文化作品/库存/到场/仪式时数；涉及动物角色母版见CHAR域，不从数值反推已渲染,LIFE-176,尺寸/配色按同母版参数派生，不重复计算独立模型,真实WebGL近/远可辨；细体素与PBR、光照和轮廓验收；资源按所有权释放；代码存在不等于美术合格
LIFE-177,后台收纳与音响架,文化生活,基础组件,文化生活,缺失待制,目标：提示词.md；对应系统存在不表示实体资产存在,程序精细体素+材质，复杂视觉件可选Tripo,米单位/+Y向上；物理占用与安装接口0.2m网格；共享FloorPlan/真实支撑；保留门洞、楼梯孔、.35m身体/1.72m眼高和功能点净空；读取真实文化作品/库存/到场/仪式时数；涉及动物角色母版见CHAR域，不从数值反推已渲染,LIFE-177,尺寸/配色按同母版参数派生，不重复计算独立模型,真实WebGL近/远可辨；细体素与PBR、光照和轮廓验收；资源按所有权释放；代码存在不等于美术合格
LIFE-178,信仰礼仪供台,文化生活,基础组件,文化生活,缺失待制,目标：提示词.md；对应系统存在不表示实体资产存在,程序精细体素+材质，复杂视觉件可选Tripo,米单位/+Y向上；物理占用与安装接口0.2m网格；共享FloorPlan/真实支撑；保留门洞、楼梯孔、.35m身体/1.72m眼高和功能点净空；读取真实文化作品/库存/到场/仪式时数；涉及动物角色母版见CHAR域，不从数值反推已渲染,LIFE-178,尺寸/配色按同母版参数派生，不重复计算独立模型,真实WebGL近/远可辨；细体素与PBR、光照和轮廓验收；资源按所有权释放；代码存在不等于美术合格
LIFE-179,香炉及烛灯,文化生活,基础组件,文化生活,缺失待制,目标：提示词.md；对应系统存在不表示实体资产存在,程序精细体素+材质，复杂视觉件可选Tripo,米单位/+Y向上；物理占用与安装接口0.2m网格；共享FloorPlan/真实支撑；保留门洞、楼梯孔、.35m身体/1.72m眼高和功能点净空；读取真实文化作品/库存/到场/仪式时数；涉及动物角色母版见CHAR域，不从数值反推已渲染,LIFE-179,尺寸/配色按同母版参数派生，不重复计算独立模型,真实WebGL近/远可辨；细体素与PBR、光照和轮廓验收；资源按所有权释放；代码存在不等于美术合格
LIFE-180,哲学辩论讲席,文化生活,基础组件,文化生活,缺失待制,目标：提示词.md；对应系统存在不表示实体资产存在,程序精细体素+材质，复杂视觉件可选Tripo,米单位/+Y向上；物理占用与安装接口0.2m网格；共享FloorPlan/真实支撑；保留门洞、楼梯孔、.35m身体/1.72m眼高和功能点净空；读取真实文化作品/库存/到场/仪式时数；涉及动物角色母版见CHAR域，不从数值反推已渲染,LIFE-180,尺寸/配色按同母版参数派生，不重复计算独立模型,真实WebGL近/远可辨；细体素与PBR、光照和轮廓验收；资源按所有权释放；代码存在不等于美术合格
LIFE-181,棋盘与棋具,文化生活,基础组件,文化生活,缺失待制,目标：提示词.md；对应系统存在不表示实体资产存在,程序精细体素+材质，复杂视觉件可选Tripo,米单位/+Y向上；物理占用与安装接口0.2m网格；共享FloorPlan/真实支撑；保留门洞、楼梯孔、.35m身体/1.72m眼高和功能点净空；读取真实文化作品/库存/到场/仪式时数；涉及动物角色母版见CHAR域，不从数值反推已渲染,LIFE-181,尺寸/配色按同母版参数派生，不重复计算独立模型,真实WebGL近/远可辨；细体素与PBR、光照和轮廓验收；资源按所有权释放；代码存在不等于美术合格
LIFE-182,体育球及球具,文化生活,基础组件,文化生活,缺失待制,目标：提示词.md；对应系统存在不表示实体资产存在,程序精细体素+材质，复杂视觉件可选Tripo,米单位/+Y向上；物理占用与安装接口0.2m网格；共享FloorPlan/真实支撑；保留门洞、楼梯孔、.35m身体/1.72m眼高和功能点净空；读取真实文化作品/库存/到场/仪式时数；涉及动物角色母版见CHAR域，不从数值反推已渲染,LIFE-182,尺寸/配色按同母版参数派生，不重复计算独立模型,真实WebGL近/远可辨；细体素与PBR、光照和轮廓验收；资源按所有权释放；代码存在不等于美术合格
LIFE-183,体育器械框架,文化生活,基础组件,文化生活,缺失待制,目标：提示词.md；对应系统存在不表示实体资产存在,程序精细体素+材质，复杂视觉件可选Tripo,米单位/+Y向上；物理占用与安装接口0.2m网格；共享FloorPlan/真实支撑；保留门洞、楼梯孔、.35m身体/1.72m眼高和功能点净空；读取真实文化作品/库存/到场/仪式时数；涉及动物角色母版见CHAR域，不从数值反推已渲染,LIFE-183,尺寸/配色按同母版参数派生，不重复计算独立模型,真实WebGL近/远可辨；细体素与PBR、光照和轮廓验收；资源按所有权释放；代码存在不等于美术合格
LIFE-184,游艺桌/娱乐设备,文化生活,基础组件,文化生活,缺失待制,目标：提示词.md；对应系统存在不表示实体资产存在,程序精细体素+材质，复杂视觉件可选Tripo,米单位/+Y向上；物理占用与安装接口0.2m网格；共享FloorPlan/真实支撑；保留门洞、楼梯孔、.35m身体/1.72m眼高和功能点净空；读取真实文化作品/库存/到场/仪式时数；涉及动物角色母版见CHAR域，不从数值反推已渲染,LIFE-184,尺寸/配色按同母版参数派生，不重复计算独立模型,真实WebGL近/远可辨；细体素与PBR、光照和轮廓验收；资源按所有权释放；代码存在不等于美术合格
LIFE-185,节庆旗幡挂件,文化生活,基础组件,文化生活,缺失待制,目标：提示词.md；对应系统存在不表示实体资产存在,程序精细体素+材质，复杂视觉件可选Tripo,米单位/+Y向上；物理占用与安装接口0.2m网格；共享FloorPlan/真实支撑；保留门洞、楼梯孔、.35m身体/1.72m眼高和功能点净空；读取真实文化作品/库存/到场/仪式时数；涉及动物角色母版见CHAR域，不从数值反推已渲染,LIFE-185,尺寸/配色按同母版参数派生，不重复计算独立模型,真实WebGL近/远可辨；细体素与PBR、光照和轮廓验收；资源按所有权释放；代码存在不等于美术合格
LIFE-186,节庆花灯外壳,文化生活,基础组件,文化生活,缺失待制,目标：提示词.md；对应系统存在不表示实体资产存在,程序精细体素+材质，复杂视觉件可选Tripo,米单位/+Y向上；物理占用与安装接口0.2m网格；共享FloorPlan/真实支撑；保留门洞、楼梯孔、.35m身体/1.72m眼高和功能点净空；读取真实文化作品/库存/到场/仪式时数；涉及动物角色母版见CHAR域，不从数值反推已渲染,LIFE-186,尺寸/配色按同母版参数派生，不重复计算独立模型,真实WebGL近/远可辨；细体素与PBR、光照和轮廓验收；资源按所有权释放；代码存在不等于美术合格
LIFE-187,婚礼礼仪台,文化生活,基础组件,文化生活,缺失待制,目标：提示词.md；对应系统存在不表示实体资产存在,程序精细体素+材质，复杂视觉件可选Tripo,米单位/+Y向上；物理占用与安装接口0.2m网格；共享FloorPlan/真实支撑；保留门洞、楼梯孔、.35m身体/1.72m眼高和功能点净空；读取真实文化作品/库存/到场/仪式时数；涉及动物角色母版见CHAR域，不从数值反推已渲染,LIFE-187,尺寸/配色按同母版参数派生，不重复计算独立模型,真实WebGL近/远可辨；细体素与PBR、光照和轮廓验收；资源按所有权释放；代码存在不等于美术合格
LIFE-188,婚礼座席,文化生活,基础组件,文化生活,缺失待制,目标：提示词.md；对应系统存在不表示实体资产存在,程序精细体素+材质，复杂视觉件可选Tripo,米单位/+Y向上；物理占用与安装接口0.2m网格；共享FloorPlan/真实支撑；保留门洞、楼梯孔、.35m身体/1.72m眼高和功能点净空；读取真实文化作品/库存/到场/仪式时数；涉及动物角色母版见CHAR域，不从数值反推已渲染,LIFE-188,尺寸/配色按同母版参数派生，不重复计算独立模型,真实WebGL近/远可辨；细体素与PBR、光照和轮廓验收；资源按所有权释放；代码存在不等于美术合格
LIFE-189,葬仪台与棺具,文化生活,基础组件,文化生活,缺失待制,目标：提示词.md；对应系统存在不表示实体资产存在,程序精细体素+材质，复杂视觉件可选Tripo,米单位/+Y向上；物理占用与安装接口0.2m网格；共享FloorPlan/真实支撑；保留门洞、楼梯孔、.35m身体/1.72m眼高和功能点净空；读取真实文化作品/库存/到场/仪式时数；涉及动物角色母版见CHAR域，不从数值反推已渲染,LIFE-189,尺寸/配色按同母版参数派生，不重复计算独立模型,真实WebGL近/远可辨；细体素与PBR、光照和轮廓验收；资源按所有权释放；代码存在不等于美术合格
LIFE-190,纪念牌位,文化生活,基础组件,文化生活,缺失待制,目标：提示词.md；对应系统存在不表示实体资产存在,程序精细体素+材质，复杂视觉件可选Tripo,米单位/+Y向上；物理占用与安装接口0.2m网格；共享FloorPlan/真实支撑；保留门洞、楼梯孔、.35m身体/1.72m眼高和功能点净空；读取真实文化作品/库存/到场/仪式时数；涉及动物角色母版见CHAR域，不从数值反推已渲染,LIFE-190,尺寸/配色按同母版参数派生，不重复计算独立模型,真实WebGL近/远可辨；细体素与PBR、光照和轮廓验收；资源按所有权释放；代码存在不等于美术合格
LIFE-191,生日/家庭庆典摆台,文化生活,基础组件,文化生活,缺失待制,目标：提示词.md；对应系统存在不表示实体资产存在,程序精细体素+材质，复杂视觉件可选Tripo,米单位/+Y向上；物理占用与安装接口0.2m网格；共享FloorPlan/真实支撑；保留门洞、楼梯孔、.35m身体/1.72m眼高和功能点净空；读取真实文化作品/库存/到场/仪式时数；涉及动物角色母版见CHAR域，不从数值反推已渲染,LIFE-191,尺寸/配色按同母版参数派生，不重复计算独立模型,真实WebGL近/远可辨；细体素与PBR、光照和轮廓验收；资源按所有权释放；代码存在不等于美术合格
LIFE-192,社区茶室器具,文化生活,基础组件,文化生活,缺失待制,目标：提示词.md；对应系统存在不表示实体资产存在,程序精细体素+材质，复杂视觉件可选Tripo,米单位/+Y向上；物理占用与安装接口0.2m网格；共享FloorPlan/真实支撑；保留门洞、楼梯孔、.35m身体/1.72m眼高和功能点净空；读取真实文化作品/库存/到场/仪式时数；涉及动物角色母版见CHAR域，不从数值反推已渲染,LIFE-192,尺寸/配色按同母版参数派生，不重复计算独立模型,真实WebGL近/远可辨；细体素与PBR、光照和轮廓验收；资源按所有权释放；代码存在不等于美术合格
LIFE-193,旅游接待办理台,文化生活,基础组件,文化生活,缺失待制,目标：提示词.md；对应系统存在不表示实体资产存在,程序精细体素+材质，复杂视觉件可选Tripo,米单位/+Y向上；物理占用与安装接口0.2m网格；共享FloorPlan/真实支撑；保留门洞、楼梯孔、.35m身体/1.72m眼高和功能点净空；读取真实文化作品/库存/到场/仪式时数；涉及动物角色母版见CHAR域，不从数值反推已渲染,LIFE-193,尺寸/配色按同母版参数派生，不重复计算独立模型,真实WebGL近/远可辨；细体素与PBR、光照和轮廓验收；资源按所有权释放；代码存在不等于美术合格
LIFE-194,宠物寝窝,文化生活,基础组件,文化生活,缺失待制,目标：提示词.md；对应系统存在不表示实体资产存在,程序精细体素+材质，复杂视觉件可选Tripo,米单位/+Y向上；物理占用与安装接口0.2m网格；共享FloorPlan/真实支撑；保留门洞、楼梯孔、.35m身体/1.72m眼高和功能点净空；读取真实文化作品/库存/到场/仪式时数；涉及动物角色母版见CHAR域，不从数值反推已渲染,LIFE-194,尺寸/配色按同母版参数派生，不重复计算独立模型,真实WebGL近/远可辨；细体素与PBR、光照和轮廓验收；资源按所有权释放；代码存在不等于美术合格
LIFE-195,宠物食水盆,文化生活,基础组件,文化生活,缺失待制,目标：提示词.md；对应系统存在不表示实体资产存在,程序精细体素+材质，复杂视觉件可选Tripo,米单位/+Y向上；物理占用与安装接口0.2m网格；共享FloorPlan/真实支撑；保留门洞、楼梯孔、.35m身体/1.72m眼高和功能点净空；读取真实文化作品/库存/到场/仪式时数；涉及动物角色母版见CHAR域，不从数值反推已渲染,LIFE-195,尺寸/配色按同母版参数派生，不重复计算独立模型,真实WebGL近/远可辨；细体素与PBR、光照和轮廓验收；资源按所有权释放；代码存在不等于美术合格
LIFE-196,家务清洁工具,文化生活,基础组件,文化生活,缺失待制,目标：提示词.md；对应系统存在不表示实体资产存在,程序精细体素+材质，复杂视觉件可选Tripo,米单位/+Y向上；物理占用与安装接口0.2m网格；共享FloorPlan/真实支撑；保留门洞、楼梯孔、.35m身体/1.72m眼高和功能点净空；读取真实文化作品/库存/到场/仪式时数；涉及动物角色母版见CHAR域，不从数值反推已渲染,LIFE-196,尺寸/配色按同母版参数派生，不重复计算独立模型,真实WebGL近/远可辨；细体素与PBR、光照和轮廓验收；资源按所有权释放；代码存在不等于美术合格
LIFE-197,晾晒架,文化生活,基础组件,文化生活,已集成代码生成,src/rendering/architecture-detail.ts:292–307（home、side<0且seed偶数发晾杆/三衣片）；src/rendering/architecture-detail.ts:443–455（实际InstancedMesh接入）；src/rendering/architecture-detail.ts:220–222、139–215（current-v4普通home新详情提前return无晾衣）；src/world.ts:546–547；src/architecture-floor-plan.ts:217（core-main虽保原路径但kind不是home，不生成该晾架）,正式历史profile住宅近景程序体素晾杆/衣片；current-v4普通home迁移与实际晾晒家务绑定待制,米单位/+Y向上；保0.2m物理/编辑格、共享层高/权限/门孔/楼梯孔、.35m身体与1.72m眼高净空；原代码粗几何不等于新功能点已实现；原住宅侧墙/阳台安装锚、near驻留和实例上限；仅原home且seed偶数左侧分支；current普通home不消费该件，core-main不为home不能冒称有晾架；家务分钟/衣物库存未因此实现,LIFE-197,2.8m杆和三衣片共粗组件组合；三个衣色/各住宅实例不另计模型；current挂接必须使用新body真实壁段并保门窗净空,已有程序粗件不是外部GLB/高细度PBR成品；新profile适配、真实几何/用途点一致、近远与昼夜WebGL和普通第一人称验收仍待，不据代码存在宣称美术合格
LIFE-198,洗衣设备,文化生活,基础组件,文化生活,缺失待制,目标：提示词.md；对应系统存在不表示实体资产存在,程序精细体素+材质，复杂视觉件可选Tripo,米单位/+Y向上；物理占用与安装接口0.2m网格；共享FloorPlan/真实支撑；保留门洞、楼梯孔、.35m身体/1.72m眼高和功能点净空；读取真实文化作品/库存/到场/仪式时数；涉及动物角色母版见CHAR域，不从数值反推已渲染,LIFE-198,尺寸/配色按同母版参数派生，不重复计算独立模型,真实WebGL近/远可辨；细体素与PBR、光照和轮廓验收；资源按所有权释放；代码存在不等于美术合格
LIFE-199,美容理发台,文化生活,基础组件,文化生活,缺失待制,目标：提示词.md；对应系统存在不表示实体资产存在,程序精细体素+材质，复杂视觉件可选Tripo,米单位/+Y向上；物理占用与安装接口0.2m网格；共享FloorPlan/真实支撑；保留门洞、楼梯孔、.35m身体/1.72m眼高和功能点净空；读取真实文化作品/库存/到场/仪式时数；涉及动物角色母版见CHAR域，不从数值反推已渲染,LIFE-199,尺寸/配色按同母版参数派生，不重复计算独立模型,真实WebGL近/远可辨；细体素与PBR、光照和轮廓验收；资源按所有权释放；代码存在不等于美术合格
LIFE-200,婚丧礼品包,文化生活,基础组件,文化生活,缺失待制,目标：提示词.md；对应系统存在不表示实体资产存在,程序精细体素+材质，复杂视觉件可选Tripo,米单位/+Y向上；物理占用与安装接口0.2m网格；共享FloorPlan/真实支撑；保留门洞、楼梯孔、.35m身体/1.72m眼高和功能点净空；读取真实文化作品/库存/到场/仪式时数；涉及动物角色母版见CHAR域，不从数值反推已渲染,LIFE-200,尺寸/配色按同母版参数派生，不重复计算独立模型,真实WebGL近/远可辨；细体素与PBR、光照和轮廓验收；资源按所有权释放；代码存在不等于美术合格
LIFE-201,画展/艺术空间配置,文化生活空间,组合模板,文化生活空间,缺失待制,目标：提示词.md；对应系统存在不表示实体资产存在,组件+真实行为日程/活动契约组合,米单位/+Y向上；物理占用与安装接口0.2m网格；共享FloorPlan/真实支撑；保留门洞、楼梯孔、.35m身体/1.72m眼高和功能点净空；family.ts婚丧到场已有逻辑、culture.ts创作阅读已有逻辑；对应成熟视觉空间需制作,LIFE-201,尺寸/配色按同母版参数派生，不重复计算独立模型,真实WebGL近/远可辨；细体素与PBR、光照和轮廓验收；资源按所有权释放；代码存在不等于美术合格
LIFE-202,诗文阅读发布配置,文化生活空间,组合模板,文化生活空间,缺失待制,目标：提示词.md；对应系统存在不表示实体资产存在,组件+真实行为日程/活动契约组合,米单位/+Y向上；物理占用与安装接口0.2m网格；共享FloorPlan/真实支撑；保留门洞、楼梯孔、.35m身体/1.72m眼高和功能点净空；family.ts婚丧到场已有逻辑、culture.ts创作阅读已有逻辑；对应成熟视觉空间需制作,LIFE-202,尺寸/配色按同母版参数派生，不重复计算独立模型,真实WebGL近/远可辨；细体素与PBR、光照和轮廓验收；资源按所有权释放；代码存在不等于美术合格
LIFE-203,音乐演出配置,文化生活空间,组合模板,文化生活空间,缺失待制,目标：提示词.md；对应系统存在不表示实体资产存在,组件+真实行为日程/活动契约组合,米单位/+Y向上；物理占用与安装接口0.2m网格；共享FloorPlan/真实支撑；保留门洞、楼梯孔、.35m身体/1.72m眼高和功能点净空；family.ts婚丧到场已有逻辑、culture.ts创作阅读已有逻辑；对应成熟视觉空间需制作,LIFE-203,尺寸/配色按同母版参数派生，不重复计算独立模型,真实WebGL近/远可辨；细体素与PBR、光照和轮廓验收；资源按所有权释放；代码存在不等于美术合格
LIFE-204,信仰礼仪场所配置,文化生活空间,组合模板,文化生活空间,缺失待制,目标：提示词.md；对应系统存在不表示实体资产存在,组件+真实行为日程/活动契约组合,米单位/+Y向上；物理占用与安装接口0.2m网格；共享FloorPlan/真实支撑；保留门洞、楼梯孔、.35m身体/1.72m眼高和功能点净空；family.ts婚丧到场已有逻辑、culture.ts创作阅读已有逻辑；对应成熟视觉空间需制作,LIFE-204,尺寸/配色按同母版参数派生，不重复计算独立模型,真实WebGL近/远可辨；细体素与PBR、光照和轮廓验收；资源按所有权释放；代码存在不等于美术合格
LIFE-205,哲学交流配置,文化生活空间,组合模板,文化生活空间,缺失待制,目标：提示词.md；对应系统存在不表示实体资产存在,组件+真实行为日程/活动契约组合,米单位/+Y向上；物理占用与安装接口0.2m网格；共享FloorPlan/真实支撑；保留门洞、楼梯孔、.35m身体/1.72m眼高和功能点净空；family.ts婚丧到场已有逻辑、culture.ts创作阅读已有逻辑；对应成熟视觉空间需制作,LIFE-205,尺寸/配色按同母版参数派生，不重复计算独立模型,真实WebGL近/远可辨；细体素与PBR、光照和轮廓验收；资源按所有权释放；代码存在不等于美术合格
LIFE-206,娱乐/棋牌室配置,文化生活空间,组合模板,文化生活空间,缺失待制,目标：提示词.md；对应系统存在不表示实体资产存在,组件+真实行为日程/活动契约组合,米单位/+Y向上；物理占用与安装接口0.2m网格；共享FloorPlan/真实支撑；保留门洞、楼梯孔、.35m身体/1.72m眼高和功能点净空；family.ts婚丧到场已有逻辑、culture.ts创作阅读已有逻辑；对应成熟视觉空间需制作,LIFE-206,尺寸/配色按同母版参数派生，不重复计算独立模型,真实WebGL近/远可辨；细体素与PBR、光照和轮廓验收；资源按所有权释放；代码存在不等于美术合格
LIFE-207,体育活动场地配置,文化生活空间,组合模板,文化生活空间,缺失待制,目标：提示词.md；对应系统存在不表示实体资产存在,组件+真实行为日程/活动契约组合,米单位/+Y向上；物理占用与安装接口0.2m网格；共享FloorPlan/真实支撑；保留门洞、楼梯孔、.35m身体/1.72m眼高和功能点净空；family.ts婚丧到场已有逻辑、culture.ts创作阅读已有逻辑；对应成熟视觉空间需制作,LIFE-207,尺寸/配色按同母版参数派生，不重复计算独立模型,真实WebGL近/远可辨；细体素与PBR、光照和轮廓验收；资源按所有权释放；代码存在不等于美术合格
LIFE-208,节庆公共空间配置,文化生活空间,组合模板,文化生活空间,缺失待制,目标：提示词.md；对应系统存在不表示实体资产存在,组件+真实行为日程/活动契约组合,米单位/+Y向上；物理占用与安装接口0.2m网格；共享FloorPlan/真实支撑；保留门洞、楼梯孔、.35m身体/1.72m眼高和功能点净空；family.ts婚丧到场已有逻辑、culture.ts创作阅读已有逻辑；对应成熟视觉空间需制作,LIFE-208,尺寸/配色按同母版参数派生，不重复计算独立模型,真实WebGL近/远可辨；细体素与PBR、光照和轮廓验收；资源按所有权释放；代码存在不等于美术合格
LIFE-209,婚礼现场配置,文化生活空间,组合模板,文化生活空间,缺失待制,目标：提示词.md；对应系统存在不表示实体资产存在,组件+真实行为日程/活动契约组合,米单位/+Y向上；物理占用与安装接口0.2m网格；共享FloorPlan/真实支撑；保留门洞、楼梯孔、.35m身体/1.72m眼高和功能点净空；family.ts婚丧到场已有逻辑、culture.ts创作阅读已有逻辑；对应成熟视觉空间需制作,LIFE-209,尺寸/配色按同母版参数派生，不重复计算独立模型,真实WebGL近/远可辨；细体素与PBR、光照和轮廓验收；资源按所有权释放；代码存在不等于美术合格
LIFE-210,葬仪现场配置,文化生活空间,组合模板,文化生活空间,缺失待制,目标：提示词.md；对应系统存在不表示实体资产存在,组件+真实行为日程/活动契约组合,米单位/+Y向上；物理占用与安装接口0.2m网格；共享FloorPlan/真实支撑；保留门洞、楼梯孔、.35m身体/1.72m眼高和功能点净空；family.ts婚丧到场已有逻辑、culture.ts创作阅读已有逻辑；对应成熟视觉空间需制作,LIFE-210,尺寸/配色按同母版参数派生，不重复计算独立模型,真实WebGL近/远可辨；细体素与PBR、光照和轮廓验收；资源按所有权释放；代码存在不等于美术合格
LIFE-211,社区茶室配置,文化生活空间,组合模板,文化生活空间,缺失待制,目标：提示词.md；对应系统存在不表示实体资产存在,组件+真实行为日程/活动契约组合,米单位/+Y向上；物理占用与安装接口0.2m网格；共享FloorPlan/真实支撑；保留门洞、楼梯孔、.35m身体/1.72m眼高和功能点净空；family.ts婚丧到场已有逻辑、culture.ts创作阅读已有逻辑；对应成熟视觉空间需制作,LIFE-211,尺寸/配色按同母版参数派生，不重复计算独立模型,真实WebGL近/远可辨；细体素与PBR、光照和轮廓验收；资源按所有权释放；代码存在不等于美术合格
LIFE-212,家庭家务动线配置,文化生活空间,组合模板,文化生活空间,缺失待制,目标：提示词.md；对应系统存在不表示实体资产存在,组件+真实行为日程/活动契约组合,米单位/+Y向上；物理占用与安装接口0.2m网格；共享FloorPlan/真实支撑；保留门洞、楼梯孔、.35m身体/1.72m眼高和功能点净空；family.ts婚丧到场已有逻辑、culture.ts创作阅读已有逻辑；对应成熟视觉空间需制作,LIFE-212,尺寸/配色按同母版参数派生，不重复计算独立模型,真实WebGL近/远可辨；细体素与PBR、光照和轮廓验收；资源按所有权释放；代码存在不等于美术合格
LIFE-213,游客接待空间配置,文化生活空间,组合模板,文化生活空间,缺失待制,目标：提示词.md；对应系统存在不表示实体资产存在,组件+真实行为日程/活动契约组合,米单位/+Y向上；物理占用与安装接口0.2m网格；共享FloorPlan/真实支撑；保留门洞、楼梯孔、.35m身体/1.72m眼高和功能点净空；family.ts婚丧到场已有逻辑、culture.ts创作阅读已有逻辑；对应成熟视觉空间需制作,LIFE-213,尺寸/配色按同母版参数派生，不重复计算独立模型,真实WebGL近/远可辨；细体素与PBR、光照和轮廓验收；资源按所有权释放；代码存在不等于美术合格
LIFE-214,宠物家庭空间配置,文化生活空间,组合模板,文化生活空间,缺失待制,目标：提示词.md；对应系统存在不表示实体资产存在,组件+真实行为日程/活动契约组合,米单位/+Y向上；物理占用与安装接口0.2m网格；共享FloorPlan/真实支撑；保留门洞、楼梯孔、.35m身体/1.72m眼高和功能点净空；family.ts婚丧到场已有逻辑、culture.ts创作阅读已有逻辑；对应成熟视觉空间需制作,LIFE-214,尺寸/配色按同母版参数派生，不重复计算独立模型,真实WebGL近/远可辨；细体素与PBR、光照和轮廓验收；资源按所有权释放；代码存在不等于美术合格
LIFE-215,木家具PBR材质集,室内材质,材质贴图,室内材质,缺失待制,目标：提示词.md；对应系统存在不表示实体资产存在,PBR材质/纹理制作；原文件保留，运行时预算另验,共享原asset/图集所有权；色彩空间/法线/粗糙金属约定；2K Tripo源图不冒称已优化成1K,LIFE-215,配色/磨损/品质为同材质可控变体，图集不是独立3D模型,真实WebGL近/远可辨；细体素与PBR、光照和轮廓验收；资源按所有权释放；代码存在不等于美术合格
LIFE-216,布料寝具PBR材质集,室内材质,材质贴图,室内材质,缺失待制,目标：提示词.md；对应系统存在不表示实体资产存在,PBR材质/纹理制作；原文件保留，运行时预算另验,共享原asset/图集所有权；色彩空间/法线/粗糙金属约定；2K Tripo源图不冒称已优化成1K,LIFE-216,配色/磨损/品质为同材质可控变体，图集不是独立3D模型,真实WebGL近/远可辨；细体素与PBR、光照和轮廓验收；资源按所有权释放；代码存在不等于美术合格
LIFE-217,沙发布料PBR材质集,室内材质,材质贴图,室内材质,缺失待制,目标：提示词.md；对应系统存在不表示实体资产存在,PBR材质/纹理制作；原文件保留，运行时预算另验,共享原asset/图集所有权；色彩空间/法线/粗糙金属约定；2K Tripo源图不冒称已优化成1K,LIFE-217,配色/磨损/品质为同材质可控变体，图集不是独立3D模型,真实WebGL近/远可辨；细体素与PBR、光照和轮廓验收；资源按所有权释放；代码存在不等于美术合格
LIFE-218,家具金属PBR材质集,室内材质,材质贴图,室内材质,缺失待制,目标：提示词.md；对应系统存在不表示实体资产存在,PBR材质/纹理制作；原文件保留，运行时预算另验,共享原asset/图集所有权；色彩空间/法线/粗糙金属约定；2K Tripo源图不冒称已优化成1K,LIFE-218,配色/磨损/品质为同材质可控变体，图集不是独立3D模型,真实WebGL近/远可辨；细体素与PBR、光照和轮廓验收；资源按所有权释放；代码存在不等于美术合格
LIFE-219,陶瓷卫浴PBR材质集,室内材质,材质贴图,室内材质,缺失待制,目标：提示词.md；对应系统存在不表示实体资产存在,PBR材质/纹理制作；原文件保留，运行时预算另验,共享原asset/图集所有权；色彩空间/法线/粗糙金属约定；2K Tripo源图不冒称已优化成1K,LIFE-219,配色/磨损/品质为同材质可控变体，图集不是独立3D模型,真实WebGL近/远可辨；细体素与PBR、光照和轮廓验收；资源按所有权释放；代码存在不等于美术合格
LIFE-220,餐具釉面PBR材质集,室内材质,材质贴图,室内材质,缺失待制,目标：提示词.md；对应系统存在不表示实体资产存在,PBR材质/纹理制作；原文件保留，运行时预算另验,共享原asset/图集所有权；色彩空间/法线/粗糙金属约定；2K Tripo源图不冒称已优化成1K,LIFE-220,配色/磨损/品质为同材质可控变体，图集不是独立3D模型,真实WebGL近/远可辨；细体素与PBR、光照和轮廓验收；资源按所有权释放；代码存在不等于美术合格
LIFE-221,室内玻璃/屏幕材质集,室内材质,材质贴图,室内材质,缺失待制,目标：提示词.md；对应系统存在不表示实体资产存在,PBR材质/纹理制作；原文件保留，运行时预算另验,共享原asset/图集所有权；色彩空间/法线/粗糙金属约定；2K Tripo源图不冒称已优化成1K,LIFE-221,配色/磨损/品质为同材质可控变体，图集不是独立3D模型,真实WebGL近/远可辨；细体素与PBR、光照和轮廓验收；资源按所有权释放；代码存在不等于美术合格
LIFE-222,食品原料贴图图集,室内材质,材质贴图,室内材质,缺失待制,目标：提示词.md；对应系统存在不表示实体资产存在,PBR材质/纹理制作；原文件保留，运行时预算另验,共享原asset/图集所有权；色彩空间/法线/粗糙金属约定；2K Tripo源图不冒称已优化成1K,LIFE-222,配色/磨损/品质为同材质可控变体，图集不是独立3D模型,真实WebGL近/远可辨；细体素与PBR、光照和轮廓验收；资源按所有权释放；代码存在不等于美术合格
LIFE-223,工业货物标签图集,室内材质,材质贴图,室内材质,缺失待制,目标：提示词.md；对应系统存在不表示实体资产存在,PBR材质/纹理制作；原文件保留，运行时预算另验,共享原asset/图集所有权；色彩空间/法线/粗糙金属约定；2K Tripo源图不冒称已优化成1K,LIFE-223,配色/磨损/品质为同材质可控变体，图集不是独立3D模型,真实WebGL近/远可辨；细体素与PBR、光照和轮廓验收；资源按所有权释放；代码存在不等于美术合格
LIFE-224,医学器械标签图集,室内材质,材质贴图,室内材质,缺失待制,目标：提示词.md；对应系统存在不表示实体资产存在,PBR材质/纹理制作；原文件保留，运行时预算另验,共享原asset/图集所有权；色彩空间/法线/粗糙金属约定；2K Tripo源图不冒称已优化成1K,LIFE-224,配色/磨损/品质为同材质可控变体，图集不是独立3D模型,真实WebGL近/远可辨；细体素与PBR、光照和轮廓验收；资源按所有权释放；代码存在不等于美术合格
LIFE-225,文化纸张/画面展示材质集,室内材质,材质贴图,室内材质,缺失待制,目标：提示词.md；对应系统存在不表示实体资产存在,PBR材质/纹理制作；原文件保留，运行时预算另验,共享原asset/图集所有权；色彩空间/法线/粗糙金属约定；2K Tripo源图不冒称已优化成1K,LIFE-225,配色/磨损/品质为同材质可控变体，图集不是独立3D模型,真实WebGL近/远可辨；细体素与PBR、光照和轮廓验收；资源按所有权释放；代码存在不等于美术合格
LIFE-226,家具磨损/边缘细节图集,室内材质,材质贴图,室内材质,缺失待制,目标：提示词.md；对应系统存在不表示实体资产存在,PBR材质/纹理制作；原文件保留，运行时预算另验,共享原asset/图集所有权；色彩空间/法线/粗糙金属约定；2K Tripo源图不冒称已优化成1K,LIFE-226,配色/磨损/品质为同材质可控变体，图集不是独立3D模型,真实WebGL近/远可辨；细体素与PBR、光照和轮廓验收；资源按所有权释放；代码存在不等于美术合格
LIFE-227,住宅壁边种植长槽粗组件,文化生活,基础组件,住宅生活装饰/墙边绿化,已集成代码生成,src/rendering/architecture-detail.ts:292–297（原home两侧长槽体1.2×.6×.4与槽沿1.4×.2×.6）；src/rendering/architecture-detail.ts:443–455（实际实例接入）；src/rendering/architecture-detail.ts:220–222（current普通home提前走新详情）；src/world.ts:546–547；src/architecture-floor-plan.ts:217（core-main保原路径但非home，不生成该槽）,原profile近景程序体素槽体/槽沿；尚无外部GLB，current普通home适配/细化待制,米单位/+Y向上；保0.2m物理/编辑格、共享层高/权限/门孔/楼梯孔、.35m身体与1.72m眼高净空；原代码粗几何不等于新功能点已实现；原home侧墙/阳台安装锚，floor0/近景驻留/实例预算；current普通home必须另接新body真实壁段；跨域ENV-096独立花槽/树池、ENV-097独立花盆不同形体与安装接口，不重复生成同件,LIFE-227,两侧长槽实例复用；原seed%2槽色为参数，不每色算母版；ENV-072绿化组合可引用本组件，ENV不再另计同一壁边槽,已有程序粗件不是外部GLB/高细度PBR成品；新profile适配、真实几何/用途点一致、近远与昼夜WebGL和普通第一人称验收仍待，不据代码存在宣称美术合格；这里是长槽粗组件，不把它冒认具有真实口壁的独立罐/花盆
LIFE-228,住宅长槽内三株茎花粗组合,文化生活,组合模板,住宅盆栽装饰/长槽内种植组合,已集成代码生成,src/rendering/architecture-detail.ts:298–301（长槽内3茎与茎端花叶盒）；src/rendering/architecture-detail.ts:292–297（依附长槽）；src/rendering/architecture-detail.ts:443–455（实例接入）；src/rendering/architecture-detail.ts:220–222、139–215（current普通home新详情无该分支）；src/world.ts:546–547；src/architecture-floor-plan.ts:217（core-main非home，不生成该组合）,原profile近景程序三茎/花叶附长槽；粗花叶块未证明具体植物物种/真实花盆，current普通home缺挂接,米单位/+Y向上；保0.2m物理/编辑格、共享层高/权限/门孔/楼梯孔、.35m身体与1.72m眼高净空；原代码粗几何不等于新功能点已实现；依附LIFE-227槽内安装点；与ENV-072街院绿化组合跨域复用、ENV-061花灌木为另一待制形体；不新增三个独立植物模型/库存；current新body需真挂点，未有生长/浇水家务合同,LIFE-227,"stem[-.4,0,.4]与seed%3花色共一组合；槽体计在227，此行只计种植组合规则，不重复算长槽模型",已有程序粗件不是外部GLB/高细度PBR成品；新profile适配、真实几何/用途点一致、近远与昼夜WebGL和普通第一人称验收仍待，不据代码存在宣称美术合格；未知茎端盒只记粗花叶，不认定具体物种/罐/书
CHAR-001,现有居民近景程序组合母版,现有角色程序组件,组合模板,NPC/家庭生命周期/街道人流,已集成代码生成,"src/rendering/citizen-appearance.ts:19-51；src/renderer.ts:240,829（已消费程序组件；仅0.2m方块轮廓，未作本次美术验收）",代码生成describeCitizen；不是外部模型或成熟骨骼,只读Citizen.id/position/state/role + extension.actorProfiles.age/alive；拟visualDescriptor/骨骼socket；不写模拟或碰撞,CHAR-001,按稳定id种子组合躯干、四肢、脸、衣发饰；实例与换色不另计模型,保留真实已接入状态；当前0.2m粗轮廓仅基线，后续细体素母版需独立近景美术验收
CHAR-002,现有程序躯干,现有角色程序组件,基础组件,NPC外观/人流,已集成代码生成,src/rendering/citizen-appearance.ts:24-25；src/renderer.ts:829,复用THREE.BoxGeometry与实例矩阵生成（粗轮廓基线）,只读Citizen.id/position/state/role + extension.actorProfiles.age/alive；拟visualDescriptor/骨骼socket；不写模拟或碰撞,CHAR-002,衣装garment=1/2；不把左右镜像/居民实例算新model,当前已接入可复核尺寸/颜色/矩阵；后续需细体素轮廓与边缘层次，不能将现有方块视作最终美术通过
CHAR-003,现有程序头部,现有角色程序组件,基础组件,NPC外观/人流,已集成代码生成,"src/rendering/citizen-appearance.ts:26,95；src/renderer.ts:829",复用THREE.BoxGeometry与实例矩阵生成（粗轮廓基线）,只读Citizen.id/position/state/role + extension.actorProfiles.age/alive；拟visualDescriptor/骨骼socket；不写模拟或碰撞,CHAR-003,0.2m头部；近景使用面孔图集；不把左右镜像/居民实例算新model,当前已接入可复核尺寸/颜色/矩阵；后续需细体素轮廓与边缘层次，不能将现有方块视作最终美术通过
CHAR-004,现有程序大腿,现有角色程序组件,基础组件,NPC外观/人流,已集成代码生成,src/rendering/citizen-appearance.ts:32-33；src/renderer.ts:829,复用THREE.BoxGeometry与实例矩阵生成（粗轮廓基线）,只读Citizen.id/position/state/role + extension.actorProfiles.age/alive；拟visualDescriptor/骨骼socket；不写模拟或碰撞,CHAR-004,左右复用一个母版；不把左右镜像/居民实例算新model,当前已接入可复核尺寸/颜色/矩阵；后续需细体素轮廓与边缘层次，不能将现有方块视作最终美术通过
CHAR-005,现有程序小腿,现有角色程序组件,基础组件,NPC外观/人流,已集成代码生成,src/rendering/citizen-appearance.ts:34-37；src/renderer.ts:829,复用THREE.BoxGeometry与实例矩阵生成（粗轮廓基线）,只读Citizen.id/position/state/role + extension.actorProfiles.age/alive；拟visualDescriptor/骨骼socket；不写模拟或碰撞,CHAR-005,近景分节；坐姿小腿垂直；不把左右镜像/居民实例算新model,当前已接入可复核尺寸/颜色/矩阵；后续需细体素轮廓与边缘层次，不能将现有方块视作最终美术通过
CHAR-006,现有程序鞋足,现有角色程序组件,基础组件,NPC外观/人流,已集成代码生成,src/rendering/citizen-appearance.ts:38；src/renderer.ts:829,复用THREE.BoxGeometry与实例矩阵生成（粗轮廓基线）,只读Citizen.id/position/state/role + extension.actorProfiles.age/alive；拟visualDescriptor/骨骼socket；不写模拟或碰撞,CHAR-006,左右复用；当前单色块；不把左右镜像/居民实例算新model,当前已接入可复核尺寸/颜色/矩阵；后续需细体素轮廓与边缘层次，不能将现有方块视作最终美术通过
CHAR-007,现有远景整腿代理,现有角色程序组件,基础组件,NPC外观/人流,已集成代码生成,src/rendering/citizen-appearance.ts:39；src/renderer.ts:829,复用THREE.BoxGeometry与实例矩阵生成（粗轮廓基线）,只读Citizen.id/position/state/role + extension.actorProfiles.age/alive；拟visualDescriptor/骨骼socket；不写模拟或碰撞,CHAR-007,整腿代替上下腿；不把左右镜像/居民实例算新model,当前已接入可复核尺寸/颜色/矩阵；后续需细体素轮廓与边缘层次，不能将现有方块视作最终美术通过
CHAR-008,现有程序袖臂,现有角色程序组件,基础组件,NPC外观/人流,已集成代码生成,src/rendering/citizen-appearance.ts:40-41；src/renderer.ts:829,复用THREE.BoxGeometry与实例矩阵生成（粗轮廓基线）,只读Citizen.id/position/state/role + extension.actorProfiles.age/alive；拟visualDescriptor/骨骼socket；不写模拟或碰撞,CHAR-008,左右复用；肩轴摆动；不把左右镜像/居民实例算新model,当前已接入可复核尺寸/颜色/矩阵；后续需细体素轮廓与边缘层次，不能将现有方块视作最终美术通过
CHAR-009,现有程序手部,现有角色程序组件,基础组件,NPC外观/人流,已集成代码生成,src/rendering/citizen-appearance.ts:42；src/renderer.ts:829,复用THREE.BoxGeometry与实例矩阵生成（粗轮廓基线）,只读Citizen.id/position/state/role + extension.actorProfiles.age/alive；拟visualDescriptor/骨骼socket；不写模拟或碰撞,CHAR-009,近景裸手色块；不把左右镜像/居民实例算新model,当前已接入可复核尺寸/颜色/矩阵；后续需细体素轮廓与边缘层次，不能将现有方块视作最终美术通过
CHAR-010,现有短发后片,现有角色程序组件,基础组件,NPC外观/人流,已集成代码生成,src/rendering/citizen-appearance.ts:45；src/renderer.ts:829,复用THREE.BoxGeometry与实例矩阵生成（粗轮廓基线）,只读Citizen.id/position/state/role + extension.actorProfiles.age/alive；拟visualDescriptor/骨骼socket；不写模拟或碰撞,CHAR-010,所有近景发型的后片；不把左右镜像/居民实例算新model,当前已接入可复核尺寸/颜色/矩阵；后续需细体素轮廓与边缘层次，不能将现有方块视作最终美术通过
CHAR-011,现有长发延长片,现有角色程序组件,基础组件,NPC外观/人流,已集成代码生成,src/rendering/citizen-appearance.ts:46；src/renderer.ts:829,复用THREE.BoxGeometry与实例矩阵生成（粗轮廓基线）,只读Citizen.id/position/state/role + extension.actorProfiles.age/alive；拟visualDescriptor/骨骼socket；不写模拟或碰撞,CHAR-011,长发追加片；不把左右镜像/居民实例算新model,当前已接入可复核尺寸/颜色/矩阵；后续需细体素轮廓与边缘层次，不能将现有方块视作最终美术通过
CHAR-012,现有袍衣下摆,现有角色程序组件,基础组件,NPC外观/人流,已集成代码生成,src/rendering/citizen-appearance.ts:47；src/renderer.ts:829,复用THREE.BoxGeometry与实例矩阵生成（粗轮廓基线）,只读Citizen.id/position/state/role + extension.actorProfiles.age/alive；拟visualDescriptor/骨骼socket；不写模拟或碰撞,CHAR-012,乘坐时当前不显示；不把左右镜像/居民实例算新model,当前已接入可复核尺寸/颜色/矩阵；后续需细体素轮廓与边缘层次，不能将现有方块视作最终美术通过
CHAR-013,现有帽子轮廓,现有角色程序组件,基础组件,NPC外观/人流,已集成代码生成,src/rendering/citizen-appearance.ts:48；src/renderer.ts:829,复用THREE.BoxGeometry与实例矩阵生成（粗轮廓基线）,只读Citizen.id/position/state/role + extension.actorProfiles.age/alive；拟visualDescriptor/骨骼socket；不写模拟或碰撞,CHAR-013,12岁以上种子/警卫官条件；不把左右镜像/居民实例算新model,当前已接入可复核尺寸/颜色/矩阵；后续需细体素轮廓与边缘层次，不能将现有方块视作最终美术通过
CHAR-014,现有挎包轮廓,现有角色程序组件,基础组件,NPC外观/人流,已集成代码生成,src/rendering/citizen-appearance.ts:49；src/renderer.ts:829,复用THREE.BoxGeometry与实例矩阵生成（粗轮廓基线）,只读Citizen.id/position/state/role + extension.actorProfiles.age/alive；拟visualDescriptor/骨骼socket；不写模拟或碰撞,CHAR-014,6岁以上种子条件；不把左右镜像/居民实例算新model,当前已接入可复核尺寸/颜色/矩阵；后续需细体素轮廓与边缘层次，不能将现有方块视作最终美术通过
CHAR-015,现有婴幼儿合并脚块,现有角色程序组件,基础组件,NPC外观/人流,已集成代码生成,src/rendering/citizen-appearance.ts:27；src/renderer.ts:829,复用THREE.BoxGeometry与实例矩阵生成（粗轮廓基线）,只读Citizen.id/position/state/role + extension.actorProfiles.age/alive；拟visualDescriptor/骨骼socket；不写模拟或碰撞,CHAR-015,height<=0.6提前返回，无完整四肢；不把左右镜像/居民实例算新model,当前已接入可复核尺寸/颜色/矩阵；后续需细体素轮廓与边缘层次，不能将现有方块视作最终美术通过
CHAR-016,现有居民远景程序组合,现有角色LOD,组合模板,NPC人流/画质档,已集成代码生成,"src/rendering/citizen-appearance.ts:7,39,44-50,121,134；tests/citizen-appearance.test.ts:52-59",代码生成远景简化,只读Citizen.id/position/state/role + extension.actorProfiles.age/alive；拟visualDescriptor/骨骼socket；不写模拟或碰撞,CHAR-001,远景删面孔/手/发帽包等细节并用整腿；按quality距离切换，不产生独立人物,近远同位置/朝向/年龄轮廓；当前存在不代表最终LOD美术通过
CHAR-017,现有0至不足2岁身高档,现有年龄尺寸,配色尺寸变体,NPC生育/成长,已集成代码生成,"src/rendering/citizen-appearance.ts:15,20,24-27；tests/citizen-appearance.test.ts:17-18",参数化程序尺寸,只读Citizen.id/position/state/role + extension.actorProfiles.age/alive；拟visualDescriptor/骨骼socket；不写模拟或碰撞,CHAR-001,"age区间[0,2)使用height=0.6m；同组合派生，非新增model",年龄读权威profile；当前身高阶梯须保留，最终老幼比例不能只靠整体缩放
CHAR-018,现有2至不足6岁身高档,现有年龄尺寸,配色尺寸变体,NPC生育/成长,已集成代码生成,"src/rendering/citizen-appearance.ts:15,20,24-27；tests/citizen-appearance.test.ts:17-18",参数化程序尺寸,只读Citizen.id/position/state/role + extension.actorProfiles.age/alive；拟visualDescriptor/骨骼socket；不写模拟或碰撞,CHAR-001,"age区间[2,6)使用height=1m；同组合派生，非新增model",年龄读权威profile；当前身高阶梯须保留，最终老幼比例不能只靠整体缩放
CHAR-019,现有6至不足12岁身高档,现有年龄尺寸,配色尺寸变体,NPC生育/成长,已集成代码生成,"src/rendering/citizen-appearance.ts:15,20,24-27；tests/citizen-appearance.test.ts:17-18",参数化程序尺寸,只读Citizen.id/position/state/role + extension.actorProfiles.age/alive；拟visualDescriptor/骨骼socket；不写模拟或碰撞,CHAR-001,"age区间[6,12)使用height=1.2m；同组合派生，非新增model",年龄读权威profile；当前身高阶梯须保留，最终老幼比例不能只靠整体缩放
CHAR-020,现有12至不足18岁身高档,现有年龄尺寸,配色尺寸变体,NPC生育/成长,已集成代码生成,"src/rendering/citizen-appearance.ts:15,20,24-27；tests/citizen-appearance.test.ts:17-18",参数化程序尺寸,只读Citizen.id/position/state/role + extension.actorProfiles.age/alive；拟visualDescriptor/骨骼socket；不写模拟或碰撞,CHAR-001,"age区间[12,18)使用height=1.6m；同组合派生，非新增model",年龄读权威profile；当前身高阶梯须保留，最终老幼比例不能只靠整体缩放
CHAR-021,现有18岁以上身高档,现有年龄尺寸,配色尺寸变体,NPC生育/成长,已集成代码生成,"src/rendering/citizen-appearance.ts:15,20,24-27；tests/citizen-appearance.test.ts:17-18",参数化程序尺寸,只读Citizen.id/position/state/role + extension.actorProfiles.age/alive；拟visualDescriptor/骨骼socket；不写模拟或碰撞,CHAR-001,"age区间[18,140)使用height=1.8m；同组合派生，非新增model",年龄读权威profile；当前身高阶梯须保留，最终老幼比例不能只靠整体缩放
CHAR-022,现有衣领襟带纽扣织纹shader,现有衣饰材质,材质贴图,居民袍/夹衣,已集成代码生成,src/rendering/citizen-appearance.ts:104-112,程序shader纹理，无外部材质贴图,只读Citizen.id/position/state/role + extension.actorProfiles.age/alive；拟visualDescriptor/骨骼socket；不写模拟或碰撞,CHAR-022,garment1夹衣/2袍衣共享参数纹理,保留已实现衣纹事实；须近景检查领襟带是否可辨，不能冒称已具有完整布料材质
CHAR-023,现有六格年龄情绪面孔图集,现有面孔材质,材质贴图,NPC年龄/情绪,已集成代码生成,"src/rendering/citizen-appearance.ts:55-70,95-103,138；tests/citizen-appearance.test.ts:21-36",192×16 RGBA程序DataTexture（单共享图集）,只读Citizen.id/position/state/role + extension.actorProfiles.age/alive；拟visualDescriptor/骨骼socket；不写模拟或碰撞,CHAR-023,一个图集，六格选择；不把六格计六个脸model,清楚区分年龄/紧张格；近景像素/灰鬓仍须美术验收，图集存在不算精细表情完成
CHAR-024,现有成人平静脸格,现有面孔变体,配色尺寸变体,年龄/心理情绪,已集成代码生成,"src/rendering/citizen-appearance.ts:58-66,70,138",共享面孔图集索引,只读Citizen.id/position/state/role + extension.actorProfiles.age/alive；拟visualDescriptor/骨骼socket；不写模拟或碰撞,CHAR-023,图集格0；age>=62老年、age<18儿童；mood<35或stress>70选紧张半组,仅图集派生格；不宣称复杂脸部绑定、喜怒哀乐动画或成熟年龄造型
CHAR-025,现有老年平静脸格,现有面孔变体,配色尺寸变体,年龄/心理情绪,已集成代码生成,"src/rendering/citizen-appearance.ts:58-66,70,138",共享面孔图集索引,只读Citizen.id/position/state/role + extension.actorProfiles.age/alive；拟visualDescriptor/骨骼socket；不写模拟或碰撞,CHAR-023,图集格1；age>=62老年、age<18儿童；mood<35或stress>70选紧张半组,仅图集派生格；不宣称复杂脸部绑定、喜怒哀乐动画或成熟年龄造型
CHAR-026,现有儿童平静脸格,现有面孔变体,配色尺寸变体,年龄/心理情绪,已集成代码生成,"src/rendering/citizen-appearance.ts:58-66,70,138",共享面孔图集索引,只读Citizen.id/position/state/role + extension.actorProfiles.age/alive；拟visualDescriptor/骨骼socket；不写模拟或碰撞,CHAR-023,图集格2；age>=62老年、age<18儿童；mood<35或stress>70选紧张半组,仅图集派生格；不宣称复杂脸部绑定、喜怒哀乐动画或成熟年龄造型
CHAR-027,现有成人紧张脸格,现有面孔变体,配色尺寸变体,年龄/心理情绪,已集成代码生成,"src/rendering/citizen-appearance.ts:58-66,70,138",共享面孔图集索引,只读Citizen.id/position/state/role + extension.actorProfiles.age/alive；拟visualDescriptor/骨骼socket；不写模拟或碰撞,CHAR-023,图集格3；age>=62老年、age<18儿童；mood<35或stress>70选紧张半组,仅图集派生格；不宣称复杂脸部绑定、喜怒哀乐动画或成熟年龄造型
CHAR-028,现有老年紧张脸格,现有面孔变体,配色尺寸变体,年龄/心理情绪,已集成代码生成,"src/rendering/citizen-appearance.ts:58-66,70,138",共享面孔图集索引,只读Citizen.id/position/state/role + extension.actorProfiles.age/alive；拟visualDescriptor/骨骼socket；不写模拟或碰撞,CHAR-023,图集格4；age>=62老年、age<18儿童；mood<35或stress>70选紧张半组,仅图集派生格；不宣称复杂脸部绑定、喜怒哀乐动画或成熟年龄造型
CHAR-029,现有儿童紧张脸格,现有面孔变体,配色尺寸变体,年龄/心理情绪,已集成代码生成,"src/rendering/citizen-appearance.ts:58-66,70,138",共享面孔图集索引,只读Citizen.id/position/state/role + extension.actorProfiles.age/alive；拟visualDescriptor/骨骼socket；不写模拟或碰撞,CHAR-023,图集格5；age>=62老年、age<18儿童；mood<35或stress>70选紧张半组,仅图集派生格；不宣称复杂脸部绑定、喜怒哀乐动画或成熟年龄造型
CHAR-030,现有浅暖肤配色,现有角色配色,配色尺寸变体,居民视觉多样性,已集成代码生成,"src/rendering/citizen-appearance.ts:11,21,26,42",实例颜色参数,只读Citizen.id/position/state/role + extension.actorProfiles.age/alive；拟visualDescriptor/骨骼socket；不写模拟或碰撞,CHAR-001,seed%5索引0，色值#d6b391；不是生物身份或新model,不同肤色保持一致面孔/手部；同光照下有可辨色差
CHAR-031,现有暖中肤配色,现有角色配色,配色尺寸变体,居民视觉多样性,已集成代码生成,"src/rendering/citizen-appearance.ts:11,21,26,42",实例颜色参数,只读Citizen.id/position/state/role + extension.actorProfiles.age/alive；拟visualDescriptor/骨骼socket；不写模拟或碰撞,CHAR-001,seed%5索引1，色值#c89e7d；不是生物身份或新model,不同肤色保持一致面孔/手部；同光照下有可辨色差
CHAR-032,现有棕中肤配色,现有角色配色,配色尺寸变体,居民视觉多样性,已集成代码生成,"src/rendering/citizen-appearance.ts:11,21,26,42",实例颜色参数,只读Citizen.id/position/state/role + extension.actorProfiles.age/alive；拟visualDescriptor/骨骼socket；不写模拟或碰撞,CHAR-001,seed%5索引2，色值#b98b69；不是生物身份或新model,不同肤色保持一致面孔/手部；同光照下有可辨色差
CHAR-033,现有浅桃肤配色,现有角色配色,配色尺寸变体,居民视觉多样性,已集成代码生成,"src/rendering/citizen-appearance.ts:11,21,26,42",实例颜色参数,只读Citizen.id/position/state/role + extension.actorProfiles.age/alive；拟visualDescriptor/骨骼socket；不写模拟或碰撞,CHAR-001,seed%5索引3，色值#e4c3a3；不是生物身份或新model,不同肤色保持一致面孔/手部；同光照下有可辨色差
CHAR-034,现有深暖肤配色,现有角色配色,配色尺寸变体,居民视觉多样性,已集成代码生成,"src/rendering/citizen-appearance.ts:11,21,26,42",实例颜色参数,只读Citizen.id/position/state/role + extension.actorProfiles.age/alive；拟visualDescriptor/骨骼socket；不写模拟或碰撞,CHAR-001,seed%5索引4，色值#b77d5b；不是生物身份或新model,不同肤色保持一致面孔/手部；同光照下有可辨色差
CHAR-035,现有深青外衣配色,现有衣饰配色,配色尺寸变体,居民视觉多样性,已集成代码生成,"src/rendering/citizen-appearance.ts:12,22",稳定种子实例配色,只读Citizen.id/position/state/role + extension.actorProfiles.age/alive；拟visualDescriptor/骨骼socket；不写模拟或碰撞,CHAR-002,coat数组索引0=#365d5b；换色不新增模型,当前明确存在；最终材质/缝线/污损不能靠换色代替
CHAR-036,现有青灰外衣配色,现有衣饰配色,配色尺寸变体,居民视觉多样性,已集成代码生成,"src/rendering/citizen-appearance.ts:12,22",稳定种子实例配色,只读Citizen.id/position/state/role + extension.actorProfiles.age/alive；拟visualDescriptor/骨骼socket；不写模拟或碰撞,CHAR-002,coat数组索引1=#688478；换色不新增模型,当前明确存在；最终材质/缝线/污损不能靠换色代替
CHAR-037,现有靛灰外衣配色,现有衣饰配色,配色尺寸变体,居民视觉多样性,已集成代码生成,"src/rendering/citizen-appearance.ts:12,22",稳定种子实例配色,只读Citizen.id/position/state/role + extension.actorProfiles.age/alive；拟visualDescriptor/骨骼socket；不写模拟或碰撞,CHAR-002,coat数组索引2=#47617e；换色不新增模型,当前明确存在；最终材质/缝线/污损不能靠换色代替
CHAR-038,现有褐外衣配色,现有衣饰配色,配色尺寸变体,居民视觉多样性,已集成代码生成,"src/rendering/citizen-appearance.ts:12,22",稳定种子实例配色,只读Citizen.id/position/state/role + extension.actorProfiles.age/alive；拟visualDescriptor/骨骼socket；不写模拟或碰撞,CHAR-002,coat数组索引3=#8b6956；换色不新增模型,当前明确存在；最终材质/缝线/污损不能靠换色代替
CHAR-039,现有黄褐外衣配色,现有衣饰配色,配色尺寸变体,居民视觉多样性,已集成代码生成,"src/rendering/citizen-appearance.ts:12,22",稳定种子实例配色,只读Citizen.id/position/state/role + extension.actorProfiles.age/alive；拟visualDescriptor/骨骼socket；不写模拟或碰撞,CHAR-002,coat数组索引4=#a98563；换色不新增模型,当前明确存在；最终材质/缝线/污损不能靠换色代替
CHAR-040,现有米褐外衣配色,现有衣饰配色,配色尺寸变体,居民视觉多样性,已集成代码生成,"src/rendering/citizen-appearance.ts:12,22",稳定种子实例配色,只读Citizen.id/position/state/role + extension.actorProfiles.age/alive；拟visualDescriptor/骨骼socket；不写模拟或碰撞,CHAR-002,coat数组索引5=#b49a72；换色不新增模型,当前明确存在；最终材质/缝线/污损不能靠换色代替
CHAR-041,现有灰蓝外衣配色,现有衣饰配色,配色尺寸变体,居民视觉多样性,已集成代码生成,"src/rendering/citizen-appearance.ts:12,22",稳定种子实例配色,只读Citizen.id/position/state/role + extension.actorProfiles.age/alive；拟visualDescriptor/骨骼socket；不写模拟或碰撞,CHAR-002,coat数组索引6=#6e7680；换色不新增模型,当前明确存在；最终材质/缝线/污损不能靠换色代替
CHAR-042,现有灰紫外衣配色,现有衣饰配色,配色尺寸变体,居民视觉多样性,已集成代码生成,"src/rendering/citizen-appearance.ts:12,22",稳定种子实例配色,只读Citizen.id/position/state/role + extension.actorProfiles.age/alive；拟visualDescriptor/骨骼socket；不写模拟或碰撞,CHAR-002,coat数组索引7=#78617e；换色不新增模型,当前明确存在；最终材质/缝线/污损不能靠换色代替
CHAR-043,现有墨绿裤装配色,现有衣饰配色,配色尺寸变体,居民视觉多样性,已集成代码生成,"src/rendering/citizen-appearance.ts:13,22",稳定种子实例配色,只读Citizen.id/position/state/role + extension.actorProfiles.age/alive；拟visualDescriptor/骨骼socket；不写模拟或碰撞,CHAR-004,pants数组索引0=#3c4844；换色不新增模型,当前明确存在；最终材质/缝线/污损不能靠换色代替
CHAR-044,现有深灰蓝裤装配色,现有衣饰配色,配色尺寸变体,居民视觉多样性,已集成代码生成,"src/rendering/citizen-appearance.ts:13,22",稳定种子实例配色,只读Citizen.id/position/state/role + extension.actorProfiles.age/alive；拟visualDescriptor/骨骼socket；不写模拟或碰撞,CHAR-004,pants数组索引1=#4b505c；换色不新增模型,当前明确存在；最终材质/缝线/污损不能靠换色代替
CHAR-045,现有灰褐裤装配色,现有衣饰配色,配色尺寸变体,居民视觉多样性,已集成代码生成,"src/rendering/citizen-appearance.ts:13,22",稳定种子实例配色,只读Citizen.id/position/state/role + extension.actorProfiles.age/alive；拟visualDescriptor/骨骼socket；不写模拟或碰撞,CHAR-004,pants数组索引2=#61574e；换色不新增模型,当前明确存在；最终材质/缝线/污损不能靠换色代替
CHAR-046,现有墨紫灰裤装配色,现有衣饰配色,配色尺寸变体,居民视觉多样性,已集成代码生成,"src/rendering/citizen-appearance.ts:13,22",稳定种子实例配色,只读Citizen.id/position/state/role + extension.actorProfiles.age/alive；拟visualDescriptor/骨骼socket；不写模拟或碰撞,CHAR-004,pants数组索引3=#40434f；换色不新增模型,当前明确存在；最终材质/缝线/污损不能靠换色代替
CHAR-047,现有深色发配色,现有发色,配色尺寸变体,NPC衰老/稳定外观,已集成代码生成,"src/rendering/citizen-appearance.ts:21,45-46",年龄/种子颜色参数,只读Citizen.id/position/state/role + extension.actorProfiles.age/alive；拟visualDescriptor/骨骼socket；不写模拟或碰撞,CHAR-010,发片颜色#2e302c；灰发age>=62，不生成新发型,与面孔老年灰鬓一致；灰色存在不代表老年形体细节完成
CHAR-048,现有棕发配色,现有发色,配色尺寸变体,NPC衰老/稳定外观,已集成代码生成,"src/rendering/citizen-appearance.ts:21,45-46",年龄/种子颜色参数,只读Citizen.id/position/state/role + extension.actorProfiles.age/alive；拟visualDescriptor/骨骼socket；不写模拟或碰撞,CHAR-010,发片颜色#5b4538；灰发age>=62，不生成新发型,与面孔老年灰鬓一致；灰色存在不代表老年形体细节完成
CHAR-049,现有62岁以上灰发配色,现有发色,配色尺寸变体,NPC衰老/稳定外观,已集成代码生成,"src/rendering/citizen-appearance.ts:21,45-46",年龄/种子颜色参数,只读Citizen.id/position/state/role + extension.actorProfiles.age/alive；拟visualDescriptor/骨骼socket；不写模拟或碰撞,CHAR-010,发片颜色#92938d；灰发age>=62，不生成新发型,与面孔老年灰鬓一致；灰色存在不代表老年形体细节完成
CHAR-050,现有警察衣帽配色,现有职业配色,配色尺寸变体,职业身份,已集成代码生成,"src/rendering/citizen-appearance.ts:20,22,48",role正则配色/帽条件,只读Citizen.id/position/state/role + extension.actorProfiles.age/alive；拟visualDescriptor/骨骼socket；不写模拟或碰撞,CHAR-002,role匹配警|police取#546d85；不是完整独立制服/职业人model,职业视觉当前仅色/帽区别；未来制服须有剪裁、标识与装备的形体差异
CHAR-051,现有守卫士兵衣配色,现有职业配色,配色尺寸变体,职业身份,已集成代码生成,"src/rendering/citizen-appearance.ts:20,22,48",role正则配色/帽条件,只读Citizen.id/position/state/role + extension.actorProfiles.age/alive；拟visualDescriptor/骨骼socket；不写模拟或碰撞,CHAR-002,role匹配卫|soldier取#69785c；不是完整独立制服/职业人model,职业视觉当前仅色/帽区别；未来制服须有剪裁、标识与装备的形体差异
CHAR-052,现有教师衣配色,现有职业配色,配色尺寸变体,职业身份,已集成代码生成,"src/rendering/citizen-appearance.ts:20,22,48",role正则配色/帽条件,只读Citizen.id/position/state/role + extension.actorProfiles.age/alive；拟visualDescriptor/骨骼socket；不写模拟或碰撞,CHAR-002,role匹配师|teacher取#7b977d；不是完整独立制服/职业人model,职业视觉当前仅色/帽区别；未来制服须有剪裁、标识与装备的形体差异
CHAR-053,现有商人衣配色,现有职业配色,配色尺寸变体,职业身份,已集成代码生成,"src/rendering/citizen-appearance.ts:20,22,48",role正则配色/帽条件,只读Citizen.id/position/state/role + extension.actorProfiles.age/alive；拟visualDescriptor/骨骼socket；不写模拟或碰撞,CHAR-002,role匹配商|merchant取#a87d50；不是完整独立制服/职业人model,职业视觉当前仅色/帽区别；未来制服须有剪裁、标识与装备的形体差异
CHAR-054,现有居民静态站姿,现有程序姿态,动画特效,人物移动/交通/死亡,已集成代码生成,"src/rendering/citizen-appearance.ts:28-42；tests/citizen-appearance.test.ts:40-49,62-69",无骨骼的实例矩阵姿态生成,只读权威活动/位置差/暂停、角色朝向；拟动画状态适配器/接触点；不得以动画驱动资金、身体路线或时间,CHAR-001,非walking/seated/dead时摆肢量0；不是骨骼动画model,保留现有可观察姿态；不称上车/落座/离车/死亡过渡成熟动画已做
CHAR-055,现有位移驱动摆肢步态,现有程序姿态,动画特效,人物移动/交通/死亡,已集成代码生成,"src/rendering/citizen-appearance.ts:28-42,127-132；tests/citizen-appearance.test.ts:40-49,62-69",无骨骼的实例矩阵姿态生成,只读权威活动/位置差/暂停、角色朝向；拟动画状态适配器/接触点；不得以动画驱动资金、身体路线或时间,CHAR-001,仅state=moving；travel*PI/1.1推进phase，暂停不推进；不是骨骼动画model,保留现有可观察姿态；不称上车/落座/离车/死亡过渡成熟动画已做
CHAR-056,现有乘客坐姿,现有程序姿态,动画特效,人物移动/交通/死亡,已集成代码生成,"src/rendering/citizen-appearance.ts:30,36,40,128；tests/citizen-appearance.test.ts:40-49,62-69",无骨骼的实例矩阵姿态生成,只读权威活动/位置差/暂停、角色朝向；拟动画状态适配器/接触点；不得以动画驱动资金、身体路线或时间,CHAR-001,state=riding大腿转-PI/2、小腿垂直、臂-.7；不是骨骼动画model,保留现有可观察姿态；不称上车/落座/离车/死亡过渡成熟动画已做
CHAR-057,现有死亡平躺变换,现有程序姿态,动画特效,人物移动/交通/死亡,已集成代码生成,"src/rendering/citizen-appearance.ts:125,133-143；tests/citizen-appearance.test.ts:40-49,62-69",无骨骼的实例矩阵姿态生成,只读权威活动/位置差/暂停、角色朝向；拟动画状态适配器/接触点；不得以动画驱动资金、身体路线或时间,CHAR-001,原位置躯干/四肢整体转PI/2，无死亡动作clip；不是骨骼动画model,保留现有可观察姿态；不称上车/落座/离车/死亡过渡成熟动画已做
CHAR-058,现有葬礼完成后的遗体隐藏表现,现有生命呈现,动画特效,家庭葬礼/死亡,已集成代码生成,"src/rendering/citizen-appearance.ts:122,133；src/simulation/family.ts:448-461；tests/citizen-appearance.test.ts:68-69",只读完成仪式后不提交该居民绘制,只读权威活动/位置差/暂停、角色朝向；拟动画状态适配器/接触点；不得以动画驱动资金、身体路线或时间,CHAR-057,family.ceremonies.kind=funeral且completedAt非null；不视为已具有棺葬物件/葬礼动画,亡者原状态/位置不改；未完成葬礼仍可见，完成后隐藏；仪式视觉仍待制
CHAR-059,精细体素成年人体母版A（直线肩胯）,精细角色母版,基础组件,玩家/NPC通用身体,缺失待制,"提示词.md:57-65,171；src/rendering/citizen-appearance.ts:19-51（当前部件封闭清单未含本精细组件）",先单件细体素概念图与尺度核形，再Tripo图生视觉件候选/手工体素建模；离线验GLB、硬边、平面法线与5cm细格，不改0.2m玩法网格,只读Citizen.id/position/state/role + extension.actorProfiles.age/alive；拟visualDescriptor/骨骼socket；不写模拟或碰撞,CHAR-059,独立形体母版；配色、年龄与穿搭另派生，不按实例数计件,近景有可辨的细体素轮廓、五官/拼接层次；5cm细格与硬边法线，无粗大方块替代；米制原点/朝向一致，绑定与LOD同形；不改受保护身体净空；体型为外观选择，不从服饰推断性别/身份
CHAR-060,精细体素成年人体母版B（圆柔肩胯）,精细角色母版,基础组件,玩家/NPC通用身体,缺失待制,"提示词.md:57-65,171；src/rendering/citizen-appearance.ts:19-51（当前部件封闭清单未含本精细组件）",先单件细体素概念图与尺度核形，再Tripo图生视觉件候选/手工体素建模；离线验GLB、硬边、平面法线与5cm细格，不改0.2m玩法网格,只读Citizen.id/position/state/role + extension.actorProfiles.age/alive；拟visualDescriptor/骨骼socket；不写模拟或碰撞,CHAR-060,独立形体母版；配色、年龄与穿搭另派生，不按实例数计件,近景有可辨的细体素轮廓、五官/拼接层次；5cm细格与硬边法线，无粗大方块替代；米制原点/朝向一致，绑定与LOD同形；不改受保护身体净空；体型为外观选择，不从服饰推断性别/身份
CHAR-061,精细体素婴儿身体母版,精细角色母版,基础组件,出生/照护,缺失待制,"提示词.md:75；src/simulation/family.ts:14-32,376-443；src/rendering/citizen-appearance.ts:15,20-21（生命数据已存在，非精细造型资产）",先单件细体素概念图与尺度核形，再Tripo图生视觉件候选/手工体素建模；离线验GLB、硬边、平面法线与5cm细格，不改0.2m玩法网格,只读Citizen.id/position/state/role + extension.actorProfiles.age/alive；拟visualDescriptor/骨骼socket；不写模拟或碰撞,CHAR-061,独立形体母版；配色、年龄与穿搭另派生，不按实例数计件,近景有可辨的细体素轮廓、五官/拼接层次；5cm细格与硬边法线，无粗大方块替代；米制原点/朝向一致，绑定与LOD同形；不改受保护身体净空；体型为外观选择，不从服饰推断性别/身份
CHAR-062,精细体素学龄前身体母版,精细角色母版,基础组件,幼儿成长/照护,缺失待制,"提示词.md:75；src/simulation/family.ts:14-32,376-443；src/rendering/citizen-appearance.ts:15,20-21（生命数据已存在，非精细造型资产）",先单件细体素概念图与尺度核形，再Tripo图生视觉件候选/手工体素建模；离线验GLB、硬边、平面法线与5cm细格，不改0.2m玩法网格,只读Citizen.id/position/state/role + extension.actorProfiles.age/alive；拟visualDescriptor/骨骼socket；不写模拟或碰撞,CHAR-062,独立形体母版；配色、年龄与穿搭另派生，不按实例数计件,近景有可辨的细体素轮廓、五官/拼接层次；5cm细格与硬边法线，无粗大方块替代；米制原点/朝向一致，绑定与LOD同形；不改受保护身体净空；体型为外观选择，不从服饰推断性别/身份
CHAR-063,精细体素学龄儿童身体母版,精细角色母版,基础组件,学堂/家庭,缺失待制,"提示词.md:75；src/simulation/family.ts:14-32,376-443；src/rendering/citizen-appearance.ts:15,20-21（生命数据已存在，非精细造型资产）",先单件细体素概念图与尺度核形，再Tripo图生视觉件候选/手工体素建模；离线验GLB、硬边、平面法线与5cm细格，不改0.2m玩法网格,只读Citizen.id/position/state/role + extension.actorProfiles.age/alive；拟visualDescriptor/骨骼socket；不写模拟或碰撞,CHAR-063,独立形体母版；配色、年龄与穿搭另派生，不按实例数计件,近景有可辨的细体素轮廓、五官/拼接层次；5cm细格与硬边法线，无粗大方块替代；米制原点/朝向一致，绑定与LOD同形；不改受保护身体净空；体型为外观选择，不从服饰推断性别/身份
CHAR-064,精细体素青少年身体母版,精细角色母版,基础组件,教育/成年过渡,缺失待制,"提示词.md:75；src/simulation/family.ts:14-32,376-443；src/rendering/citizen-appearance.ts:15,20-21（生命数据已存在，非精细造型资产）",先单件细体素概念图与尺度核形，再Tripo图生视觉件候选/手工体素建模；离线验GLB、硬边、平面法线与5cm细格，不改0.2m玩法网格,只读Citizen.id/position/state/role + extension.actorProfiles.age/alive；拟visualDescriptor/骨骼socket；不写模拟或碰撞,CHAR-064,独立形体母版；配色、年龄与穿搭另派生，不按实例数计件,近景有可辨的细体素轮廓、五官/拼接层次；5cm细格与硬边法线，无粗大方块替代；米制原点/朝向一致，绑定与LOD同形；不改受保护身体净空；体型为外观选择，不从服饰推断性别/身份
CHAR-065,精细体素老年身体母版,精细角色母版,基础组件,衰老/医护,缺失待制,"src/rendering/citizen-appearance.ts:15,21,70；src/simulation/extensions.ts:149-155（现仅灰发/老脸，没有老人体态）",先单件细体素概念图与尺度核形，再Tripo图生视觉件候选/手工体素建模；离线验GLB、硬边、平面法线与5cm细格，不改0.2m玩法网格,只读Citizen.id/position/state/role + extension.actorProfiles.age/alive；拟visualDescriptor/骨骼socket；不写模拟或碰撞,CHAR-065,独立形体母版；配色、年龄与穿搭另派生，不按实例数计件,近景有可辨的细体素轮廓、五官/拼接层次；5cm细格与硬边法线，无粗大方块替代；米制原点/朝向一致，绑定与LOD同形；不改受保护身体净空；体型为外观选择，不从服饰推断性别/身份
CHAR-066,精细成年头部母版,精细角色母版,基础组件,五官/发饰挂点,缺失待制,"提示词.md:57-65,171；src/rendering/citizen-appearance.ts:19-51（当前部件封闭清单未含本精细组件）",先单件细体素概念图与尺度核形，再Tripo图生视觉件候选/手工体素建模；离线验GLB、硬边、平面法线与5cm细格，不改0.2m玩法网格,只读Citizen.id/position/state/role + extension.actorProfiles.age/alive；拟visualDescriptor/骨骼socket；不写模拟或碰撞,CHAR-066,独立形体母版；配色、年龄与穿搭另派生，不按实例数计件,近景有可辨的细体素轮廓、五官/拼接层次；5cm细格与硬边法线，无粗大方块替代；米制原点/朝向一致，绑定与LOD同形；不改受保护身体净空；体型为外观选择，不从服饰推断性别/身份
CHAR-067,精细婴幼儿头部母版,精细角色母版,基础组件,照护/年龄比例,缺失待制,"提示词.md:75；src/simulation/family.ts:14-32,376-443；src/rendering/citizen-appearance.ts:15,20-21（生命数据已存在，非精细造型资产）",先单件细体素概念图与尺度核形，再Tripo图生视觉件候选/手工体素建模；离线验GLB、硬边、平面法线与5cm细格，不改0.2m玩法网格,只读Citizen.id/position/state/role + extension.actorProfiles.age/alive；拟visualDescriptor/骨骼socket；不写模拟或碰撞,CHAR-067,独立形体母版；配色、年龄与穿搭另派生，不按实例数计件,近景有可辨的细体素轮廓、五官/拼接层次；5cm细格与硬边法线，无粗大方块替代；米制原点/朝向一致，绑定与LOD同形；不改受保护身体净空；体型为外观选择，不从服饰推断性别/身份
CHAR-068,精细儿童头部母版,精细角色母版,基础组件,儿童面孔,缺失待制,"提示词.md:75；src/simulation/family.ts:14-32,376-443；src/rendering/citizen-appearance.ts:15,20-21（生命数据已存在，非精细造型资产）",先单件细体素概念图与尺度核形，再Tripo图生视觉件候选/手工体素建模；离线验GLB、硬边、平面法线与5cm细格，不改0.2m玩法网格,只读Citizen.id/position/state/role + extension.actorProfiles.age/alive；拟visualDescriptor/骨骼socket；不写模拟或碰撞,CHAR-068,独立形体母版；配色、年龄与穿搭另派生，不按实例数计件,近景有可辨的细体素轮廓、五官/拼接层次；5cm细格与硬边法线，无粗大方块替代；米制原点/朝向一致，绑定与LOD同形；不改受保护身体净空；体型为外观选择，不从服饰推断性别/身份
CHAR-069,精细老年头部母版,精细角色母版,基础组件,衰老面孔,缺失待制,"src/rendering/citizen-appearance.ts:26,55-70（现有老脸图集但统一头块）",先单件细体素概念图与尺度核形，再Tripo图生视觉件候选/手工体素建模；离线验GLB、硬边、平面法线与5cm细格，不改0.2m玩法网格,只读Citizen.id/position/state/role + extension.actorProfiles.age/alive；拟visualDescriptor/骨骼socket；不写模拟或碰撞,CHAR-069,独立形体母版；配色、年龄与穿搭另派生，不按实例数计件,近景有可辨的细体素轮廓、五官/拼接层次；5cm细格与硬边法线，无粗大方块替代；米制原点/朝向一致，绑定与LOD同形；不改受保护身体净空；体型为外观选择，不从服饰推断性别/身份
CHAR-070,精细体素可握持手母版,精细角色母版,基础组件,玩家/NPC手部socket,缺失待制,src/rendering/citizen-appearance.ts:42（现仅0.2m块手）；提示词.md:65,先单件细体素概念图与尺度核形，再Tripo图生视觉件候选/手工体素建模；离线验GLB、硬边、平面法线与5cm细格，不改0.2m玩法网格,只读Citizen.id/position/state/role + extension.actorProfiles.age/alive；拟visualDescriptor/骨骼socket；不写模拟或碰撞,CHAR-070,独立形体母版；配色、年龄与穿搭另派生，不按实例数计件,近景有可辨的细体素轮廓、五官/拼接层次；5cm细格与硬边法线，无粗大方块替代；米制原点/朝向一致，绑定与LOD同形；不改受保护身体净空；体型为外观选择，不从服饰推断性别/身份
CHAR-071,精细体素裸足母版,精细角色母版,基础组件,睡眠/居家/衣鞋更换,缺失待制,"提示词.md:57-65,171；src/rendering/citizen-appearance.ts:19-51（当前部件封闭清单未含本精细组件）",先单件细体素概念图与尺度核形，再Tripo图生视觉件候选/手工体素建模；离线验GLB、硬边、平面法线与5cm细格，不改0.2m玩法网格,只读Citizen.id/position/state/role + extension.actorProfiles.age/alive；拟visualDescriptor/骨骼socket；不写模拟或碰撞,CHAR-071,独立形体母版；配色、年龄与穿搭另派生，不按实例数计件,近景有可辨的细体素轮廓、五官/拼接层次；5cm细格与硬边法线，无粗大方块替代；米制原点/朝向一致，绑定与LOD同形；不改受保护身体净空；体型为外观选择，不从服饰推断性别/身份
CHAR-072,孕期腹部造型替换件,精细角色母版,基础组件,孕期/生命周期,缺失待制,"src/simulation/family.ts:14-21,181,376-388；src/rendering/citizen-appearance.ts:19-51（Pregnancy已存，外观未读）",先单件细体素概念图与尺度核形，再Tripo图生视觉件候选/手工体素建模；离线验GLB、硬边、平面法线与5cm细格，不改0.2m玩法网格,只读Citizen.id/position/state/role + extension.actorProfiles.age/alive；拟visualDescriptor/骨骼socket；不写模拟或碰撞,CHAR-072,独立形体母版；配色、年龄与穿搭另派生，不按实例数计件,近景有可辨的细体素轮廓、五官/拼接层次；5cm细格与硬边法线，无粗大方块替代；米制原点/朝向一致，绑定与LOD同形；不改受保护身体净空；体型为外观选择，不从服饰推断性别/身份
CHAR-073,通用人体骨骼与手足挂点母版,精细角色母版,基础组件,人形动作/衣装重定向,缺失待制,"src/rendering/citizen-appearance.ts:5,77-83,140-144（现为BoxGeometry矩阵，无Skeleton/SkinnedMesh）",统一手工绑定与socket规范；先单件细体素概念图与尺度核形，再Tripo图生视觉件候选/手工体素建模；离线验GLB、硬边、平面法线与5cm细格，不改0.2m玩法网格,只读Citizen.id/position/state/role + extension.actorProfiles.age/alive；拟visualDescriptor/骨骼socket；不写模拟或碰撞,CHAR-073,独立形体母版；配色、年龄与穿搭另派生，不按实例数计件,近景有可辨的细体素轮廓、五官/拼接层次；5cm细格与硬边法线，无粗大方块替代；米制原点/朝向一致，绑定与LOD同形；不改受保护身体净空；体型为外观选择，不从服饰推断性别/身份
CHAR-074,儿童比例人体骨骼母版,精细角色母版,基础组件,儿童/照护动作,缺失待制,"提示词.md:75；src/simulation/family.ts:14-32,376-443；src/rendering/citizen-appearance.ts:15,20-21（生命数据已存在，非精细造型资产）",统一手工绑定与socket规范；先单件细体素概念图与尺度核形，再Tripo图生视觉件候选/手工体素建模；离线验GLB、硬边、平面法线与5cm细格，不改0.2m玩法网格,只读Citizen.id/position/state/role + extension.actorProfiles.age/alive；拟visualDescriptor/骨骼socket；不写模拟或碰撞,CHAR-074,独立形体母版；配色、年龄与穿搭另派生，不按实例数计件,近景有可辨的细体素轮廓、五官/拼接层次；5cm细格与硬边法线，无粗大方块替代；米制原点/朝向一致，绑定与LOD同形；不改受保护身体净空；体型为外观选择，不从服饰推断性别/身份
CHAR-075,玩家第一人称双手前臂母版,精细角色母版,基础组件,玩家持物/交互,缺失待制,"src/types.ts:29；src/controller.ts:13,119；src/rendering/citizen-appearance.ts:124（只遍历citizens，不绘player身体）",先单件细体素概念图与尺度核形，再Tripo图生视觉件候选/手工体素建模；离线验GLB、硬边、平面法线与5cm细格，不改0.2m玩法网格,只读Citizen.id/position/state/role + extension.actorProfiles.age/alive；拟visualDescriptor/骨骼socket；不写模拟或碰撞,CHAR-075,独立形体母版；配色、年龄与穿搭另派生，不按实例数计件,近景有可辨的细体素轮廓、五官/拼接层次；5cm细格与硬边法线，无粗大方块替代；米制原点/朝向一致，绑定与LOD同形；不改受保护身体净空；体型为外观选择，不从服饰推断性别/身份
CHAR-076,成年人瘦体型,角色体型年龄派生,配色尺寸变体,生命成长/视觉多样性,缺失待制,"提示词.md:75；src/simulation/family.ts:14-32,376-443；src/rendering/citizen-appearance.ts:15,20-21（生命数据已存在，非精细造型资产）",受控局部参数与统一材质派生,只读Citizen.id/position/state/role + extension.actorProfiles.age/alive；拟visualDescriptor/骨骼socket；不写模拟或碰撞,CHAR-059,局部肩/腰/四肢比例派生，不整体随机缩放,近景有可辨的细体素轮廓、五官/拼接层次；5cm细格与硬边法线，无粗大方块替代；米制原点/朝向一致，绑定与LOD同形；不改受保护身体净空；派生不另算独立模型
CHAR-077,成年人丰体型,角色体型年龄派生,配色尺寸变体,生命成长/视觉多样性,缺失待制,"提示词.md:75；src/simulation/family.ts:14-32,376-443；src/rendering/citizen-appearance.ts:15,20-21（生命数据已存在，非精细造型资产）",受控局部参数与统一材质派生,只读Citizen.id/position/state/role + extension.actorProfiles.age/alive；拟visualDescriptor/骨骼socket；不写模拟或碰撞,CHAR-060,局部腰腹/肢围派生，衣装仍贴合,近景有可辨的细体素轮廓、五官/拼接层次；5cm细格与硬边法线，无粗大方块替代；米制原点/朝向一致，绑定与LOD同形；不改受保护身体净空；派生不另算独立模型
CHAR-078,成年人体矮个尺寸,角色体型年龄派生,配色尺寸变体,生命成长/视觉多样性,缺失待制,"提示词.md:75；src/simulation/family.ts:14-32,376-443；src/rendering/citizen-appearance.ts:15,20-21（生命数据已存在，非精细造型资产）",受控局部参数与统一材质派生,只读Citizen.id/position/state/role + extension.actorProfiles.age/alive；拟visualDescriptor/骨骼socket；不写模拟或碰撞,CHAR-059,受控身高参数；匹配动作腿长与挂点,近景有可辨的细体素轮廓、五官/拼接层次；5cm细格与硬边法线，无粗大方块替代；米制原点/朝向一致，绑定与LOD同形；不改受保护身体净空；派生不另算独立模型
CHAR-079,成年人体高个尺寸,角色体型年龄派生,配色尺寸变体,生命成长/视觉多样性,缺失待制,"提示词.md:75；src/simulation/family.ts:14-32,376-443；src/rendering/citizen-appearance.ts:15,20-21（生命数据已存在，非精细造型资产）",受控局部参数与统一材质派生,只读Citizen.id/position/state/role + extension.actorProfiles.age/alive；拟visualDescriptor/骨骼socket；不写模拟或碰撞,CHAR-059,受控身高参数；镜头/玩法净空保持原契约,近景有可辨的细体素轮廓、五官/拼接层次；5cm细格与硬边法线，无粗大方块替代；米制原点/朝向一致，绑定与LOD同形；不改受保护身体净空；派生不另算独立模型
CHAR-080,老年弯背体态,角色体型年龄派生,配色尺寸变体,生命成长/视觉多样性,缺失待制,"提示词.md:75；src/simulation/family.ts:14-32,376-443；src/rendering/citizen-appearance.ts:15,20-21（生命数据已存在，非精细造型资产）",受控局部参数与统一材质派生,只读Citizen.id/position/state/role + extension.actorProfiles.age/alive；拟visualDescriptor/骨骼socket；不写模拟或碰撞,CHAR-065,脊柱姿态/肩背派生，非新人物实体,近景有可辨的细体素轮廓、五官/拼接层次；5cm细格与硬边法线，无粗大方块替代；米制原点/朝向一致，绑定与LOD同形；不改受保护身体净空；派生不另算独立模型
CHAR-081,病弱体态,角色体型年龄派生,配色尺寸变体,生命成长/视觉多样性,缺失待制,"提示词.md:75；src/simulation/family.ts:14-32,376-443；src/rendering/citizen-appearance.ts:15,20-21（生命数据已存在，非精细造型资产）",受控局部参数与统一材质派生,只读Citizen.id/position/state/role + extension.actorProfiles.age/alive；拟visualDescriptor/骨骼socket；不写模拟或碰撞,CHAR-059,只读健康选择形态/站姿，不改健康或行速,近景有可辨的细体素轮廓、五官/拼接层次；5cm细格与硬边法线，无粗大方块替代；米制原点/朝向一致，绑定与LOD同形；不改受保护身体净空；派生不另算独立模型
CHAR-082,孕期渐变尺寸,角色体型年龄派生,配色尺寸变体,生命成长/视觉多样性,缺失待制,"提示词.md:75；src/simulation/family.ts:14-32,376-443；src/rendering/citizen-appearance.ts:15,20-21（生命数据已存在，非精细造型资产）",受控局部参数与统一材质派生,只读Citizen.id/position/state/role + extension.actorProfiles.age/alive；拟visualDescriptor/骨骼socket；不写模拟或碰撞,CHAR-072,按Pregnancy.startedAt/dueAt分段映射，不改孕期timer,近景有可辨的细体素轮廓、五官/拼接层次；5cm细格与硬边法线，无粗大方块替代；米制原点/朝向一致，绑定与LOD同形；不改受保护身体净空；派生不另算独立模型
CHAR-083,同角色成长面部过渡,角色体型年龄派生,配色尺寸变体,生命成长/视觉多样性,缺失待制,"提示词.md:75；src/simulation/family.ts:14-32,376-443；src/rendering/citizen-appearance.ts:15,20-21（生命数据已存在，非精细造型资产）",受控局部参数与统一材质派生,只读Citizen.id/position/state/role + extension.actorProfiles.age/alive；拟visualDescriptor/骨骼socket；不写模拟或碰撞,CHAR-066,随age切年龄母版与纹理，保持角色id辨识,近景有可辨的细体素轮廓、五官/拼接层次；5cm细格与硬边法线，无粗大方块替代；米制原点/朝向一致，绑定与LOD同形；不改受保护身体净空；派生不另算独立模型
CHAR-084,精细肤色材质参数组,角色体型年龄派生,配色尺寸变体,生命成长/视觉多样性,缺失待制,"提示词.md:75；src/simulation/family.ts:14-32,376-443；src/rendering/citizen-appearance.ts:15,20-21（生命数据已存在，非精细造型资产）",受控局部参数与统一材质派生,只读Citizen.id/position/state/role + extension.actorProfiles.age/alive；拟visualDescriptor/骨骼socket；不写模拟或碰撞,CHAR-066,沿用现有五肤色参数并处理皮肤面/手脚一致；一组调色资源不扩成新model,近景有可辨的细体素轮廓、五官/拼接层次；5cm细格与硬边法线，无粗大方块替代；米制原点/朝向一致，绑定与LOD同形；不改受保护身体净空；派生不另算独立模型
CHAR-085,利落短发细体素母版,发型与面部毛发,基础组件,角色外观/美容,缺失待制,"提示词.md:57-65,171；src/rendering/citizen-appearance.ts:19-51（当前部件封闭清单未含本精细组件）",手工模块化细体素服饰优先；Tripo单件视觉候选需重拓扑、统一绑定、离线检查后再接入,只读Citizen.id/position/state/role + extension.actorProfiles.age/alive；拟visualDescriptor/骨骼socket；不写模拟或碰撞,CHAR-085,形体不同的可拆头部挂件；发色作为参数，不按色数增模型,近景有可辨的细体素轮廓、五官/拼接层次；5cm细格与硬边法线，无粗大方块替代；米制原点/朝向一致，绑定与LOD同形；不改受保护身体净空；无头皮穿插，头发在转头/坐姿下不穿衣领
CHAR-086,侧分短发细体素母版,发型与面部毛发,基础组件,角色外观/美容,缺失待制,"提示词.md:57-65,171；src/rendering/citizen-appearance.ts:19-51（当前部件封闭清单未含本精细组件）",手工模块化细体素服饰优先；Tripo单件视觉候选需重拓扑、统一绑定、离线检查后再接入,只读Citizen.id/position/state/role + extension.actorProfiles.age/alive；拟visualDescriptor/骨骼socket；不写模拟或碰撞,CHAR-086,形体不同的可拆头部挂件；发色作为参数，不按色数增模型,近景有可辨的细体素轮廓、五官/拼接层次；5cm细格与硬边法线，无粗大方块替代；米制原点/朝向一致，绑定与LOD同形；不改受保护身体净空；无头皮穿插，头发在转头/坐姿下不穿衣领
CHAR-087,自然微卷短发母版,发型与面部毛发,基础组件,角色外观/美容,缺失待制,"提示词.md:57-65,171；src/rendering/citizen-appearance.ts:19-51（当前部件封闭清单未含本精细组件）",手工模块化细体素服饰优先；Tripo单件视觉候选需重拓扑、统一绑定、离线检查后再接入,只读Citizen.id/position/state/role + extension.actorProfiles.age/alive；拟visualDescriptor/骨骼socket；不写模拟或碰撞,CHAR-087,形体不同的可拆头部挂件；发色作为参数，不按色数增模型,近景有可辨的细体素轮廓、五官/拼接层次；5cm细格与硬边法线，无粗大方块替代；米制原点/朝向一致，绑定与LOD同形；不改受保护身体净空；无头皮穿插，头发在转头/坐姿下不穿衣领
CHAR-088,齐耳中短发母版,发型与面部毛发,基础组件,角色外观/美容,缺失待制,"提示词.md:57-65,171；src/rendering/citizen-appearance.ts:19-51（当前部件封闭清单未含本精细组件）",手工模块化细体素服饰优先；Tripo单件视觉候选需重拓扑、统一绑定、离线检查后再接入,只读Citizen.id/position/state/role + extension.actorProfiles.age/alive；拟visualDescriptor/骨骼socket；不写模拟或碰撞,CHAR-088,形体不同的可拆头部挂件；发色作为参数，不按色数增模型,近景有可辨的细体素轮廓、五官/拼接层次；5cm细格与硬边法线，无粗大方块替代；米制原点/朝向一致，绑定与LOD同形；不改受保护身体净空；无头皮穿插，头发在转头/坐姿下不穿衣领
CHAR-089,披肩长发母版,发型与面部毛发,基础组件,角色外观/美容,缺失待制,"提示词.md:57-65,171；src/rendering/citizen-appearance.ts:19-51（当前部件封闭清单未含本精细组件）",手工模块化细体素服饰优先；Tripo单件视觉候选需重拓扑、统一绑定、离线检查后再接入,只读Citizen.id/position/state/role + extension.actorProfiles.age/alive；拟visualDescriptor/骨骼socket；不写模拟或碰撞,CHAR-089,形体不同的可拆头部挂件；发色作为参数，不按色数增模型,近景有可辨的细体素轮廓、五官/拼接层次；5cm细格与硬边法线，无粗大方块替代；米制原点/朝向一致，绑定与LOD同形；不改受保护身体净空；无头皮穿插，头发在转头/坐姿下不穿衣领
CHAR-090,单编辫长发母版,发型与面部毛发,基础组件,角色外观/美容,缺失待制,"提示词.md:57-65,171；src/rendering/citizen-appearance.ts:19-51（当前部件封闭清单未含本精细组件）",手工模块化细体素服饰优先；Tripo单件视觉候选需重拓扑、统一绑定、离线检查后再接入,只读Citizen.id/position/state/role + extension.actorProfiles.age/alive；拟visualDescriptor/骨骼socket；不写模拟或碰撞,CHAR-090,形体不同的可拆头部挂件；发色作为参数，不按色数增模型,近景有可辨的细体素轮廓、五官/拼接层次；5cm细格与硬边法线，无粗大方块替代；米制原点/朝向一致，绑定与LOD同形；不改受保护身体净空；无头皮穿插，头发在转头/坐姿下不穿衣领
CHAR-091,束发马尾母版,发型与面部毛发,基础组件,角色外观/美容,缺失待制,"提示词.md:57-65,171；src/rendering/citizen-appearance.ts:19-51（当前部件封闭清单未含本精细组件）",手工模块化细体素服饰优先；Tripo单件视觉候选需重拓扑、统一绑定、离线检查后再接入,只读Citizen.id/position/state/role + extension.actorProfiles.age/alive；拟visualDescriptor/骨骼socket；不写模拟或碰撞,CHAR-091,形体不同的可拆头部挂件；发色作为参数，不按色数增模型,近景有可辨的细体素轮廓、五官/拼接层次；5cm细格与硬边法线，无粗大方块替代；米制原点/朝向一致，绑定与LOD同形；不改受保护身体净空；无头皮穿插，头发在转头/坐姿下不穿衣领
CHAR-092,盘髻母版,发型与面部毛发,基础组件,角色外观/美容,缺失待制,"提示词.md:57-65,171；src/rendering/citizen-appearance.ts:19-51（当前部件封闭清单未含本精细组件）",手工模块化细体素服饰优先；Tripo单件视觉候选需重拓扑、统一绑定、离线检查后再接入,只读Citizen.id/position/state/role + extension.actorProfiles.age/alive；拟visualDescriptor/骨骼socket；不写模拟或碰撞,CHAR-092,形体不同的可拆头部挂件；发色作为参数，不按色数增模型,近景有可辨的细体素轮廓、五官/拼接层次；5cm细格与硬边法线，无粗大方块替代；米制原点/朝向一致，绑定与LOD同形；不改受保护身体净空；无头皮穿插，头发在转头/坐姿下不穿衣领
CHAR-093,古风束冠髻母版,发型与面部毛发,基础组件,角色外观/美容,缺失待制,"提示词.md:57-65,171；src/rendering/citizen-appearance.ts:19-51（当前部件封闭清单未含本精细组件）",手工模块化细体素服饰优先；Tripo单件视觉候选需重拓扑、统一绑定、离线检查后再接入,只读Citizen.id/position/state/role + extension.actorProfiles.age/alive；拟visualDescriptor/骨骼socket；不写模拟或碰撞,CHAR-093,形体不同的可拆头部挂件；发色作为参数，不按色数增模型,近景有可辨的细体素轮廓、五官/拼接层次；5cm细格与硬边法线，无粗大方块替代；米制原点/朝向一致，绑定与LOD同形；不改受保护身体净空；无头皮穿插，头发在转头/坐姿下不穿衣领
CHAR-094,儿童双髻母版,发型与面部毛发,基础组件,角色外观/美容,缺失待制,"提示词.md:57-65,171；src/rendering/citizen-appearance.ts:19-51（当前部件封闭清单未含本精细组件）",手工模块化细体素服饰优先；Tripo单件视觉候选需重拓扑、统一绑定、离线检查后再接入,只读Citizen.id/position/state/role + extension.actorProfiles.age/alive；拟visualDescriptor/骨骼socket；不写模拟或碰撞,CHAR-094,形体不同的可拆头部挂件；发色作为参数，不按色数增模型,近景有可辨的细体素轮廓、五官/拼接层次；5cm细格与硬边法线，无粗大方块替代；米制原点/朝向一致，绑定与LOD同形；不改受保护身体净空；无头皮穿插，头发在转头/坐姿下不穿衣领
CHAR-095,老年稀疏发母版,发型与面部毛发,基础组件,角色外观/美容,缺失待制,"提示词.md:57-65,171；src/rendering/citizen-appearance.ts:19-51（当前部件封闭清单未含本精细组件）",手工模块化细体素服饰优先；Tripo单件视觉候选需重拓扑、统一绑定、离线检查后再接入,只读Citizen.id/position/state/role + extension.actorProfiles.age/alive；拟visualDescriptor/骨骼socket；不写模拟或碰撞,CHAR-095,形体不同的可拆头部挂件；发色作为参数，不按色数增模型,近景有可辨的细体素轮廓、五官/拼接层次；5cm细格与硬边法线，无粗大方块替代；米制原点/朝向一致，绑定与LOD同形；不改受保护身体净空；无头皮穿插，头发在转头/坐姿下不穿衣领
CHAR-096,短须胡髭挂件母版,发型与面部毛发,基础组件,角色外观/美容,缺失待制,"提示词.md:57-65,171；src/rendering/citizen-appearance.ts:19-51（当前部件封闭清单未含本精细组件）",手工模块化细体素服饰优先；Tripo单件视觉候选需重拓扑、统一绑定、离线检查后再接入,只读Citizen.id/position/state/role + extension.actorProfiles.age/alive；拟visualDescriptor/骨骼socket；不写模拟或碰撞,CHAR-096,形体不同的可拆头部挂件；发色作为参数，不按色数增模型,近景有可辨的细体素轮廓、五官/拼接层次；5cm细格与硬边法线，无粗大方块替代；米制原点/朝向一致，绑定与LOD同形；不改受保护身体净空；无头皮穿插，头发在转头/坐姿下不穿衣领
CHAR-097,长须挂件母版,发型与面部毛发,基础组件,角色外观/美容,缺失待制,"提示词.md:57-65,171；src/rendering/citizen-appearance.ts:19-51（当前部件封闭清单未含本精细组件）",手工模块化细体素服饰优先；Tripo单件视觉候选需重拓扑、统一绑定、离线检查后再接入,只读Citizen.id/position/state/role + extension.actorProfiles.age/alive；拟visualDescriptor/骨骼socket；不写模拟或碰撞,CHAR-097,形体不同的可拆头部挂件；发色作为参数，不按色数增模型,近景有可辨的细体素轮廓、五官/拼接层次；5cm细格与硬边法线，无粗大方块替代；米制原点/朝向一致，绑定与LOD同形；不改受保护身体净空；无头皮穿插，头发在转头/坐姿下不穿衣领
CHAR-098,立体眉毛挂件母版,发型与面部毛发,基础组件,角色外观/美容,缺失待制,"提示词.md:57-65,171；src/rendering/citizen-appearance.ts:19-51（当前部件封闭清单未含本精细组件）",手工模块化细体素服饰优先；Tripo单件视觉候选需重拓扑、统一绑定、离线检查后再接入,只读Citizen.id/position/state/role + extension.actorProfiles.age/alive；拟visualDescriptor/骨骼socket；不写模拟或碰撞,CHAR-098,形体不同的可拆头部挂件；发色作为参数，不按色数增模型,近景有可辨的细体素轮廓、五官/拼接层次；5cm细格与硬边法线，无粗大方块替代；米制原点/朝向一致，绑定与LOD同形；不改受保护身体净空；无头皮穿插，头发在转头/坐姿下不穿衣领
CHAR-099,布巾软帽母版,头部穿戴,基础组件,职业/服饰美容/医疗,缺失待制,"提示词.md:57-65,171；src/rendering/citizen-appearance.ts:19-51（当前部件封闭清单未含本精细组件）",手工模块化细体素服饰优先；Tripo单件视觉候选需重拓扑、统一绑定、离线检查后再接入,只读Citizen.id/position/state/role + extension.actorProfiles.age/alive；拟visualDescriptor/骨骼socket；不写模拟或碰撞,CHAR-099,同一挂件供NPC/玩家和多个穿搭模板复用；配色另作材质参数,近景有可辨的细体素轮廓、五官/拼接层次；5cm细格与硬边法线，无粗大方块替代；米制原点/朝向一致，绑定与LOD同形；不改受保护身体净空；对齐head socket，不遮挡关键表情，不穿头发
CHAR-100,发冠与簪槽母版,头部穿戴,基础组件,职业/服饰美容/医疗,缺失待制,"提示词.md:57-65,171；src/rendering/citizen-appearance.ts:19-51（当前部件封闭清单未含本精细组件）",手工模块化细体素服饰优先；Tripo单件视觉候选需重拓扑、统一绑定、离线检查后再接入,只读Citizen.id/position/state/role + extension.actorProfiles.age/alive；拟visualDescriptor/骨骼socket；不写模拟或碰撞,CHAR-100,同一挂件供NPC/玩家和多个穿搭模板复用；配色另作材质参数,近景有可辨的细体素轮廓、五官/拼接层次；5cm细格与硬边法线，无粗大方块替代；米制原点/朝向一致，绑定与LOD同形；不改受保护身体净空；对齐head socket，不遮挡关键表情，不穿头发
CHAR-101,警务制帽母版,头部穿戴,基础组件,职业/服饰美容/医疗,缺失待制,"提示词.md:57-65,171；src/rendering/citizen-appearance.ts:19-51（当前部件封闭清单未含本精细组件）",手工模块化细体素服饰优先；Tripo单件视觉候选需重拓扑、统一绑定、离线检查后再接入,只读Citizen.id/position/state/role + extension.actorProfiles.age/alive；拟visualDescriptor/骨骼socket；不写模拟或碰撞,CHAR-101,同一挂件供NPC/玩家和多个穿搭模板复用；配色另作材质参数,近景有可辨的细体素轮廓、五官/拼接层次；5cm细格与硬边法线，无粗大方块替代；米制原点/朝向一致，绑定与LOD同形；不改受保护身体净空；对齐head socket，不遮挡关键表情，不穿头发
CHAR-102,守卫护盔母版,头部穿戴,基础组件,职业/服饰美容/医疗,缺失待制,"提示词.md:57-65,171；src/rendering/citizen-appearance.ts:19-51（当前部件封闭清单未含本精细组件）",手工模块化细体素服饰优先；Tripo单件视觉候选需重拓扑、统一绑定、离线检查后再接入,只读Citizen.id/position/state/role + extension.actorProfiles.age/alive；拟visualDescriptor/骨骼socket；不写模拟或碰撞,CHAR-102,同一挂件供NPC/玩家和多个穿搭模板复用；配色另作材质参数,近景有可辨的细体素轮廓、五官/拼接层次；5cm细格与硬边法线，无粗大方块替代；米制原点/朝向一致，绑定与LOD同形；不改受保护身体净空；对齐head socket，不遮挡关键表情，不穿头发
CHAR-103,工坊防护帽母版,头部穿戴,基础组件,职业/服饰美容/医疗,缺失待制,"提示词.md:57-65,171；src/rendering/citizen-appearance.ts:19-51（当前部件封闭清单未含本精细组件）",手工模块化细体素服饰优先；Tripo单件视觉候选需重拓扑、统一绑定、离线检查后再接入,只读Citizen.id/position/state/role + extension.actorProfiles.age/alive；拟visualDescriptor/骨骼socket；不写模拟或碰撞,CHAR-103,同一挂件供NPC/玩家和多个穿搭模板复用；配色另作材质参数,近景有可辨的细体素轮廓、五官/拼接层次；5cm细格与硬边法线，无粗大方块替代；米制原点/朝向一致，绑定与LOD同形；不改受保护身体净空；对齐head socket，不遮挡关键表情，不穿头发
CHAR-104,农用斗笠母版,头部穿戴,基础组件,职业/服饰美容/医疗,缺失待制,"提示词.md:57-65,171；src/rendering/citizen-appearance.ts:19-51（当前部件封闭清单未含本精细组件）",手工模块化细体素服饰优先；Tripo单件视觉候选需重拓扑、统一绑定、离线检查后再接入,只读Citizen.id/position/state/role + extension.actorProfiles.age/alive；拟visualDescriptor/骨骼socket；不写模拟或碰撞,CHAR-104,同一挂件供NPC/玩家和多个穿搭模板复用；配色另作材质参数,近景有可辨的细体素轮廓、五官/拼接层次；5cm细格与硬边法线，无粗大方块替代；米制原点/朝向一致，绑定与LOD同形；不改受保护身体净空；对齐head socket，不遮挡关键表情，不穿头发
CHAR-105,厨房工作帽母版,头部穿戴,基础组件,职业/服饰美容/医疗,缺失待制,"提示词.md:57-65,171；src/rendering/citizen-appearance.ts:19-51（当前部件封闭清单未含本精细组件）",手工模块化细体素服饰优先；Tripo单件视觉候选需重拓扑、统一绑定、离线检查后再接入,只读Citizen.id/position/state/role + extension.actorProfiles.age/alive；拟visualDescriptor/骨骼socket；不写模拟或碰撞,CHAR-105,同一挂件供NPC/玩家和多个穿搭模板复用；配色另作材质参数,近景有可辨的细体素轮廓、五官/拼接层次；5cm细格与硬边法线，无粗大方块替代；米制原点/朝向一致，绑定与LOD同形；不改受保护身体净空；对齐head socket，不遮挡关键表情，不穿头发
CHAR-106,医护工作帽母版,头部穿戴,基础组件,职业/服饰美容/医疗,缺失待制,"提示词.md:57-65,171；src/rendering/citizen-appearance.ts:19-51（当前部件封闭清单未含本精细组件）",手工模块化细体素服饰优先；Tripo单件视觉候选需重拓扑、统一绑定、离线检查后再接入,只读Citizen.id/position/state/role + extension.actorProfiles.age/alive；拟visualDescriptor/骨骼socket；不写模拟或碰撞,CHAR-106,同一挂件供NPC/玩家和多个穿搭模板复用；配色另作材质参数,近景有可辨的细体素轮廓、五官/拼接层次；5cm细格与硬边法线，无粗大方块替代；米制原点/朝向一致，绑定与LOD同形；不改受保护身体净空；对齐head socket，不遮挡关键表情，不穿头发
CHAR-107,发簪母版,头部穿戴,基础组件,职业/服饰美容/医疗,缺失待制,"提示词.md:57-65,171；src/rendering/citizen-appearance.ts:19-51（当前部件封闭清单未含本精细组件）",手工模块化细体素服饰优先；Tripo单件视觉候选需重拓扑、统一绑定、离线检查后再接入,只读Citizen.id/position/state/role + extension.actorProfiles.age/alive；拟visualDescriptor/骨骼socket；不写模拟或碰撞,CHAR-107,同一挂件供NPC/玩家和多个穿搭模板复用；配色另作材质参数,近景有可辨的细体素轮廓、五官/拼接层次；5cm细格与硬边法线，无粗大方块替代；米制原点/朝向一致，绑定与LOD同形；不改受保护身体净空；对齐head socket，不遮挡关键表情，不穿头发
CHAR-108,近视眼镜母版,头部穿戴,基础组件,职业/服饰美容/医疗,缺失待制,"提示词.md:57-65,171；src/rendering/citizen-appearance.ts:19-51（当前部件封闭清单未含本精细组件）",手工模块化细体素服饰优先；Tripo单件视觉候选需重拓扑、统一绑定、离线检查后再接入,只读Citizen.id/position/state/role + extension.actorProfiles.age/alive；拟visualDescriptor/骨骼socket；不写模拟或碰撞,CHAR-108,同一挂件供NPC/玩家和多个穿搭模板复用；配色另作材质参数,近景有可辨的细体素轮廓、五官/拼接层次；5cm细格与硬边法线，无粗大方块替代；米制原点/朝向一致，绑定与LOD同形；不改受保护身体净空；对齐head socket，不遮挡关键表情，不穿头发
CHAR-109,科研防护眼镜母版,头部穿戴,基础组件,职业/服饰美容/医疗,缺失待制,"提示词.md:57-65,171；src/rendering/citizen-appearance.ts:19-51（当前部件封闭清单未含本精细组件）",手工模块化细体素服饰优先；Tripo单件视觉候选需重拓扑、统一绑定、离线检查后再接入,只读Citizen.id/position/state/role + extension.actorProfiles.age/alive；拟visualDescriptor/骨骼socket；不写模拟或碰撞,CHAR-109,同一挂件供NPC/玩家和多个穿搭模板复用；配色另作材质参数,近景有可辨的细体素轮廓、五官/拼接层次；5cm细格与硬边法线，无粗大方块替代；米制原点/朝向一致，绑定与LOD同形；不改受保护身体净空；对齐head socket，不遮挡关键表情，不穿头发
CHAR-110,耳饰母版,头部穿戴,基础组件,职业/服饰美容/医疗,缺失待制,"提示词.md:57-65,171；src/rendering/citizen-appearance.ts:19-51（当前部件封闭清单未含本精细组件）",手工模块化细体素服饰优先；Tripo单件视觉候选需重拓扑、统一绑定、离线检查后再接入,只读Citizen.id/position/state/role + extension.actorProfiles.age/alive；拟visualDescriptor/骨骼socket；不写模拟或碰撞,CHAR-110,同一挂件供NPC/玩家和多个穿搭模板复用；配色另作材质参数,近景有可辨的细体素轮廓、五官/拼接层次；5cm细格与硬边法线，无粗大方块替代；米制原点/朝向一致，绑定与LOD同形；不改受保护身体净空；对齐head socket，不遮挡关键表情，不穿头发
CHAR-111,医护口罩母版,头部穿戴,基础组件,职业/服饰美容/医疗,缺失待制,"提示词.md:57-65,171；src/rendering/citizen-appearance.ts:19-51（当前部件封闭清单未含本精细组件）",手工模块化细体素服饰优先；Tripo单件视觉候选需重拓扑、统一绑定、离线检查后再接入,只读Citizen.id/position/state/role + extension.actorProfiles.age/alive；拟visualDescriptor/骨骼socket；不写模拟或碰撞,CHAR-111,同一挂件供NPC/玩家和多个穿搭模板复用；配色另作材质参数,近景有可辨的细体素轮廓、五官/拼接层次；5cm细格与硬边法线，无粗大方块替代；米制原点/朝向一致，绑定与LOD同形；不改受保护身体净空；对齐head socket，不遮挡关键表情，不穿头发
CHAR-112,工坊防尘面罩母版,头部穿戴,基础组件,职业/服饰美容/医疗,缺失待制,"提示词.md:57-65,171；src/rendering/citizen-appearance.ts:19-51（当前部件封闭清单未含本精细组件）",手工模块化细体素服饰优先；Tripo单件视觉候选需重拓扑、统一绑定、离线检查后再接入,只读Citizen.id/position/state/role + extension.actorProfiles.age/alive；拟visualDescriptor/骨骼socket；不写模拟或碰撞,CHAR-112,同一挂件供NPC/玩家和多个穿搭模板复用；配色另作材质参数,近景有可辨的细体素轮廓、五官/拼接层次；5cm细格与硬边法线，无粗大方块替代；米制原点/朝向一致，绑定与LOD同形；不改受保护身体净空；对齐head socket，不遮挡关键表情，不穿头发
CHAR-113,短夹衣/交领上衣母版,模块化服装与穿戴,基础组件,日常服饰,缺失待制,"提示词.md:61,101；src/rendering/citizen-appearance.ts:22,25,41,47-49（现仅色块衣帽包）",手工模块化细体素服饰优先；Tripo单件视觉候选需重拓扑、统一绑定、离线检查后再接入,只读Citizen.id/position/state/role + extension.actorProfiles.age/alive；拟visualDescriptor/骨骼socket；不写模拟或碰撞,CHAR-113,可制作的独立剪裁/挂件母版；同体型尺寸、配色与职业组合派生，不整套复制人物,近景有可辨的细体素轮廓、五官/拼接层次；5cm细格与硬边法线，无粗大方块替代；米制原点/朝向一致，绑定与LOD同形；不改受保护身体净空；行走/坐姿/举臂衣物不穿体，吊带与下摆有真实轮廓
CHAR-114,长袍上身母版,模块化服装与穿戴,基础组件,古风日常/礼服,缺失待制,"提示词.md:61,101；src/rendering/citizen-appearance.ts:22,25,41,47-49（现仅色块衣帽包）",手工模块化细体素服饰优先；Tripo单件视觉候选需重拓扑、统一绑定、离线检查后再接入,只读Citizen.id/position/state/role + extension.actorProfiles.age/alive；拟visualDescriptor/骨骼socket；不写模拟或碰撞,CHAR-114,可制作的独立剪裁/挂件母版；同体型尺寸、配色与职业组合派生，不整套复制人物,近景有可辨的细体素轮廓、五官/拼接层次；5cm细格与硬边法线，无粗大方块替代；米制原点/朝向一致，绑定与LOD同形；不改受保护身体净空；行走/坐姿/举臂衣物不穿体，吊带与下摆有真实轮廓
CHAR-115,长袍精细下摆母版,模块化服装与穿戴,基础组件,古风服饰/坐姿,缺失待制,"提示词.md:61,101；src/rendering/citizen-appearance.ts:22,25,41,47-49（现仅色块衣帽包）",手工模块化细体素服饰优先；Tripo单件视觉候选需重拓扑、统一绑定、离线检查后再接入,只读Citizen.id/position/state/role + extension.actorProfiles.age/alive；拟visualDescriptor/骨骼socket；不写模拟或碰撞,CHAR-115,可制作的独立剪裁/挂件母版；同体型尺寸、配色与职业组合派生，不整套复制人物,近景有可辨的细体素轮廓、五官/拼接层次；5cm细格与硬边法线，无粗大方块替代；米制原点/朝向一致，绑定与LOD同形；不改受保护身体净空；行走/坐姿/举臂衣物不穿体，吊带与下摆有真实轮廓
CHAR-116,外搭长衫母版,模块化服装与穿戴,基础组件,日常/天气,缺失待制,"提示词.md:61,101；src/rendering/citizen-appearance.ts:22,25,41,47-49（现仅色块衣帽包）",手工模块化细体素服饰优先；Tripo单件视觉候选需重拓扑、统一绑定、离线检查后再接入,只读Citizen.id/position/state/role + extension.actorProfiles.age/alive；拟visualDescriptor/骨骼socket；不写模拟或碰撞,CHAR-116,可制作的独立剪裁/挂件母版；同体型尺寸、配色与职业组合派生，不整套复制人物,近景有可辨的细体素轮廓、五官/拼接层次；5cm细格与硬边法线，无粗大方块替代；米制原点/朝向一致，绑定与LOD同形；不改受保护身体净空；行走/坐姿/举臂衣物不穿体，吊带与下摆有真实轮廓
CHAR-117,无袖马甲母版,模块化服装与穿戴,基础组件,商贸/工坊,缺失待制,"提示词.md:61,101；src/rendering/citizen-appearance.ts:22,25,41,47-49（现仅色块衣帽包）",手工模块化细体素服饰优先；Tripo单件视觉候选需重拓扑、统一绑定、离线检查后再接入,只读Citizen.id/position/state/role + extension.actorProfiles.age/alive；拟visualDescriptor/骨骼socket；不写模拟或碰撞,CHAR-117,可制作的独立剪裁/挂件母版；同体型尺寸、配色与职业组合派生，不整套复制人物,近景有可辨的细体素轮廓、五官/拼接层次；5cm细格与硬边法线，无粗大方块替代；米制原点/朝向一致，绑定与LOD同形；不改受保护身体净空；行走/坐姿/举臂衣物不穿体，吊带与下摆有真实轮廓
CHAR-118,日常长裤母版,模块化服装与穿戴,基础组件,日常服饰,缺失待制,"提示词.md:61,101；src/rendering/citizen-appearance.ts:22,25,41,47-49（现仅色块衣帽包）",手工模块化细体素服饰优先；Tripo单件视觉候选需重拓扑、统一绑定、离线检查后再接入,只读Citizen.id/position/state/role + extension.actorProfiles.age/alive；拟visualDescriptor/骨骼socket；不写模拟或碰撞,CHAR-118,可制作的独立剪裁/挂件母版；同体型尺寸、配色与职业组合派生，不整套复制人物,近景有可辨的细体素轮廓、五官/拼接层次；5cm细格与硬边法线，无粗大方块替代；米制原点/朝向一致，绑定与LOD同形；不改受保护身体净空；行走/坐姿/举臂衣物不穿体，吊带与下摆有真实轮廓
CHAR-119,长裙母版,模块化服装与穿戴,基础组件,日常服饰,缺失待制,"提示词.md:61,101；src/rendering/citizen-appearance.ts:22,25,41,47-49（现仅色块衣帽包）",手工模块化细体素服饰优先；Tripo单件视觉候选需重拓扑、统一绑定、离线检查后再接入,只读Citizen.id/position/state/role + extension.actorProfiles.age/alive；拟visualDescriptor/骨骼socket；不写模拟或碰撞,CHAR-119,可制作的独立剪裁/挂件母版；同体型尺寸、配色与职业组合派生，不整套复制人物,近景有可辨的细体素轮廓、五官/拼接层次；5cm细格与硬边法线，无粗大方块替代；米制原点/朝向一致，绑定与LOD同形；不改受保护身体净空；行走/坐姿/举臂衣物不穿体，吊带与下摆有真实轮廓
CHAR-120,织带腰封母版,模块化服装与穿戴,基础组件,衣装挂接,缺失待制,"提示词.md:61,101；src/rendering/citizen-appearance.ts:22,25,41,47-49（现仅色块衣帽包）",手工模块化细体素服饰优先；Tripo单件视觉候选需重拓扑、统一绑定、离线检查后再接入,只读Citizen.id/position/state/role + extension.actorProfiles.age/alive；拟visualDescriptor/骨骼socket；不写模拟或碰撞,CHAR-120,可制作的独立剪裁/挂件母版；同体型尺寸、配色与职业组合派生，不整套复制人物,近景有可辨的细体素轮廓、五官/拼接层次；5cm细格与硬边法线，无粗大方块替代；米制原点/朝向一致，绑定与LOD同形；不改受保护身体净空；行走/坐姿/举臂衣物不穿体，吊带与下摆有真实轮廓
CHAR-121,行走短靴母版,模块化服装与穿戴,基础组件,通勤/警务,缺失待制,"提示词.md:61,101；src/rendering/citizen-appearance.ts:22,25,41,47-49（现仅色块衣帽包）",手工模块化细体素服饰优先；Tripo单件视觉候选需重拓扑、统一绑定、离线检查后再接入,只读Citizen.id/position/state/role + extension.actorProfiles.age/alive；拟visualDescriptor/骨骼socket；不写模拟或碰撞,CHAR-121,可制作的独立剪裁/挂件母版；同体型尺寸、配色与职业组合派生，不整套复制人物,近景有可辨的细体素轮廓、五官/拼接层次；5cm细格与硬边法线，无粗大方块替代；米制原点/朝向一致，绑定与LOD同形；不改受保护身体净空；行走/坐姿/举臂衣物不穿体，吊带与下摆有真实轮廓
CHAR-122,布鞋母版,模块化服装与穿戴,基础组件,居民/居家,缺失待制,"提示词.md:61,101；src/rendering/citizen-appearance.ts:22,25,41,47-49（现仅色块衣帽包）",手工模块化细体素服饰优先；Tripo单件视觉候选需重拓扑、统一绑定、离线检查后再接入,只读Citizen.id/position/state/role + extension.actorProfiles.age/alive；拟visualDescriptor/骨骼socket；不写模拟或碰撞,CHAR-122,可制作的独立剪裁/挂件母版；同体型尺寸、配色与职业组合派生，不整套复制人物,近景有可辨的细体素轮廓、五官/拼接层次；5cm细格与硬边法线，无粗大方块替代；米制原点/朝向一致，绑定与LOD同形；不改受保护身体净空；行走/坐姿/举臂衣物不穿体，吊带与下摆有真实轮廓
CHAR-123,儿童鞋母版,模块化服装与穿戴,基础组件,儿童成长,缺失待制,"提示词.md:61,101；src/rendering/citizen-appearance.ts:22,25,41,47-49（现仅色块衣帽包）",手工模块化细体素服饰优先；Tripo单件视觉候选需重拓扑、统一绑定、离线检查后再接入,只读Citizen.id/position/state/role + extension.actorProfiles.age/alive；拟visualDescriptor/骨骼socket；不写模拟或碰撞,CHAR-123,可制作的独立剪裁/挂件母版；同体型尺寸、配色与职业组合派生，不整套复制人物,近景有可辨的细体素轮廓、五官/拼接层次；5cm细格与硬边法线，无粗大方块替代；米制原点/朝向一致，绑定与LOD同形；不改受保护身体净空；行走/坐姿/举臂衣物不穿体，吊带与下摆有真实轮廓
CHAR-124,居家寝衣母版,模块化服装与穿戴,基础组件,睡眠/休憩,缺失待制,"提示词.md:61,101；src/rendering/citizen-appearance.ts:22,25,41,47-49（现仅色块衣帽包）",手工模块化细体素服饰优先；Tripo单件视觉候选需重拓扑、统一绑定、离线检查后再接入,只读Citizen.id/position/state/role + extension.actorProfiles.age/alive；拟visualDescriptor/骨骼socket；不写模拟或碰撞,CHAR-124,可制作的独立剪裁/挂件母版；同体型尺寸、配色与职业组合派生，不整套复制人物,近景有可辨的细体素轮廓、五官/拼接层次；5cm细格与硬边法线，无粗大方块替代；米制原点/朝向一致，绑定与LOD同形；不改受保护身体净空；行走/坐姿/举臂衣物不穿体，吊带与下摆有真实轮廓
CHAR-125,婴儿包衣母版,模块化服装与穿戴,基础组件,出生/照护,缺失待制,"提示词.md:61,101；src/rendering/citizen-appearance.ts:22,25,41,47-49（现仅色块衣帽包）",手工模块化细体素服饰优先；Tripo单件视觉候选需重拓扑、统一绑定、离线检查后再接入,只读Citizen.id/position/state/role + extension.actorProfiles.age/alive；拟visualDescriptor/骨骼socket；不写模拟或碰撞,CHAR-125,可制作的独立剪裁/挂件母版；同体型尺寸、配色与职业组合派生，不整套复制人物,近景有可辨的细体素轮廓、五官/拼接层次；5cm细格与硬边法线，无粗大方块替代；米制原点/朝向一致，绑定与LOD同形；不改受保护身体净空；行走/坐姿/举臂衣物不穿体，吊带与下摆有真实轮廓
CHAR-126,学堂童装母版,模块化服装与穿戴,基础组件,儿童教育,缺失待制,"提示词.md:61,101；src/rendering/citizen-appearance.ts:22,25,41,47-49（现仅色块衣帽包）",手工模块化细体素服饰优先；Tripo单件视觉候选需重拓扑、统一绑定、离线检查后再接入,只读Citizen.id/position/state/role + extension.actorProfiles.age/alive；拟visualDescriptor/骨骼socket；不写模拟或碰撞,CHAR-126,可制作的独立剪裁/挂件母版；同体型尺寸、配色与职业组合派生，不整套复制人物,近景有可辨的细体素轮廓、五官/拼接层次；5cm细格与硬边法线，无粗大方块替代；米制原点/朝向一致，绑定与LOD同形；不改受保护身体净空；行走/坐姿/举臂衣物不穿体，吊带与下摆有真实轮廓
CHAR-127,警务制服模块母版,模块化服装与穿戴,基础组件,治安巡逻/调查,缺失待制,"提示词.md:61,101；src/rendering/citizen-appearance.ts:22,25,41,47-49（现仅色块衣帽包）",手工模块化细体素服饰优先；Tripo单件视觉候选需重拓扑、统一绑定、离线检查后再接入,只读Citizen.id/position/state/role + extension.actorProfiles.age/alive；拟visualDescriptor/骨骼socket；不写模拟或碰撞,CHAR-127,可制作的独立剪裁/挂件母版；同体型尺寸、配色与职业组合派生，不整套复制人物,近景有可辨的细体素轮廓、五官/拼接层次；5cm细格与硬边法线，无粗大方块替代；米制原点/朝向一致，绑定与LOD同形；不改受保护身体净空；行走/坐姿/举臂衣物不穿体，吊带与下摆有真实轮廓
CHAR-128,守卫防护衣模块母版,模块化服装与穿戴,基础组件,士兵/执勤,缺失待制,"提示词.md:61,101；src/rendering/citizen-appearance.ts:22,25,41,47-49（现仅色块衣帽包）",手工模块化细体素服饰优先；Tripo单件视觉候选需重拓扑、统一绑定、离线检查后再接入,只读Citizen.id/position/state/role + extension.actorProfiles.age/alive；拟visualDescriptor/骨骼socket；不写模拟或碰撞,CHAR-128,可制作的独立剪裁/挂件母版；同体型尺寸、配色与职业组合派生，不整套复制人物,近景有可辨的细体素轮廓、五官/拼接层次；5cm细格与硬边法线，无粗大方块替代；米制原点/朝向一致，绑定与LOD同形；不改受保护身体净空；行走/坐姿/举臂衣物不穿体，吊带与下摆有真实轮廓
CHAR-129,驾驶调度服模块母版,模块化服装与穿戴,基础组件,公共交通,缺失待制,"提示词.md:61,101；src/rendering/citizen-appearance.ts:22,25,41,47-49（现仅色块衣帽包）",手工模块化细体素服饰优先；Tripo单件视觉候选需重拓扑、统一绑定、离线检查后再接入,只读Citizen.id/position/state/role + extension.actorProfiles.age/alive；拟visualDescriptor/骨骼socket；不写模拟或碰撞,CHAR-129,可制作的独立剪裁/挂件母版；同体型尺寸、配色与职业组合派生，不整套复制人物,近景有可辨的细体素轮廓、五官/拼接层次；5cm细格与硬边法线，无粗大方块替代；米制原点/朝向一致，绑定与LOD同形；不改受保护身体净空；行走/坐姿/举臂衣物不穿体，吊带与下摆有真实轮廓
CHAR-130,工坊劳动衣模块母版,模块化服装与穿戴,基础组件,制造/施工,缺失待制,"提示词.md:61,101；src/rendering/citizen-appearance.ts:22,25,41,47-49（现仅色块衣帽包）",手工模块化细体素服饰优先；Tripo单件视觉候选需重拓扑、统一绑定、离线检查后再接入,只读Citizen.id/position/state/role + extension.actorProfiles.age/alive；拟visualDescriptor/骨骼socket；不写模拟或碰撞,CHAR-130,可制作的独立剪裁/挂件母版；同体型尺寸、配色与职业组合派生，不整套复制人物,近景有可辨的细体素轮廓、五官/拼接层次；5cm细格与硬边法线，无粗大方块替代；米制原点/朝向一致，绑定与LOD同形；不改受保护身体净空；行走/坐姿/举臂衣物不穿体，吊带与下摆有真实轮廓
CHAR-131,田作服模块母版,模块化服装与穿戴,基础组件,农业,缺失待制,"提示词.md:61,101；src/rendering/citizen-appearance.ts:22,25,41,47-49（现仅色块衣帽包）",手工模块化细体素服饰优先；Tripo单件视觉候选需重拓扑、统一绑定、离线检查后再接入,只读Citizen.id/position/state/role + extension.actorProfiles.age/alive；拟visualDescriptor/骨骼socket；不写模拟或碰撞,CHAR-131,可制作的独立剪裁/挂件母版；同体型尺寸、配色与职业组合派生，不整套复制人物,近景有可辨的细体素轮廓、五官/拼接层次；5cm细格与硬边法线，无粗大方块替代；米制原点/朝向一致，绑定与LOD同形；不改受保护身体净空；行走/坐姿/举臂衣物不穿体，吊带与下摆有真实轮廓
CHAR-132,医生诊疗衣模块母版,模块化服装与穿戴,基础组件,医疗,缺失待制,"提示词.md:61,101；src/rendering/citizen-appearance.ts:22,25,41,47-49（现仅色块衣帽包）",手工模块化细体素服饰优先；Tripo单件视觉候选需重拓扑、统一绑定、离线检查后再接入,只读Citizen.id/position/state/role + extension.actorProfiles.age/alive；拟visualDescriptor/骨骼socket；不写模拟或碰撞,CHAR-132,可制作的独立剪裁/挂件母版；同体型尺寸、配色与职业组合派生，不整套复制人物,近景有可辨的细体素轮廓、五官/拼接层次；5cm细格与硬边法线，无粗大方块替代；米制原点/朝向一致，绑定与LOD同形；不改受保护身体净空；行走/坐姿/举臂衣物不穿体，吊带与下摆有真实轮廓
CHAR-133,护理工作衣模块母版,模块化服装与穿戴,基础组件,医疗照护,缺失待制,"提示词.md:61,101；src/rendering/citizen-appearance.ts:22,25,41,47-49（现仅色块衣帽包）",手工模块化细体素服饰优先；Tripo单件视觉候选需重拓扑、统一绑定、离线检查后再接入,只读Citizen.id/position/state/role + extension.actorProfiles.age/alive；拟visualDescriptor/骨骼socket；不写模拟或碰撞,CHAR-133,可制作的独立剪裁/挂件母版；同体型尺寸、配色与职业组合派生，不整套复制人物,近景有可辨的细体素轮廓、五官/拼接层次；5cm细格与硬边法线，无粗大方块替代；米制原点/朝向一致，绑定与LOD同形；不改受保护身体净空；行走/坐姿/举臂衣物不穿体，吊带与下摆有真实轮廓
CHAR-134,科研实验外套母版,模块化服装与穿戴,基础组件,科研/教育,缺失待制,"提示词.md:61,101；src/rendering/citizen-appearance.ts:22,25,41,47-49（现仅色块衣帽包）",手工模块化细体素服饰优先；Tripo单件视觉候选需重拓扑、统一绑定、离线检查后再接入,只读Citizen.id/position/state/role + extension.actorProfiles.age/alive；拟visualDescriptor/骨骼socket；不写模拟或碰撞,CHAR-134,可制作的独立剪裁/挂件母版；同体型尺寸、配色与职业组合派生，不整套复制人物,近景有可辨的细体素轮廓、五官/拼接层次；5cm细格与硬边法线，无粗大方块替代；米制原点/朝向一致，绑定与LOD同形；不改受保护身体净空；行走/坐姿/举臂衣物不穿体，吊带与下摆有真实轮廓
CHAR-135,店员服务衣模块母版,模块化服装与穿戴,基础组件,商铺/餐饮,缺失待制,"提示词.md:61,101；src/rendering/citizen-appearance.ts:22,25,41,47-49（现仅色块衣帽包）",手工模块化细体素服饰优先；Tripo单件视觉候选需重拓扑、统一绑定、离线检查后再接入,只读Citizen.id/position/state/role + extension.actorProfiles.age/alive；拟visualDescriptor/骨骼socket；不写模拟或碰撞,CHAR-135,可制作的独立剪裁/挂件母版；同体型尺寸、配色与职业组合派生，不整套复制人物,近景有可辨的细体素轮廓、五官/拼接层次；5cm细格与硬边法线，无粗大方块替代；米制原点/朝向一致，绑定与LOD同形；不改受保护身体净空；行走/坐姿/举臂衣物不穿体，吊带与下摆有真实轮廓
CHAR-136,工作围裙母版,模块化服装与穿戴,基础组件,厨房/工坊,缺失待制,"提示词.md:61,101；src/rendering/citizen-appearance.ts:22,25,41,47-49（现仅色块衣帽包）",手工模块化细体素服饰优先；Tripo单件视觉候选需重拓扑、统一绑定、离线检查后再接入,只读Citizen.id/position/state/role + extension.actorProfiles.age/alive；拟visualDescriptor/骨骼socket；不写模拟或碰撞,CHAR-136,可制作的独立剪裁/挂件母版；同体型尺寸、配色与职业组合派生，不整套复制人物,近景有可辨的细体素轮廓、五官/拼接层次；5cm细格与硬边法线，无粗大方块替代；米制原点/朝向一致，绑定与LOD同形；不改受保护身体净空；行走/坐姿/举臂衣物不穿体，吊带与下摆有真实轮廓
CHAR-137,官署礼常服模块母版,模块化服装与穿戴,基础组件,治理/议会,缺失待制,"提示词.md:61,101；src/rendering/citizen-appearance.ts:22,25,41,47-49（现仅色块衣帽包）",手工模块化细体素服饰优先；Tripo单件视觉候选需重拓扑、统一绑定、离线检查后再接入,只读Citizen.id/position/state/role + extension.actorProfiles.age/alive；拟visualDescriptor/骨骼socket；不写模拟或碰撞,CHAR-137,可制作的独立剪裁/挂件母版；同体型尺寸、配色与职业组合派生，不整套复制人物,近景有可辨的细体素轮廓、五官/拼接层次；5cm细格与硬边法线，无粗大方块替代；米制原点/朝向一致，绑定与LOD同形；不改受保护身体净空；行走/坐姿/举臂衣物不穿体，吊带与下摆有真实轮廓
CHAR-138,婚礼礼服模块母版,模块化服装与穿戴,基础组件,家庭婚礼,缺失待制,"提示词.md:75；src/simulation/family.ts:47,448-461（真实仪式数据已存，专用礼服未接）",手工模块化细体素服饰优先；Tripo单件视觉候选需重拓扑、统一绑定、离线检查后再接入,只读Citizen.id/position/state/role + extension.actorProfiles.age/alive；拟visualDescriptor/骨骼socket；不写模拟或碰撞,CHAR-138,可制作的独立剪裁/挂件母版；同体型尺寸、配色与职业组合派生，不整套复制人物,近景有可辨的细体素轮廓、五官/拼接层次；5cm细格与硬边法线，无粗大方块替代；米制原点/朝向一致，绑定与LOD同形；不改受保护身体净空；行走/坐姿/举臂衣物不穿体，吊带与下摆有真实轮廓
CHAR-139,丧礼素服模块母版,模块化服装与穿戴,基础组件,家庭葬礼,缺失待制,"提示词.md:75；src/simulation/family.ts:47,448-461（真实仪式数据已存，专用礼服未接）",手工模块化细体素服饰优先；Tripo单件视觉候选需重拓扑、统一绑定、离线检查后再接入,只读Citizen.id/position/state/role + extension.actorProfiles.age/alive；拟visualDescriptor/骨骼socket；不写模拟或碰撞,CHAR-139,可制作的独立剪裁/挂件母版；同体型尺寸、配色与职业组合派生，不整套复制人物,近景有可辨的细体素轮廓、五官/拼接层次；5cm细格与硬边法线，无粗大方块替代；米制原点/朝向一致，绑定与LOD同形；不改受保护身体净空；行走/坐姿/举臂衣物不穿体，吊带与下摆有真实轮廓
CHAR-140,雨披母版,模块化服装与穿戴,基础组件,天气/通勤,缺失待制,"提示词.md:61,101；src/rendering/citizen-appearance.ts:22,25,41,47-49（现仅色块衣帽包）",手工模块化细体素服饰优先；Tripo单件视觉候选需重拓扑、统一绑定、离线检查后再接入,只读Citizen.id/position/state/role + extension.actorProfiles.age/alive；拟visualDescriptor/骨骼socket；不写模拟或碰撞,CHAR-140,可制作的独立剪裁/挂件母版；同体型尺寸、配色与职业组合派生，不整套复制人物,近景有可辨的细体素轮廓、五官/拼接层次；5cm细格与硬边法线，无粗大方块替代；米制原点/朝向一致，绑定与LOD同形；不改受保护身体净空；行走/坐姿/举臂衣物不穿体，吊带与下摆有真实轮廓
CHAR-141,围巾披肩母版,模块化服装与穿戴,基础组件,服饰/季候,缺失待制,"提示词.md:61,101；src/rendering/citizen-appearance.ts:22,25,41,47-49（现仅色块衣帽包）",手工模块化细体素服饰优先；Tripo单件视觉候选需重拓扑、统一绑定、离线检查后再接入,只读Citizen.id/position/state/role + extension.actorProfiles.age/alive；拟visualDescriptor/骨骼socket；不写模拟或碰撞,CHAR-141,可制作的独立剪裁/挂件母版；同体型尺寸、配色与职业组合派生，不整套复制人物,近景有可辨的细体素轮廓、五官/拼接层次；5cm细格与硬边法线，无粗大方块替代；米制原点/朝向一致，绑定与LOD同形；不改受保护身体净空；行走/坐姿/举臂衣物不穿体，吊带与下摆有真实轮廓
CHAR-142,防护手套母版,模块化服装与穿戴,基础组件,工坊/医护,缺失待制,"提示词.md:61,101；src/rendering/citizen-appearance.ts:22,25,41,47-49（现仅色块衣帽包）",手工模块化细体素服饰优先；Tripo单件视觉候选需重拓扑、统一绑定、离线检查后再接入,只读Citizen.id/position/state/role + extension.actorProfiles.age/alive；拟visualDescriptor/骨骼socket；不写模拟或碰撞,CHAR-142,可制作的独立剪裁/挂件母版；同体型尺寸、配色与职业组合派生，不整套复制人物,近景有可辨的细体素轮廓、五官/拼接层次；5cm细格与硬边法线，无粗大方块替代；米制原点/朝向一致，绑定与LOD同形；不改受保护身体净空；行走/坐姿/举臂衣物不穿体，吊带与下摆有真实轮廓
CHAR-143,水上救生穿戴母版,模块化服装与穿戴,基础组件,渡轮/救援,缺失待制,"提示词.md:61,101；src/rendering/citizen-appearance.ts:22,25,41,47-49（现仅色块衣帽包）",手工模块化细体素服饰优先；Tripo单件视觉候选需重拓扑、统一绑定、离线检查后再接入,只读Citizen.id/position/state/role + extension.actorProfiles.age/alive；拟visualDescriptor/骨骼socket；不写模拟或碰撞,CHAR-143,可制作的独立剪裁/挂件母版；同体型尺寸、配色与职业组合派生，不整套复制人物,近景有可辨的细体素轮廓、五官/拼接层次；5cm细格与硬边法线，无粗大方块替代；米制原点/朝向一致，绑定与LOD同形；不改受保护身体净空；行走/坐姿/举臂衣物不穿体，吊带与下摆有真实轮廓
CHAR-144,飞行员护具母版,模块化服装与穿戴,基础组件,航空/驾驶,缺失待制,"提示词.md:61,101；src/rendering/citizen-appearance.ts:22,25,41,47-49（现仅色块衣帽包）",手工模块化细体素服饰优先；Tripo单件视觉候选需重拓扑、统一绑定、离线检查后再接入,只读Citizen.id/position/state/role + extension.actorProfiles.age/alive；拟visualDescriptor/骨骼socket；不写模拟或碰撞,CHAR-144,可制作的独立剪裁/挂件母版；同体型尺寸、配色与职业组合派生，不整套复制人物,近景有可辨的细体素轮廓、五官/拼接层次；5cm细格与硬边法线，无粗大方块替代；米制原点/朝向一致，绑定与LOD同形；不改受保护身体净空；行走/坐姿/举臂衣物不穿体，吊带与下摆有真实轮廓
CHAR-145,身体绷带挂件母版,模块化服装与穿戴,基础组件,伤患/医疗,缺失待制,"提示词.md:61,101；src/rendering/citizen-appearance.ts:22,25,41,47-49（现仅色块衣帽包）",手工模块化细体素服饰优先；Tripo单件视觉候选需重拓扑、统一绑定、离线检查后再接入,只读Citizen.id/position/state/role + extension.actorProfiles.age/alive；拟visualDescriptor/骨骼socket；不写模拟或碰撞,CHAR-145,可制作的独立剪裁/挂件母版；同体型尺寸、配色与职业组合派生，不整套复制人物,近景有可辨的细体素轮廓、五官/拼接层次；5cm细格与硬边法线，无粗大方块替代；米制原点/朝向一致，绑定与LOD同形；不改受保护身体净空；行走/坐姿/举臂衣物不穿体，吊带与下摆有真实轮廓
CHAR-146,肢体支具母版,模块化服装与穿戴,基础组件,康复/身体状态,缺失待制,"提示词.md:61,101；src/rendering/citizen-appearance.ts:22,25,41,47-49（现仅色块衣帽包）",手工模块化细体素服饰优先；Tripo单件视觉候选需重拓扑、统一绑定、离线检查后再接入,只读Citizen.id/position/state/role + extension.actorProfiles.age/alive；拟visualDescriptor/骨骼socket；不写模拟或碰撞,CHAR-146,可制作的独立剪裁/挂件母版；同体型尺寸、配色与职业组合派生，不整套复制人物,近景有可辨的细体素轮廓、五官/拼接层次；5cm细格与硬边法线，无粗大方块替代；米制原点/朝向一致，绑定与LOD同形；不改受保护身体净空；行走/坐姿/举臂衣物不穿体，吊带与下摆有真实轮廓
CHAR-147,旅行背包母版,模块化服装与穿戴,基础组件,玩家旅行者/通勤,缺失待制,"提示词.md:61,101；src/rendering/citizen-appearance.ts:22,25,41,47-49（现仅色块衣帽包）",手工模块化细体素服饰优先；Tripo单件视觉候选需重拓扑、统一绑定、离线检查后再接入,只读Citizen.id/position/state/role + extension.actorProfiles.age/alive；拟visualDescriptor/骨骼socket；不写模拟或碰撞,CHAR-147,可制作的独立剪裁/挂件母版；同体型尺寸、配色与职业组合派生，不整套复制人物,近景有可辨的细体素轮廓、五官/拼接层次；5cm细格与硬边法线，无粗大方块替代；米制原点/朝向一致，绑定与LOD同形；不改受保护身体净空；行走/坐姿/举臂衣物不穿体，吊带与下摆有真实轮廓
CHAR-148,细体素挎包母版,模块化服装与穿戴,基础组件,居民/学生,缺失待制,"提示词.md:61,101；src/rendering/citizen-appearance.ts:22,25,41,47-49（现仅色块衣帽包）",手工模块化细体素服饰优先；Tripo单件视觉候选需重拓扑、统一绑定、离线检查后再接入,只读Citizen.id/position/state/role + extension.actorProfiles.age/alive；拟visualDescriptor/骨骼socket；不写模拟或碰撞,CHAR-148,可制作的独立剪裁/挂件母版；同体型尺寸、配色与职业组合派生，不整套复制人物,近景有可辨的细体素轮廓、五官/拼接层次；5cm细格与硬边法线，无粗大方块替代；米制原点/朝向一致，绑定与LOD同形；不改受保护身体净空；行走/坐姿/举臂衣物不穿体，吊带与下摆有真实轮廓
CHAR-149,职业工具腰带母版,模块化服装与穿戴,基础组件,工坊/维修,缺失待制,"提示词.md:61,101；src/rendering/citizen-appearance.ts:22,25,41,47-49（现仅色块衣帽包）",手工模块化细体素服饰优先；Tripo单件视觉候选需重拓扑、统一绑定、离线检查后再接入,只读Citizen.id/position/state/role + extension.actorProfiles.age/alive；拟visualDescriptor/骨骼socket；不写模拟或碰撞,CHAR-149,可制作的独立剪裁/挂件母版；同体型尺寸、配色与职业组合派生，不整套复制人物,近景有可辨的细体素轮廓、五官/拼接层次；5cm细格与硬边法线，无粗大方块替代；米制原点/朝向一致，绑定与LOD同形；不改受保护身体净空；行走/坐姿/举臂衣物不穿体，吊带与下摆有真实轮廓
CHAR-150,职业胸牌腰牌母版,模块化服装与穿戴,基础组件,公共职业辨识,缺失待制,"提示词.md:61,101；src/rendering/citizen-appearance.ts:22,25,41,47-49（现仅色块衣帽包）",手工模块化细体素服饰优先；Tripo单件视觉候选需重拓扑、统一绑定、离线检查后再接入,只读Citizen.id/position/state/role + extension.actorProfiles.age/alive；拟visualDescriptor/骨骼socket；不写模拟或碰撞,CHAR-150,可制作的独立剪裁/挂件母版；同体型尺寸、配色与职业组合派生，不整套复制人物,近景有可辨的细体素轮廓、五官/拼接层次；5cm细格与硬边法线，无粗大方块替代；米制原点/朝向一致，绑定与LOD同形；不改受保护身体净空；行走/坐姿/举臂衣物不穿体，吊带与下摆有真实轮廓
CHAR-151,外星旅行者可复用穿搭组合,身份与生活穿搭,组合模板,玩家初始旅行/自由探索,缺失待制,"提示词.md:11,61,101,109；src/types.ts:12,24；src/simulation/player-labor.ts:25-30；src/rendering/citizen-appearance.ts:20-22（现身份只有有限色/帽映射）",复用身体/衣装/头饰母版，制作装配配置；无需每职业重复Tripo整人,只读Citizen.id/position/state/role + extension.actorProfiles.age/alive；拟visualDescriptor/骨骼socket；不写模拟或碰撞,CHAR-059,衣装=CHAR-116，佩戴=CHAR-147；绑定职业只读状态；同人换职业保持id/外观种子，不新增model,职业由剪裁/标识/持物辨认；不能单靠换色；年龄/体型全套贴合，权限/工资/库存规则不受装扮改变
CHAR-152,普通市民可复用穿搭组合,身份与生活穿搭,组合模板,居住/通勤/购物,缺失待制,"提示词.md:11,61,101,109；src/types.ts:12,24；src/simulation/player-labor.ts:25-30；src/rendering/citizen-appearance.ts:20-22（现身份只有有限色/帽映射）",复用身体/衣装/头饰母版，制作装配配置；无需每职业重复Tripo整人,只读Citizen.id/position/state/role + extension.actorProfiles.age/alive；拟visualDescriptor/骨骼socket；不写模拟或碰撞,CHAR-059,衣装=CHAR-113，佩戴=CHAR-148；绑定职业只读状态；同人换职业保持id/外观种子，不新增model,职业由剪裁/标识/持物辨认；不能单靠换色；年龄/体型全套贴合，权限/工资/库存规则不受装扮改变
CHAR-153,警察可复用穿搭组合,身份与生活穿搭,组合模板,巡逻/调查/执法,缺失待制,"提示词.md:11,61,101,109；src/types.ts:12,24；src/simulation/player-labor.ts:25-30；src/rendering/citizen-appearance.ts:20-22（现身份只有有限色/帽映射）",复用身体/衣装/头饰母版，制作装配配置；无需每职业重复Tripo整人,只读Citizen.id/position/state/role + extension.actorProfiles.age/alive；拟visualDescriptor/骨骼socket；不写模拟或碰撞,CHAR-059,衣装=CHAR-127，佩戴=CHAR-101；绑定职业只读状态；同人换职业保持id/外观种子，不新增model,职业由剪裁/标识/持物辨认；不能单靠换色；年龄/体型全套贴合，权限/工资/库存规则不受装扮改变
CHAR-154,士兵守卫可复用穿搭组合,身份与生活穿搭,组合模板,站岗/防卫,缺失待制,"提示词.md:11,61,101,109；src/types.ts:12,24；src/simulation/player-labor.ts:25-30；src/rendering/citizen-appearance.ts:20-22（现身份只有有限色/帽映射）",复用身体/衣装/头饰母版，制作装配配置；无需每职业重复Tripo整人,只读Citizen.id/position/state/role + extension.actorProfiles.age/alive；拟visualDescriptor/骨骼socket；不写模拟或碰撞,CHAR-059,衣装=CHAR-128，佩戴=CHAR-102；绑定职业只读状态；同人换职业保持id/外观种子，不新增model,职业由剪裁/标识/持物辨认；不能单靠换色；年龄/体型全套贴合，权限/工资/库存规则不受装扮改变
CHAR-155,教师可复用穿搭组合,身份与生活穿搭,组合模板,教育/传承,缺失待制,"提示词.md:11,61,101,109；src/types.ts:12,24；src/simulation/player-labor.ts:25-30；src/rendering/citizen-appearance.ts:20-22（现身份只有有限色/帽映射）",复用身体/衣装/头饰母版，制作装配配置；无需每职业重复Tripo整人,只读Citizen.id/position/state/role + extension.actorProfiles.age/alive；拟visualDescriptor/骨骼socket；不写模拟或碰撞,CHAR-059,衣装=CHAR-114，佩戴=CHAR-148；绑定职业只读状态；同人换职业保持id/外观种子，不新增model,职业由剪裁/标识/持物辨认；不能单靠换色；年龄/体型全套贴合，权限/工资/库存规则不受装扮改变
CHAR-156,驾驶员可复用穿搭组合,身份与生活穿搭,组合模板,道路/轨道驾驶,缺失待制,"提示词.md:11,61,101,109；src/types.ts:12,24；src/simulation/player-labor.ts:25-30；src/rendering/citizen-appearance.ts:20-22（现身份只有有限色/帽映射）",复用身体/衣装/头饰母版，制作装配配置；无需每职业重复Tripo整人,只读Citizen.id/position/state/role + extension.actorProfiles.age/alive；拟visualDescriptor/骨骼socket；不写模拟或碰撞,CHAR-059,衣装=CHAR-129，佩戴=CHAR-150；绑定职业只读状态；同人换职业保持id/外观种子，不新增model,职业由剪裁/标识/持物辨认；不能单靠换色；年龄/体型全套贴合，权限/工资/库存规则不受装扮改变
CHAR-157,商人可复用穿搭组合,身份与生活穿搭,组合模板,经营/交易,缺失待制,"提示词.md:11,61,101,109；src/types.ts:12,24；src/simulation/player-labor.ts:25-30；src/rendering/citizen-appearance.ts:20-22（现身份只有有限色/帽映射）",复用身体/衣装/头饰母版，制作装配配置；无需每职业重复Tripo整人,只读Citizen.id/position/state/role + extension.actorProfiles.age/alive；拟visualDescriptor/骨骼socket；不写模拟或碰撞,CHAR-059,衣装=CHAR-117，佩戴=CHAR-120；绑定职业只读状态；同人换职业保持id/外观种子，不新增model,职业由剪裁/标识/持物辨认；不能单靠换色；年龄/体型全套贴合，权限/工资/库存规则不受装扮改变
CHAR-158,官员可复用穿搭组合,身份与生活穿搭,组合模板,政务/公共事务,缺失待制,"提示词.md:11,61,101,109；src/types.ts:12,24；src/simulation/player-labor.ts:25-30；src/rendering/citizen-appearance.ts:20-22（现身份只有有限色/帽映射）",复用身体/衣装/头饰母版，制作装配配置；无需每职业重复Tripo整人,只读Citizen.id/position/state/role + extension.actorProfiles.age/alive；拟visualDescriptor/骨骼socket；不写模拟或碰撞,CHAR-059,衣装=CHAR-137，佩戴=CHAR-150；绑定职业只读状态；同人换职业保持id/外观种子，不新增model,职业由剪裁/标识/持物辨认；不能单靠换色；年龄/体型全套贴合，权限/工资/库存规则不受装扮改变
CHAR-159,市长可复用穿搭组合,身份与生活穿搭,组合模板,治理/竞选,缺失待制,"提示词.md:11,61,101,109；src/types.ts:12,24；src/simulation/player-labor.ts:25-30；src/rendering/citizen-appearance.ts:20-22（现身份只有有限色/帽映射）",复用身体/衣装/头饰母版，制作装配配置；无需每职业重复Tripo整人,只读Citizen.id/position/state/role + extension.actorProfiles.age/alive；拟visualDescriptor/骨骼socket；不写模拟或碰撞,CHAR-059,衣装=CHAR-137，佩戴=CHAR-150；绑定职业只读状态；同人换职业保持id/外观种子，不新增model,职业由剪裁/标识/持物辨认；不能单靠换色；年龄/体型全套贴合，权限/工资/库存规则不受装扮改变
CHAR-160,议员可复用穿搭组合,身份与生活穿搭,组合模板,议事/联署,缺失待制,"提示词.md:11,61,101,109；src/types.ts:12,24；src/simulation/player-labor.ts:25-30；src/rendering/citizen-appearance.ts:20-22（现身份只有有限色/帽映射）",复用身体/衣装/头饰母版，制作装配配置；无需每职业重复Tripo整人,只读Citizen.id/position/state/role + extension.actorProfiles.age/alive；拟visualDescriptor/骨骼socket；不写模拟或碰撞,CHAR-059,衣装=CHAR-137，佩戴=CHAR-150；绑定职业只读状态；同人换职业保持id/外观种子，不新增model,职业由剪裁/标识/持物辨认；不能单靠换色；年龄/体型全套贴合，权限/工资/库存规则不受装扮改变
CHAR-161,工人可复用穿搭组合,身份与生活穿搭,组合模板,制造/施工,缺失待制,"提示词.md:11,61,101,109；src/types.ts:12,24；src/simulation/player-labor.ts:25-30；src/rendering/citizen-appearance.ts:20-22（现身份只有有限色/帽映射）",复用身体/衣装/头饰母版，制作装配配置；无需每职业重复Tripo整人,只读Citizen.id/position/state/role + extension.actorProfiles.age/alive；拟visualDescriptor/骨骼socket；不写模拟或碰撞,CHAR-059,衣装=CHAR-130，佩戴=CHAR-103；绑定职业只读状态；同人换职业保持id/外观种子，不新增model,职业由剪裁/标识/持物辨认；不能单靠换色；年龄/体型全套贴合，权限/工资/库存规则不受装扮改变
CHAR-162,医生可复用穿搭组合,身份与生活穿搭,组合模板,诊疗,缺失待制,"提示词.md:11,61,101,109；src/types.ts:12,24；src/simulation/player-labor.ts:25-30；src/rendering/citizen-appearance.ts:20-22（现身份只有有限色/帽映射）",复用身体/衣装/头饰母版，制作装配配置；无需每职业重复Tripo整人,只读Citizen.id/position/state/role + extension.actorProfiles.age/alive；拟visualDescriptor/骨骼socket；不写模拟或碰撞,CHAR-059,衣装=CHAR-132，佩戴=CHAR-111；绑定职业只读状态；同人换职业保持id/外观种子，不新增model,职业由剪裁/标识/持物辨认；不能单靠换色；年龄/体型全套贴合，权限/工资/库存规则不受装扮改变
CHAR-163,护理人员可复用穿搭组合,身份与生活穿搭,组合模板,照护；目标职业契约待补,缺失待制,"开发备忘录.md:317,322；src/simulation/clinical.ts:67-76（现职员契约仅doctor，不宣称护理玩法已实现）",复用身体/衣装/头饰母版，制作装配配置；无需每职业重复Tripo整人,只读Citizen.id/position/state/role + extension.actorProfiles.age/alive；拟visualDescriptor/骨骼socket；不写模拟或碰撞,CHAR-059,衣装=CHAR-133，佩戴=CHAR-106；绑定职业只读状态；同人换职业保持id/外观种子，不新增model,职业由剪裁/标识/持物辨认；不能单靠换色；年龄/体型全套贴合，权限/工资/库存规则不受装扮改变
CHAR-164,农民可复用穿搭组合,身份与生活穿搭,组合模板,田作/供应,缺失待制,"提示词.md:11,61,101,109；src/types.ts:12,24；src/simulation/player-labor.ts:25-30；src/rendering/citizen-appearance.ts:20-22（现身份只有有限色/帽映射）",复用身体/衣装/头饰母版，制作装配配置；无需每职业重复Tripo整人,只读Citizen.id/position/state/role + extension.actorProfiles.age/alive；拟visualDescriptor/骨骼socket；不写模拟或碰撞,CHAR-059,衣装=CHAR-131，佩戴=CHAR-104；绑定职业只读状态；同人换职业保持id/外观种子，不新增model,职业由剪裁/标识/持物辨认；不能单靠换色；年龄/体型全套贴合，权限/工资/库存规则不受装扮改变
CHAR-165,学生可复用穿搭组合,身份与生活穿搭,组合模板,学堂/家庭扶养,缺失待制,"提示词.md:11,61,101,109；src/types.ts:12,24；src/simulation/player-labor.ts:25-30；src/rendering/citizen-appearance.ts:20-22（现身份只有有限色/帽映射）",复用身体/衣装/头饰母版，制作装配配置；无需每职业重复Tripo整人,只读Citizen.id/position/state/role + extension.actorProfiles.age/alive；拟visualDescriptor/骨骼socket；不写模拟或碰撞,CHAR-063,衣装=CHAR-126，佩戴=CHAR-148；绑定职业只读状态；同人换职业保持id/外观种子，不新增model,职业由剪裁/标识/持物辨认；不能单靠换色；年龄/体型全套贴合，权限/工资/库存规则不受装扮改变
CHAR-166,科学家可复用穿搭组合,身份与生活穿搭,组合模板,研究/技术,缺失待制,"提示词.md:11,61,101,109；src/types.ts:12,24；src/simulation/player-labor.ts:25-30；src/rendering/citizen-appearance.ts:20-22（现身份只有有限色/帽映射）",复用身体/衣装/头饰母版，制作装配配置；无需每职业重复Tripo整人,只读Citizen.id/position/state/role + extension.actorProfiles.age/alive；拟visualDescriptor/骨骼socket；不写模拟或碰撞,CHAR-059,衣装=CHAR-134，佩戴=CHAR-109；绑定职业只读状态；同人换职业保持id/外观种子，不新增model,职业由剪裁/标识/持物辨认；不能单靠换色；年龄/体型全套贴合，权限/工资/库存规则不受装扮改变
CHAR-167,流浪者可复用穿搭组合,身份与生活穿搭,组合模板,社会层次/求助,缺失待制,"提示词.md:11,61,101,109；src/types.ts:12,24；src/simulation/player-labor.ts:25-30；src/rendering/citizen-appearance.ts:20-22（现身份只有有限色/帽映射）",复用身体/衣装/头饰母版，制作装配配置；无需每职业重复Tripo整人,只读Citizen.id/position/state/role + extension.actorProfiles.age/alive；拟visualDescriptor/骨骼socket；不写模拟或碰撞,CHAR-059,衣装=CHAR-116，佩戴=CHAR-141；绑定职业只读状态；同人换职业保持id/外观种子，不新增model,职业由剪裁/标识/持物辨认；不能单靠换色；年龄/体型全套贴合，权限/工资/库存规则不受装扮改变
CHAR-168,交通能源工程师可复用穿搭组合,身份与生活穿搭,组合模板,文化公共交通维护服务,缺失待制,src/simulation/culture.ts:36（驾驶员/工程师服务角色）；src/rendering/citizen-appearance.ts:22（未见专用穿搭）,复用身体/衣装/头饰母版，制作装配配置；无需每职业重复Tripo整人,只读Citizen.id/position/state/role + extension.actorProfiles.age/alive；拟visualDescriptor/骨骼socket；不写模拟或碰撞,CHAR-059,衣装=CHAR-130，佩戴=CHAR-149；绑定职业只读状态；同人换职业保持id/外观种子，不新增model,职业由剪裁/标识/持物辨认；不能单靠换色；年龄/体型全套贴合，权限/工资/库存规则不受装扮改变
CHAR-169,厨师餐饮员工可复用穿搭组合,身份与生活穿搭,组合模板,烹饪/食品服务；职业细化契约待补,缺失待制,"提示词.md:11,61,101,109；src/types.ts:12,24；src/simulation/player-labor.ts:25-30；src/rendering/citizen-appearance.ts:20-22（现身份只有有限色/帽映射）",复用身体/衣装/头饰母版，制作装配配置；无需每职业重复Tripo整人,只读Citizen.id/position/state/role + extension.actorProfiles.age/alive；拟visualDescriptor/骨骼socket；不写模拟或碰撞,CHAR-059,衣装=CHAR-135，佩戴=CHAR-136；绑定职业只读状态；同人换职业保持id/外观种子，不新增model,职业由剪裁/标识/持物辨认；不能单靠换色；年龄/体型全套贴合，权限/工资/库存规则不受装扮改变
CHAR-170,搬运物流工可复用穿搭组合,身份与生活穿搭,组合模板,货运/有限物料,缺失待制,"提示词.md:11,61,101,109；src/types.ts:12,24；src/simulation/player-labor.ts:25-30；src/rendering/citizen-appearance.ts:20-22（现身份只有有限色/帽映射）",复用身体/衣装/头饰母版，制作装配配置；无需每职业重复Tripo整人,只读Citizen.id/position/state/role + extension.actorProfiles.age/alive；拟visualDescriptor/骨骼socket；不写模拟或碰撞,CHAR-059,衣装=CHAR-130，佩戴=CHAR-149；绑定职业只读状态；同人换职业保持id/外观种子，不新增model,职业由剪裁/标识/持物辨认；不能单靠换色；年龄/体型全套贴合，权限/工资/库存规则不受装扮改变
CHAR-171,钱庄职员可复用穿搭组合,身份与生活穿搭,组合模板,银行服务/业务现场,缺失待制,"提示词.md:11,61,101,109；src/types.ts:12,24；src/simulation/player-labor.ts:25-30；src/rendering/citizen-appearance.ts:20-22（现身份只有有限色/帽映射）",复用身体/衣装/头饰母版，制作装配配置；无需每职业重复Tripo整人,只读Citizen.id/position/state/role + extension.actorProfiles.age/alive；拟visualDescriptor/骨骼socket；不写模拟或碰撞,CHAR-059,衣装=CHAR-114，佩戴=CHAR-150；绑定职业只读状态；同人换职业保持id/外观种子，不新增model,职业由剪裁/标识/持物辨认；不能单靠换色；年龄/体型全套贴合，权限/工资/库存规则不受装扮改变
CHAR-172,婚礼当事人可复用穿搭组合,身份与生活穿搭,组合模板,真实家庭婚礼,缺失待制,"src/simulation/family.ts:47,448-461；src/rendering/citizen-appearance.ts:19-51（只有普通外观）",复用身体/衣装/头饰母版，制作装配配置；无需每职业重复Tripo整人,只读Citizen.id/position/state/role + extension.actorProfiles.age/alive；拟visualDescriptor/骨骼socket；不写模拟或碰撞,CHAR-059,衣装=CHAR-138，佩戴=CHAR-100；绑定职业只读状态；同人换职业保持id/外观种子，不新增model,职业由剪裁/标识/持物辨认；不能单靠换色；年龄/体型全套贴合，权限/工资/库存规则不受装扮改变
CHAR-173,丧礼亲友可复用穿搭组合,身份与生活穿搭,组合模板,真实家庭葬礼,缺失待制,"src/simulation/family.ts:47,448-461；src/rendering/citizen-appearance.ts:19-51（只有普通外观）",复用身体/衣装/头饰母版，制作装配配置；无需每职业重复Tripo整人,只读Citizen.id/position/state/role + extension.actorProfiles.age/alive；拟visualDescriptor/骨骼socket；不写模拟或碰撞,CHAR-059,衣装=CHAR-139，佩戴=CHAR-141；绑定职业只读状态；同人换职业保持id/外观种子，不新增model,职业由剪裁/标识/持物辨认；不能单靠换色；年龄/体型全套贴合，权限/工资/库存规则不受装扮改变
CHAR-174,医馆患者可复用穿搭组合,身份与生活穿搭,组合模板,诊疗/康复,缺失待制,"提示词.md:11,61,101,109；src/types.ts:12,24；src/simulation/player-labor.ts:25-30；src/rendering/citizen-appearance.ts:20-22（现身份只有有限色/帽映射）",复用身体/衣装/头饰母版，制作装配配置；无需每职业重复Tripo整人,只读Citizen.id/position/state/role + extension.actorProfiles.age/alive；拟visualDescriptor/骨骼socket；不写模拟或碰撞,CHAR-059,衣装=CHAR-124，佩戴=CHAR-145；绑定职业只读状态；同人换职业保持id/外观种子，不新增model,职业由剪裁/标识/持物辨认；不能单靠换色；年龄/体型全套贴合，权限/工资/库存规则不受装扮改变
CHAR-175,玩家第一人称职业持物装配,玩家呈现,组合模板,步行/驾驶/现场工作,缺失待制,"src/controller.ts:13,119；src/types.ts:29；src/rendering/citizen-appearance.ts:124（当前未绘玩家手部）",统一双手母版与手持socket配置,只读Citizen.id/position/state/role + extension.actorProfiles.age/alive；拟visualDescriptor/骨骼socket；不写模拟或碰撞,CHAR-075,从玩家role/实际inventory/操作读显示；不把UI按键成功视作手部动作已存在,镜头不被手部遮满；每持物正确比例/握持点，空手回退；背包无该物不得凭空显示
CHAR-176,玩家完整身体复用装配,玩家呈现,组合模板,无人机观察/角色自我呈现,缺失待制,"提示词.md:7,65；src/types.ts:29；src/rendering/citizen-appearance.ts:124（只消费citizens）",玩家适配到共同身体/衣发装配协议,只读Citizen.id/position/state/role + extension.actorProfiles.age/alive；拟visualDescriptor/骨骼socket；不写模拟或碰撞,CHAR-059,与NPC共用母版；相机/外观选择适配不写保护玩法状态,玩家身体可见策略清楚，不遮挡第一人称；身体/手部同色同衣；不得声称第三人称玩法已实现
CHAR-177,角色手持油纸/科技伞母版,角色生活与职业持物,基础组件,雨天通勤,缺失待制,"提示词.md:57,65,79；开发备忘录.md:322；src/rendering/citizen-appearance.ts:42,49（现只有块手/挎包，无手持socket物）",先单件细体素概念图与尺度核形，再Tripo图生视觉件候选/手工体素建模；离线验GLB、硬边、平面法线与5cm细格，不改0.2m玩法网格,只读Citizen.id/position/state/role + extension.actorProfiles.age/alive；拟visualDescriptor/骨骼socket；不写模拟或碰撞；拟hand/socket、道具握持矩阵；有库存/流程时只读实际物权,CHAR-177,仅角色佩戴/持用视觉母版；与总表固定/陈列同物件应共用主母版，不重复计几何,近景有可辨的细体素轮廓、五官/拼接层次；5cm细格与硬边法线，无粗大方块替代；米制原点/朝向一致，绑定与LOD同形；不改受保护身体净空；握持点/原点明确，手部不穿物；没有物权/业务状态时不凭空显示
CHAR-178,角色手持拐杖母版,角色生活与职业持物,基础组件,老年/康复,缺失待制,"提示词.md:57,65,79；开发备忘录.md:322；src/rendering/citizen-appearance.ts:42,49（现只有块手/挎包，无手持socket物）",先单件细体素概念图与尺度核形，再Tripo图生视觉件候选/手工体素建模；离线验GLB、硬边、平面法线与5cm细格，不改0.2m玩法网格,只读Citizen.id/position/state/role + extension.actorProfiles.age/alive；拟visualDescriptor/骨骼socket；不写模拟或碰撞；拟hand/socket、道具握持矩阵；有库存/流程时只读实际物权,CHAR-178,仅角色佩戴/持用视觉母版；与总表固定/陈列同物件应共用主母版，不重复计几何,近景有可辨的细体素轮廓、五官/拼接层次；5cm细格与硬边法线，无粗大方块替代；米制原点/朝向一致，绑定与LOD同形；不改受保护身体净空；握持点/原点明确，手部不穿物；没有物权/业务状态时不凭空显示
CHAR-179,角色手持腋拐母版,角色生活与职业持物,基础组件,医疗康复,缺失待制,"提示词.md:57,65,79；开发备忘录.md:322；src/rendering/citizen-appearance.ts:42,49（现只有块手/挎包，无手持socket物）",先单件细体素概念图与尺度核形，再Tripo图生视觉件候选/手工体素建模；离线验GLB、硬边、平面法线与5cm细格，不改0.2m玩法网格,只读Citizen.id/position/state/role + extension.actorProfiles.age/alive；拟visualDescriptor/骨骼socket；不写模拟或碰撞；拟hand/socket、道具握持矩阵；有库存/流程时只读实际物权,CHAR-179,仅角色佩戴/持用视觉母版；与总表固定/陈列同物件应共用主母版，不重复计几何,近景有可辨的细体素轮廓、五官/拼接层次；5cm细格与硬边法线，无粗大方块替代；米制原点/朝向一致，绑定与LOD同形；不改受保护身体净空；握持点/原点明确，手部不穿物；没有物权/业务状态时不凭空显示
CHAR-180,角色手提购物袋母版,角色生活与职业持物,基础组件,真实购物,缺失待制,"提示词.md:57,65,79；开发备忘录.md:322；src/rendering/citizen-appearance.ts:42,49（现只有块手/挎包，无手持socket物）",先单件细体素概念图与尺度核形，再Tripo图生视觉件候选/手工体素建模；离线验GLB、硬边、平面法线与5cm细格，不改0.2m玩法网格,只读Citizen.id/position/state/role + extension.actorProfiles.age/alive；拟visualDescriptor/骨骼socket；不写模拟或碰撞；拟hand/socket、道具握持矩阵；有库存/流程时只读实际物权,CHAR-180,仅角色佩戴/持用视觉母版；与总表固定/陈列同物件应共用主母版，不重复计几何,近景有可辨的细体素轮廓、五官/拼接层次；5cm细格与硬边法线，无粗大方块替代；米制原点/朝向一致，绑定与LOD同形；不改受保护身体净空；握持点/原点明确，手部不穿物；没有物权/业务状态时不凭空显示
CHAR-181,角色手持食品包母版,角色生活与职业持物,基础组件,食品消费/赠食,缺失待制,"提示词.md:57,65,79；开发备忘录.md:322；src/rendering/citizen-appearance.ts:42,49（现只有块手/挎包，无手持socket物）",先单件细体素概念图与尺度核形，再Tripo图生视觉件候选/手工体素建模；离线验GLB、硬边、平面法线与5cm细格，不改0.2m玩法网格,只读Citizen.id/position/state/role + extension.actorProfiles.age/alive；拟visualDescriptor/骨骼socket；不写模拟或碰撞；拟hand/socket、道具握持矩阵；有库存/流程时只读实际物权,CHAR-181,仅角色佩戴/持用视觉母版；与总表固定/陈列同物件应共用主母版，不重复计几何,近景有可辨的细体素轮廓、五官/拼接层次；5cm细格与硬边法线，无粗大方块替代；米制原点/朝向一致，绑定与LOD同形；不改受保护身体净空；握持点/原点明确，手部不穿物；没有物权/业务状态时不凭空显示
CHAR-182,角色手持餐碗母版,角色生活与职业持物,基础组件,就餐,缺失待制,"提示词.md:57,65,79；开发备忘录.md:322；src/rendering/citizen-appearance.ts:42,49（现只有块手/挎包，无手持socket物）",先单件细体素概念图与尺度核形，再Tripo图生视觉件候选/手工体素建模；离线验GLB、硬边、平面法线与5cm细格，不改0.2m玩法网格,只读Citizen.id/position/state/role + extension.actorProfiles.age/alive；拟visualDescriptor/骨骼socket；不写模拟或碰撞；拟hand/socket、道具握持矩阵；有库存/流程时只读实际物权,CHAR-182,仅角色佩戴/持用视觉母版；与总表固定/陈列同物件应共用主母版，不重复计几何,近景有可辨的细体素轮廓、五官/拼接层次；5cm细格与硬边法线，无粗大方块替代；米制原点/朝向一致，绑定与LOD同形；不改受保护身体净空；握持点/原点明确，手部不穿物；没有物权/业务状态时不凭空显示
CHAR-183,角色手持筷子母版,角色生活与职业持物,基础组件,就餐,缺失待制,"提示词.md:57,65,79；开发备忘录.md:322；src/rendering/citizen-appearance.ts:42,49（现只有块手/挎包，无手持socket物）",先单件细体素概念图与尺度核形，再Tripo图生视觉件候选/手工体素建模；离线验GLB、硬边、平面法线与5cm细格，不改0.2m玩法网格,只读Citizen.id/position/state/role + extension.actorProfiles.age/alive；拟visualDescriptor/骨骼socket；不写模拟或碰撞；拟hand/socket、道具握持矩阵；有库存/流程时只读实际物权,CHAR-183,仅角色佩戴/持用视觉母版；与总表固定/陈列同物件应共用主母版，不重复计几何,近景有可辨的细体素轮廓、五官/拼接层次；5cm细格与硬边法线，无粗大方块替代；米制原点/朝向一致，绑定与LOD同形；不改受保护身体净空；握持点/原点明确，手部不穿物；没有物权/业务状态时不凭空显示
CHAR-184,角色手持茶杯水杯母版,角色生活与职业持物,基础组件,饮水/休闲,缺失待制,"提示词.md:57,65,79；开发备忘录.md:322；src/rendering/citizen-appearance.ts:42,49（现只有块手/挎包，无手持socket物）",先单件细体素概念图与尺度核形，再Tripo图生视觉件候选/手工体素建模；离线验GLB、硬边、平面法线与5cm细格，不改0.2m玩法网格,只读Citizen.id/position/state/role + extension.actorProfiles.age/alive；拟visualDescriptor/骨骼socket；不写模拟或碰撞；拟hand/socket、道具握持矩阵；有库存/流程时只读实际物权,CHAR-184,仅角色佩戴/持用视觉母版；与总表固定/陈列同物件应共用主母版，不重复计几何,近景有可辨的细体素轮廓、五官/拼接层次；5cm细格与硬边法线，无粗大方块替代；米制原点/朝向一致，绑定与LOD同形；不改受保护身体净空；握持点/原点明确，手部不穿物；没有物权/业务状态时不凭空显示
CHAR-185,角色手持烹饪勺母版,角色生活与职业持物,基础组件,烹饪,缺失待制,"提示词.md:57,65,79；开发备忘录.md:322；src/rendering/citizen-appearance.ts:42,49（现只有块手/挎包，无手持socket物）",先单件细体素概念图与尺度核形，再Tripo图生视觉件候选/手工体素建模；离线验GLB、硬边、平面法线与5cm细格，不改0.2m玩法网格,只读Citizen.id/position/state/role + extension.actorProfiles.age/alive；拟visualDescriptor/骨骼socket；不写模拟或碰撞；拟hand/socket、道具握持矩阵；有库存/流程时只读实际物权,CHAR-185,仅角色佩戴/持用视觉母版；与总表固定/陈列同物件应共用主母版，不重复计几何,近景有可辨的细体素轮廓、五官/拼接层次；5cm细格与硬边法线，无粗大方块替代；米制原点/朝向一致，绑定与LOD同形；不改受保护身体净空；握持点/原点明确，手部不穿物；没有物权/业务状态时不凭空显示
CHAR-186,角色手持扫帚母版,角色生活与职业持物,基础组件,家务/清洁,缺失待制,"提示词.md:57,65,79；开发备忘录.md:322；src/rendering/citizen-appearance.ts:42,49（现只有块手/挎包，无手持socket物）",先单件细体素概念图与尺度核形，再Tripo图生视觉件候选/手工体素建模；离线验GLB、硬边、平面法线与5cm细格，不改0.2m玩法网格,只读Citizen.id/position/state/role + extension.actorProfiles.age/alive；拟visualDescriptor/骨骼socket；不写模拟或碰撞；拟hand/socket、道具握持矩阵；有库存/流程时只读实际物权,CHAR-186,仅角色佩戴/持用视觉母版；与总表固定/陈列同物件应共用主母版，不重复计几何,近景有可辨的细体素轮廓、五官/拼接层次；5cm细格与硬边法线，无粗大方块替代；米制原点/朝向一致，绑定与LOD同形；不改受保护身体净空；握持点/原点明确，手部不穿物；没有物权/业务状态时不凭空显示
CHAR-187,角色手持抹布母版,角色生活与职业持物,基础组件,家务/清洁,缺失待制,"提示词.md:57,65,79；开发备忘录.md:322；src/rendering/citizen-appearance.ts:42,49（现只有块手/挎包，无手持socket物）",先单件细体素概念图与尺度核形，再Tripo图生视觉件候选/手工体素建模；离线验GLB、硬边、平面法线与5cm细格，不改0.2m玩法网格,只读Citizen.id/position/state/role + extension.actorProfiles.age/alive；拟visualDescriptor/骨骼socket；不写模拟或碰撞；拟hand/socket、道具握持矩阵；有库存/流程时只读实际物权,CHAR-187,仅角色佩戴/持用视觉母版；与总表固定/陈列同物件应共用主母版，不重复计几何,近景有可辨的细体素轮廓、五官/拼接层次；5cm细格与硬边法线，无粗大方块替代；米制原点/朝向一致，绑定与LOD同形；不改受保护身体净空；握持点/原点明确，手部不穿物；没有物权/业务状态时不凭空显示
CHAR-188,角色提桶母版,角色生活与职业持物,基础组件,家务/田作,缺失待制,"提示词.md:57,65,79；开发备忘录.md:322；src/rendering/citizen-appearance.ts:42,49（现只有块手/挎包，无手持socket物）",先单件细体素概念图与尺度核形，再Tripo图生视觉件候选/手工体素建模；离线验GLB、硬边、平面法线与5cm细格，不改0.2m玩法网格,只读Citizen.id/position/state/role + extension.actorProfiles.age/alive；拟visualDescriptor/骨骼socket；不写模拟或碰撞；拟hand/socket、道具握持矩阵；有库存/流程时只读实际物权,CHAR-188,仅角色佩戴/持用视觉母版；与总表固定/陈列同物件应共用主母版，不重复计几何,近景有可辨的细体素轮廓、五官/拼接层次；5cm细格与硬边法线，无粗大方块替代；米制原点/朝向一致，绑定与LOD同形；不改受保护身体净空；握持点/原点明确，手部不穿物；没有物权/业务状态时不凭空显示
CHAR-189,教师/学生手持书册母版,角色生活与职业持物,基础组件,学习/阅读,缺失待制,"提示词.md:57,65,79；开发备忘录.md:322；src/rendering/citizen-appearance.ts:42,49（现只有块手/挎包，无手持socket物）",先单件细体素概念图与尺度核形，再Tripo图生视觉件候选/手工体素建模；离线验GLB、硬边、平面法线与5cm细格，不改0.2m玩法网格,只读Citizen.id/position/state/role + extension.actorProfiles.age/alive；拟visualDescriptor/骨骼socket；不写模拟或碰撞；拟hand/socket、道具握持矩阵；有库存/流程时只读实际物权,CHAR-189,仅角色佩戴/持用视觉母版；与总表固定/陈列同物件应共用主母版，不重复计几何,近景有可辨的细体素轮廓、五官/拼接层次；5cm细格与硬边法线，无粗大方块替代；米制原点/朝向一致，绑定与LOD同形；不改受保护身体净空；握持点/原点明确，手部不穿物；没有物权/业务状态时不凭空显示
CHAR-190,角色手持毛笔母版,角色生活与职业持物,基础组件,写作/教学,缺失待制,"提示词.md:57,65,79；开发备忘录.md:322；src/rendering/citizen-appearance.ts:42,49（现只有块手/挎包，无手持socket物）",先单件细体素概念图与尺度核形，再Tripo图生视觉件候选/手工体素建模；离线验GLB、硬边、平面法线与5cm细格，不改0.2m玩法网格,只读Citizen.id/position/state/role + extension.actorProfiles.age/alive；拟visualDescriptor/骨骼socket；不写模拟或碰撞；拟hand/socket、道具握持矩阵；有库存/流程时只读实际物权,CHAR-190,仅角色佩戴/持用视觉母版；与总表固定/陈列同物件应共用主母版，不重复计几何,近景有可辨的细体素轮廓、五官/拼接层次；5cm细格与硬边法线，无粗大方块替代；米制原点/朝向一致，绑定与LOD同形；不改受保护身体净空；握持点/原点明确，手部不穿物；没有物权/业务状态时不凭空显示
CHAR-191,角色手持终端母版,角色生活与职业持物,基础组件,政务/科研/交通,缺失待制,"提示词.md:57,65,79；开发备忘录.md:322；src/rendering/citizen-appearance.ts:42,49（现只有块手/挎包，无手持socket物）",先单件细体素概念图与尺度核形，再Tripo图生视觉件候选/手工体素建模；离线验GLB、硬边、平面法线与5cm细格，不改0.2m玩法网格,只读Citizen.id/position/state/role + extension.actorProfiles.age/alive；拟visualDescriptor/骨骼socket；不写模拟或碰撞；拟hand/socket、道具握持矩阵；有库存/流程时只读实际物权,CHAR-191,仅角色佩戴/持用视觉母版；与总表固定/陈列同物件应共用主母版，不重复计几何,近景有可辨的细体素轮廓、五官/拼接层次；5cm细格与硬边法线，无粗大方块替代；米制原点/朝向一致，绑定与LOD同形；不改受保护身体净空；握持点/原点明确，手部不穿物；没有物权/业务状态时不凭空显示
CHAR-192,角色手持记录板母版,角色生活与职业持物,基础组件,检查/医疗/工作,缺失待制,"提示词.md:57,65,79；开发备忘录.md:322；src/rendering/citizen-appearance.ts:42,49（现只有块手/挎包，无手持socket物）",先单件细体素概念图与尺度核形，再Tripo图生视觉件候选/手工体素建模；离线验GLB、硬边、平面法线与5cm细格，不改0.2m玩法网格,只读Citizen.id/position/state/role + extension.actorProfiles.age/alive；拟visualDescriptor/骨骼socket；不写模拟或碰撞；拟hand/socket、道具握持矩阵；有库存/流程时只读实际物权,CHAR-192,仅角色佩戴/持用视觉母版；与总表固定/陈列同物件应共用主母版，不重复计几何,近景有可辨的细体素轮廓、五官/拼接层次；5cm细格与硬边法线，无粗大方块替代；米制原点/朝向一致，绑定与LOD同形；不改受保护身体净空；握持点/原点明确，手部不穿物；没有物权/业务状态时不凭空显示
CHAR-193,医生佩戴与手持诊察器母版,角色生活与职业持物,基础组件,诊疗,缺失待制,"提示词.md:57,65,79；开发备忘录.md:322；src/rendering/citizen-appearance.ts:42,49（现只有块手/挎包，无手持socket物）",先单件细体素概念图与尺度核形，再Tripo图生视觉件候选/手工体素建模；离线验GLB、硬边、平面法线与5cm细格，不改0.2m玩法网格,只读Citizen.id/position/state/role + extension.actorProfiles.age/alive；拟visualDescriptor/骨骼socket；不写模拟或碰撞；拟hand/socket、道具握持矩阵；有库存/流程时只读实际物权,CHAR-193,仅角色佩戴/持用视觉母版；与总表固定/陈列同物件应共用主母版，不重复计几何,近景有可辨的细体素轮廓、五官/拼接层次；5cm细格与硬边法线，无粗大方块替代；米制原点/朝向一致，绑定与LOD同形；不改受保护身体净空；握持点/原点明确，手部不穿物；没有物权/业务状态时不凭空显示
CHAR-194,医护提携急救包母版,角色生活与职业持物,基础组件,诊疗/救援,缺失待制,"提示词.md:57,65,79；开发备忘录.md:322；src/rendering/citizen-appearance.ts:42,49（现只有块手/挎包，无手持socket物）",先单件细体素概念图与尺度核形，再Tripo图生视觉件候选/手工体素建模；离线验GLB、硬边、平面法线与5cm细格，不改0.2m玩法网格,只读Citizen.id/position/state/role + extension.actorProfiles.age/alive；拟visualDescriptor/骨骼socket；不写模拟或碰撞；拟hand/socket、道具握持矩阵；有库存/流程时只读实际物权,CHAR-194,仅角色佩戴/持用视觉母版；与总表固定/陈列同物件应共用主母版，不重复计几何,近景有可辨的细体素轮廓、五官/拼接层次；5cm细格与硬边法线，无粗大方块替代；米制原点/朝向一致，绑定与LOD同形；不改受保护身体净空；握持点/原点明确，手部不穿物；没有物权/业务状态时不凭空显示
CHAR-195,医生手持诊脉/扫描探头母版,角色生活与职业持物,基础组件,未来中式诊疗,缺失待制,"提示词.md:57,65,79；开发备忘录.md:322；src/rendering/citizen-appearance.ts:42,49（现只有块手/挎包，无手持socket物）",先单件细体素概念图与尺度核形，再Tripo图生视觉件候选/手工体素建模；离线验GLB、硬边、平面法线与5cm细格，不改0.2m玩法网格,只读Citizen.id/position/state/role + extension.actorProfiles.age/alive；拟visualDescriptor/骨骼socket；不写模拟或碰撞；拟hand/socket、道具握持矩阵；有库存/流程时只读实际物权,CHAR-195,仅角色佩戴/持用视觉母版；与总表固定/陈列同物件应共用主母版，不重复计几何,近景有可辨的细体素轮廓、五官/拼接层次；5cm细格与硬边法线，无粗大方块替代；米制原点/朝向一致，绑定与LOD同形；不改受保护身体净空；握持点/原点明确，手部不穿物；没有物权/业务状态时不凭空显示
CHAR-196,执勤手持照明器母版,角色生活与职业持物,基础组件,治安/夜间,缺失待制,"提示词.md:57,65,79；开发备忘录.md:322；src/rendering/citizen-appearance.ts:42,49（现只有块手/挎包，无手持socket物）",先单件细体素概念图与尺度核形，再Tripo图生视觉件候选/手工体素建模；离线验GLB、硬边、平面法线与5cm细格，不改0.2m玩法网格,只读Citizen.id/position/state/role + extension.actorProfiles.age/alive；拟visualDescriptor/骨骼socket；不写模拟或碰撞；拟hand/socket、道具握持矩阵；有库存/流程时只读实际物权,CHAR-196,仅角色佩戴/持用视觉母版；与总表固定/陈列同物件应共用主母版，不重复计几何,近景有可辨的细体素轮廓、五官/拼接层次；5cm细格与硬边法线，无粗大方块替代；米制原点/朝向一致，绑定与LOD同形；不改受保护身体净空；握持点/原点明确，手部不穿物；没有物权/业务状态时不凭空显示
CHAR-197,执勤手持通信器母版,角色生活与职业持物,基础组件,警务/交通调度,缺失待制,"提示词.md:57,65,79；开发备忘录.md:322；src/rendering/citizen-appearance.ts:42,49（现只有块手/挎包，无手持socket物）",先单件细体素概念图与尺度核形，再Tripo图生视觉件候选/手工体素建模；离线验GLB、硬边、平面法线与5cm细格，不改0.2m玩法网格,只读Citizen.id/position/state/role + extension.actorProfiles.age/alive；拟visualDescriptor/骨骼socket；不写模拟或碰撞；拟hand/socket、道具握持矩阵；有库存/流程时只读实际物权,CHAR-197,仅角色佩戴/持用视觉母版；与总表固定/陈列同物件应共用主母版，不重复计几何,近景有可辨的细体素轮廓、五官/拼接层次；5cm细格与硬边法线，无粗大方块替代；米制原点/朝向一致，绑定与LOD同形；不改受保护身体净空；握持点/原点明确，手部不穿物；没有物权/业务状态时不凭空显示
CHAR-198,警务手持勤务棍母版,角色生活与职业持物,基础组件,执法视觉；规则仍由治安系统,缺失待制,"提示词.md:57,65,79；开发备忘录.md:322；src/rendering/citizen-appearance.ts:42,49（现只有块手/挎包，无手持socket物）",先单件细体素概念图与尺度核形，再Tripo图生视觉件候选/手工体素建模；离线验GLB、硬边、平面法线与5cm细格，不改0.2m玩法网格,只读Citizen.id/position/state/role + extension.actorProfiles.age/alive；拟visualDescriptor/骨骼socket；不写模拟或碰撞；拟hand/socket、道具握持矩阵；有库存/流程时只读实际物权,CHAR-198,仅角色佩戴/持用视觉母版；与总表固定/陈列同物件应共用主母版，不重复计几何,近景有可辨的细体素轮廓、五官/拼接层次；5cm细格与硬边法线，无粗大方块替代；米制原点/朝向一致，绑定与LOD同形；不改受保护身体净空；握持点/原点明确，手部不穿物；没有物权/业务状态时不凭空显示
CHAR-199,维修手持扳手母版,角色生活与职业持物,基础组件,交通/能源维修,缺失待制,"提示词.md:57,65,79；开发备忘录.md:322；src/rendering/citizen-appearance.ts:42,49（现只有块手/挎包，无手持socket物）",先单件细体素概念图与尺度核形，再Tripo图生视觉件候选/手工体素建模；离线验GLB、硬边、平面法线与5cm细格，不改0.2m玩法网格,只读Citizen.id/position/state/role + extension.actorProfiles.age/alive；拟visualDescriptor/骨骼socket；不写模拟或碰撞；拟hand/socket、道具握持矩阵；有库存/流程时只读实际物权,CHAR-199,仅角色佩戴/持用视觉母版；与总表固定/陈列同物件应共用主母版，不重复计几何,近景有可辨的细体素轮廓、五官/拼接层次；5cm细格与硬边法线，无粗大方块替代；米制原点/朝向一致，绑定与LOD同形；不改受保护身体净空；握持点/原点明确，手部不穿物；没有物权/业务状态时不凭空显示
CHAR-200,工坊手持锤母版,角色生活与职业持物,基础组件,制造/施工,缺失待制,"提示词.md:57,65,79；开发备忘录.md:322；src/rendering/citizen-appearance.ts:42,49（现只有块手/挎包，无手持socket物）",先单件细体素概念图与尺度核形，再Tripo图生视觉件候选/手工体素建模；离线验GLB、硬边、平面法线与5cm细格，不改0.2m玩法网格,只读Citizen.id/position/state/role + extension.actorProfiles.age/alive；拟visualDescriptor/骨骼socket；不写模拟或碰撞；拟hand/socket、道具握持矩阵；有库存/流程时只读实际物权,CHAR-200,仅角色佩戴/持用视觉母版；与总表固定/陈列同物件应共用主母版，不重复计几何,近景有可辨的细体素轮廓、五官/拼接层次；5cm细格与硬边法线，无粗大方块替代；米制原点/朝向一致，绑定与LOD同形；不改受保护身体净空；握持点/原点明确，手部不穿物；没有物权/业务状态时不凭空显示
CHAR-201,农业手持锄母版,角色生活与职业持物,基础组件,田作,缺失待制,"提示词.md:57,65,79；开发备忘录.md:322；src/rendering/citizen-appearance.ts:42,49（现只有块手/挎包，无手持socket物）",先单件细体素概念图与尺度核形，再Tripo图生视觉件候选/手工体素建模；离线验GLB、硬边、平面法线与5cm细格，不改0.2m玩法网格,只读Citizen.id/position/state/role + extension.actorProfiles.age/alive；拟visualDescriptor/骨骼socket；不写模拟或碰撞；拟hand/socket、道具握持矩阵；有库存/流程时只读实际物权,CHAR-201,仅角色佩戴/持用视觉母版；与总表固定/陈列同物件应共用主母版，不重复计几何,近景有可辨的细体素轮廓、五官/拼接层次；5cm细格与硬边法线，无粗大方块替代；米制原点/朝向一致，绑定与LOD同形；不改受保护身体净空；握持点/原点明确，手部不穿物；没有物权/业务状态时不凭空显示
CHAR-202,农业手提采收篮母版,角色生活与职业持物,基础组件,田作/供应,缺失待制,"提示词.md:57,65,79；开发备忘录.md:322；src/rendering/citizen-appearance.ts:42,49（现只有块手/挎包，无手持socket物）",先单件细体素概念图与尺度核形，再Tripo图生视觉件候选/手工体素建模；离线验GLB、硬边、平面法线与5cm细格，不改0.2m玩法网格,只读Citizen.id/position/state/role + extension.actorProfiles.age/alive；拟visualDescriptor/骨骼socket；不写模拟或碰撞；拟hand/socket、道具握持矩阵；有库存/流程时只读实际物权,CHAR-202,仅角色佩戴/持用视觉母版；与总表固定/陈列同物件应共用主母版，不重复计几何,近景有可辨的细体素轮廓、五官/拼接层次；5cm细格与硬边法线，无粗大方块替代；米制原点/朝向一致，绑定与LOD同形；不改受保护身体净空；握持点/原点明确，手部不穿物；没有物权/业务状态时不凭空显示
CHAR-203,物流手抱包裹母版,角色生活与职业持物,基础组件,有限货运/搬运,缺失待制,"提示词.md:57,65,79；开发备忘录.md:322；src/rendering/citizen-appearance.ts:42,49（现只有块手/挎包，无手持socket物）",先单件细体素概念图与尺度核形，再Tripo图生视觉件候选/手工体素建模；离线验GLB、硬边、平面法线与5cm细格，不改0.2m玩法网格,只读Citizen.id/position/state/role + extension.actorProfiles.age/alive；拟visualDescriptor/骨骼socket；不写模拟或碰撞；拟hand/socket、道具握持矩阵；有库存/流程时只读实际物权,CHAR-203,仅角色佩戴/持用视觉母版；与总表固定/陈列同物件应共用主母版，不重复计几何,近景有可辨的细体素轮廓、五官/拼接层次；5cm细格与硬边法线，无粗大方块替代；米制原点/朝向一致，绑定与LOD同形；不改受保护身体净空；握持点/原点明确，手部不穿物；没有物权/业务状态时不凭空显示
CHAR-204,婚恋角色手持花束母版,角色生活与职业持物,基础组件,送礼/婚礼,缺失待制,"提示词.md:57,65,79；开发备忘录.md:322；src/rendering/citizen-appearance.ts:42,49（现只有块手/挎包，无手持socket物）",先单件细体素概念图与尺度核形，再Tripo图生视觉件候选/手工体素建模；离线验GLB、硬边、平面法线与5cm细格，不改0.2m玩法网格,只读Citizen.id/position/state/role + extension.actorProfiles.age/alive；拟visualDescriptor/骨骼socket；不写模拟或碰撞；拟hand/socket、道具握持矩阵；有库存/流程时只读实际物权,CHAR-204,仅角色佩戴/持用视觉母版；与总表固定/陈列同物件应共用主母版，不重复计几何,近景有可辨的细体素轮廓、五官/拼接层次；5cm细格与硬边法线，无粗大方块替代；米制原点/朝向一致，绑定与LOD同形；不改受保护身体净空；握持点/原点明确，手部不穿物；没有物权/业务状态时不凭空显示
CHAR-205,葬礼角色手持悼念花母版,角色生活与职业持物,基础组件,婚丧,缺失待制,"提示词.md:57,65,79；开发备忘录.md:322；src/rendering/citizen-appearance.ts:42,49（现只有块手/挎包，无手持socket物）",先单件细体素概念图与尺度核形，再Tripo图生视觉件候选/手工体素建模；离线验GLB、硬边、平面法线与5cm细格，不改0.2m玩法网格,只读Citizen.id/position/state/role + extension.actorProfiles.age/alive；拟visualDescriptor/骨骼socket；不写模拟或碰撞；拟hand/socket、道具握持矩阵；有库存/流程时只读实际物权,CHAR-205,仅角色佩戴/持用视觉母版；与总表固定/陈列同物件应共用主母版，不重复计几何,近景有可辨的细体素轮廓、五官/拼接层次；5cm细格与硬边法线，无粗大方块替代；米制原点/朝向一致，绑定与LOD同形；不改受保护身体净空；握持点/原点明确，手部不穿物；没有物权/业务状态时不凭空显示
CHAR-206,婴儿照护背带母版,角色生活与职业持物,基础组件,家庭照护,缺失待制,"提示词.md:57,65,79；开发备忘录.md:322；src/rendering/citizen-appearance.ts:42,49（现只有块手/挎包，无手持socket物）",先单件细体素概念图与尺度核形，再Tripo图生视觉件候选/手工体素建模；离线验GLB、硬边、平面法线与5cm细格，不改0.2m玩法网格,只读Citizen.id/position/state/role + extension.actorProfiles.age/alive；拟visualDescriptor/骨骼socket；不写模拟或碰撞；拟hand/socket、道具握持矩阵；有库存/流程时只读实际物权,CHAR-206,仅角色佩戴/持用视觉母版；与总表固定/陈列同物件应共用主母版，不重复计几何,近景有可辨的细体素轮廓、五官/拼接层次；5cm细格与硬边法线，无粗大方块替代；米制原点/朝向一致，绑定与LOD同形；不改受保护身体净空；握持点/原点明确，手部不穿物；没有物权/业务状态时不凭空显示
CHAR-207,角色手持牵引绳母版,角色生活与职业持物,基础组件,宠物日常,缺失待制,"提示词.md:57,65,79；开发备忘录.md:322；src/rendering/citizen-appearance.ts:42,49（现只有块手/挎包，无手持socket物）",先单件细体素概念图与尺度核形，再Tripo图生视觉件候选/手工体素建模；离线验GLB、硬边、平面法线与5cm细格，不改0.2m玩法网格,只读Citizen.id/position/state/role + extension.actorProfiles.age/alive；拟visualDescriptor/骨骼socket；不写模拟或碰撞；拟hand/socket、道具握持矩阵；有库存/流程时只读实际物权,CHAR-207,仅角色佩戴/持用视觉母版；与总表固定/陈列同物件应共用主母版，不重复计几何,近景有可辨的细体素轮廓、五官/拼接层次；5cm细格与硬边法线，无粗大方块替代；米制原点/朝向一致，绑定与LOD同形；不改受保护身体净空；握持点/原点明确，手部不穿物；没有物权/业务状态时不凭空显示
CHAR-208,角色手持宠物喂食包母版,角色生活与职业持物,基础组件,宠物日常,缺失待制,"提示词.md:57,65,79；开发备忘录.md:322；src/rendering/citizen-appearance.ts:42,49（现只有块手/挎包，无手持socket物）",先单件细体素概念图与尺度核形，再Tripo图生视觉件候选/手工体素建模；离线验GLB、硬边、平面法线与5cm细格，不改0.2m玩法网格,只读Citizen.id/position/state/role + extension.actorProfiles.age/alive；拟visualDescriptor/骨骼socket；不写模拟或碰撞；拟hand/socket、道具握持矩阵；有库存/流程时只读实际物权,CHAR-208,仅角色佩戴/持用视觉母版；与总表固定/陈列同物件应共用主母版，不重复计几何,近景有可辨的细体素轮廓、五官/拼接层次；5cm细格与硬边法线，无粗大方块替代；米制原点/朝向一致，绑定与LOD同形；不改受保护身体净空；握持点/原点明确，手部不穿物；没有物权/业务状态时不凭空显示
CHAR-209,呼吸与重心待机循环,角色动作与交互,动画特效,居民待机/近景,缺失待制,"提示词.md:57-59；src/rendering/citizen-appearance.ts:4,28-42,128-143（仅位移摆肢/坐姿/平躺，无骨骼动作库）",统一骨骼后人工关键帧/重定向；Tripo动画仅候选，须检查接触点、循环、位移和事件同步；未生成/未接入,只读权威活动/位置差/暂停、角色朝向；拟动画状态适配器/接触点；不得以动画驱动资金、身体路线或时间,CHAR-073,统一骨骼clip；复用同母版，参数速度不另扩成model,首尾/接触点正确，无穿地/穿座；暂停不推进；速度与权威位移一致；现场活动取消即退出；本地回放及真实状态驱动都验收，文件存在不算完成
CHAR-210,转头观察循环,角色动作与交互,动画特效,玩家/NPC交互,缺失待制,"提示词.md:57-59；src/rendering/citizen-appearance.ts:4,28-42,128-143（仅位移摆肢/坐姿/平躺，无骨骼动作库）",统一骨骼后人工关键帧/重定向；Tripo动画仅候选，须检查接触点、循环、位移和事件同步；未生成/未接入,只读权威活动/位置差/暂停、角色朝向；拟动画状态适配器/接触点；不得以动画驱动资金、身体路线或时间,CHAR-073,统一骨骼clip；复用同母版，参数速度不另扩成model,首尾/接触点正确，无穿地/穿座；暂停不推进；速度与权威位移一致；现场活动取消即退出；本地回放及真实状态驱动都验收，文件存在不算完成
CHAR-211,精细行走循环与脚掌落地,角色动作与交互,动画特效,人物移动,缺失待制,"提示词.md:57-59；src/rendering/citizen-appearance.ts:4,28-42,128-143（仅位移摆肢/坐姿/平躺，无骨骼动作库）",统一骨骼后人工关键帧/重定向；Tripo动画仅候选，须检查接触点、循环、位移和事件同步；未生成/未接入,只读权威活动/位置差/暂停、角色朝向；拟动画状态适配器/接触点；不得以动画驱动资金、身体路线或时间,CHAR-073,统一骨骼clip；复用同母版，参数速度不另扩成model,首尾/接触点正确，无穿地/穿座；暂停不推进；速度与权威位移一致；现场活动取消即退出；本地回放及真实状态驱动都验收，文件存在不算完成
CHAR-212,起步过渡,角色动作与交互,动画特效,真实路线启动,缺失待制,"提示词.md:57-59；src/rendering/citizen-appearance.ts:4,28-42,128-143（仅位移摆肢/坐姿/平躺，无骨骼动作库）",统一骨骼后人工关键帧/重定向；Tripo动画仅候选，须检查接触点、循环、位移和事件同步；未生成/未接入,只读权威活动/位置差/暂停、角色朝向；拟动画状态适配器/接触点；不得以动画驱动资金、身体路线或时间,CHAR-073,统一骨骼clip；复用同母版，参数速度不另扩成model,首尾/接触点正确，无穿地/穿座；暂停不推进；速度与权威位移一致；现场活动取消即退出；本地回放及真实状态驱动都验收，文件存在不算完成
CHAR-213,停步过渡,角色动作与交互,动画特效,到达/信号等待,缺失待制,"提示词.md:57-59；src/rendering/citizen-appearance.ts:4,28-42,128-143（仅位移摆肢/坐姿/平躺，无骨骼动作库）",统一骨骼后人工关键帧/重定向；Tripo动画仅候选，须检查接触点、循环、位移和事件同步；未生成/未接入,只读权威活动/位置差/暂停、角色朝向；拟动画状态适配器/接触点；不得以动画驱动资金、身体路线或时间,CHAR-073,统一骨骼clip；复用同母版，参数速度不另扩成model,首尾/接触点正确，无穿地/穿座；暂停不推进；速度与权威位移一致；现场活动取消即退出；本地回放及真实状态驱动都验收，文件存在不算完成
CHAR-214,原地小步转向,角色动作与交互,动画特效,路线转折/交互朝向,缺失待制,"提示词.md:57-59；src/rendering/citizen-appearance.ts:4,28-42,128-143（仅位移摆肢/坐姿/平躺，无骨骼动作库）",统一骨骼后人工关键帧/重定向；Tripo动画仅候选，须检查接触点、循环、位移和事件同步；未生成/未接入,只读权威活动/位置差/暂停、角色朝向；拟动画状态适配器/接触点；不得以动画驱动资金、身体路线或时间,CHAR-073,统一骨骼clip；复用同母版，参数速度不另扩成model,首尾/接触点正确，无穿地/穿座；暂停不推进；速度与权威位移一致；现场活动取消即退出；本地回放及真实状态驱动都验收，文件存在不算完成
CHAR-215,楼梯上行循环,角色动作与交互,动画特效,真实步行楼梯,缺失待制,"提示词.md:57-59；src/rendering/citizen-appearance.ts:4,28-42,128-143（仅位移摆肢/坐姿/平躺，无骨骼动作库）",统一骨骼后人工关键帧/重定向；Tripo动画仅候选，须检查接触点、循环、位移和事件同步；未生成/未接入,只读权威活动/位置差/暂停、角色朝向；拟动画状态适配器/接触点；不得以动画驱动资金、身体路线或时间,CHAR-073,统一骨骼clip；复用同母版，参数速度不另扩成model,首尾/接触点正确，无穿地/穿座；暂停不推进；速度与权威位移一致；现场活动取消即退出；本地回放及真实状态驱动都验收，文件存在不算完成
CHAR-216,楼梯下行循环,角色动作与交互,动画特效,真实步行楼梯,缺失待制,"提示词.md:57-59；src/rendering/citizen-appearance.ts:4,28-42,128-143（仅位移摆肢/坐姿/平躺，无骨骼动作库）",统一骨骼后人工关键帧/重定向；Tripo动画仅候选，须检查接触点、循环、位移和事件同步；未生成/未接入,只读权威活动/位置差/暂停、角色朝向；拟动画状态适配器/接触点；不得以动画驱动资金、身体路线或时间,CHAR-073,统一骨骼clip；复用同母版，参数速度不另扩成model,首尾/接触点正确，无穿地/穿座；暂停不推进；速度与权威位移一致；现场活动取消即退出；本地回放及真实状态驱动都验收，文件存在不算完成
CHAR-217,坡道行走脚部适配,角色动作与交互,动画特效,山城道路/坡道,缺失待制,"提示词.md:57-59；src/rendering/citizen-appearance.ts:4,28-42,128-143（仅位移摆肢/坐姿/平躺，无骨骼动作库）",统一骨骼后人工关键帧/重定向；Tripo动画仅候选，须检查接触点、循环、位移和事件同步；未生成/未接入,只读权威活动/位置差/暂停、角色朝向；拟动画状态适配器/接触点；不得以动画驱动资金、身体路线或时间,CHAR-073,统一骨骼clip；复用同母版，参数速度不另扩成model,首尾/接触点正确，无穿地/穿座；暂停不推进；速度与权威位移一致；现场活动取消即退出；本地回放及真实状态驱动都验收，文件存在不算完成
CHAR-218,疾行跑步循环,角色动作与交互,动画特效,冲突/应急；行速权限待接,缺失待制,"提示词.md:57-59；src/rendering/citizen-appearance.ts:4,28-42,128-143（仅位移摆肢/坐姿/平躺，无骨骼动作库）",统一骨骼后人工关键帧/重定向；Tripo动画仅候选，须检查接触点、循环、位移和事件同步；未生成/未接入,只读权威活动/位置差/暂停、角色朝向；拟动画状态适配器/接触点；不得以动画驱动资金、身体路线或时间,CHAR-073,统一骨骼clip；复用同母版，参数速度不另扩成model,首尾/接触点正确，无穿地/穿座；暂停不推进；速度与权威位移一致；现场活动取消即退出；本地回放及真实状态驱动都验收，文件存在不算完成
CHAR-219,老年步态循环,角色动作与交互,动画特效,衰老/扶杖,缺失待制,"提示词.md:57-59；src/rendering/citizen-appearance.ts:4,28-42,128-143（仅位移摆肢/坐姿/平躺，无骨骼动作库）",统一骨骼后人工关键帧/重定向；Tripo动画仅候选，须检查接触点、循环、位移和事件同步；未生成/未接入,只读权威活动/位置差/暂停、角色朝向；拟动画状态适配器/接触点；不得以动画驱动资金、身体路线或时间,CHAR-073,统一骨骼clip；复用同母版，参数速度不另扩成model,首尾/接触点正确，无穿地/穿座；暂停不推进；速度与权威位移一致；现场活动取消即退出；本地回放及真实状态驱动都验收，文件存在不算完成
CHAR-220,儿童步态循环,角色动作与交互,动画特效,上学/成长,缺失待制,"提示词.md:57-59；src/rendering/citizen-appearance.ts:4,28-42,128-143（仅位移摆肢/坐姿/平躺，无骨骼动作库）",统一骨骼后人工关键帧/重定向；Tripo动画仅候选，须检查接触点、循环、位移和事件同步；未生成/未接入,只读权威活动/位置差/暂停、角色朝向；拟动画状态适配器/接触点；不得以动画驱动资金、身体路线或时间,CHAR-074,统一骨骼clip；复用同母版，参数速度不另扩成model,首尾/接触点正确，无穿地/穿座；暂停不推进；速度与权威位移一致；现场活动取消即退出；本地回放及真实状态驱动都验收，文件存在不算完成
CHAR-221,婴儿爬行循环,角色动作与交互,动画特效,照护/成长；实际移动契约待接,缺失待制,"提示词.md:57-59；src/rendering/citizen-appearance.ts:4,28-42,128-143（仅位移摆肢/坐姿/平躺，无骨骼动作库）",统一骨骼后人工关键帧/重定向；Tripo动画仅候选，须检查接触点、循环、位移和事件同步；未生成/未接入,只读权威活动/位置差/暂停、角色朝向；拟动画状态适配器/接触点；不得以动画驱动资金、身体路线或时间,CHAR-074,统一骨骼clip；复用同母版，参数速度不另扩成model,首尾/接触点正确，无穿地/穿座；暂停不推进；速度与权威位移一致；现场活动取消即退出；本地回放及真实状态驱动都验收，文件存在不算完成
CHAR-222,站立到落座过渡,角色动作与交互,动画特效,休憩/乘车,缺失待制,"提示词.md:57-59；src/rendering/citizen-appearance.ts:4,28-42,128-143（仅位移摆肢/坐姿/平躺，无骨骼动作库）",统一骨骼后人工关键帧/重定向；Tripo动画仅候选，须检查接触点、循环、位移和事件同步；未生成/未接入,只读权威活动/位置差/暂停、角色朝向；拟动画状态适配器/接触点；不得以动画驱动资金、身体路线或时间,CHAR-073,统一骨骼clip；复用同母版，参数速度不另扩成model,首尾/接触点正确，无穿地/穿座；暂停不推进；速度与权威位移一致；现场活动取消即退出；本地回放及真实状态驱动都验收，文件存在不算完成
CHAR-223,坐姿呼吸与看向,角色动作与交互,动画特效,休憩/乘车,缺失待制,"提示词.md:57-59；src/rendering/citizen-appearance.ts:4,28-42,128-143（仅位移摆肢/坐姿/平躺，无骨骼动作库）",统一骨骼后人工关键帧/重定向；Tripo动画仅候选，须检查接触点、循环、位移和事件同步；未生成/未接入,只读权威活动/位置差/暂停、角色朝向；拟动画状态适配器/接触点；不得以动画驱动资金、身体路线或时间,CHAR-073,统一骨骼clip；复用同母版，参数速度不另扩成model,首尾/接触点正确，无穿地/穿座；暂停不推进；速度与权威位移一致；现场活动取消即退出；本地回放及真实状态驱动都验收，文件存在不算完成
CHAR-224,坐姿起身过渡,角色动作与交互,动画特效,休憩/乘车,缺失待制,"提示词.md:57-59；src/rendering/citizen-appearance.ts:4,28-42,128-143（仅位移摆肢/坐姿/平躺，无骨骼动作库）",统一骨骼后人工关键帧/重定向；Tripo动画仅候选，须检查接触点、循环、位移和事件同步；未生成/未接入,只读权威活动/位置差/暂停、角色朝向；拟动画状态适配器/接触点；不得以动画驱动资金、身体路线或时间,CHAR-073,统一骨骼clip；复用同母版，参数速度不另扩成model,首尾/接触点正确，无穿地/穿座；暂停不推进；速度与权威位移一致；现场活动取消即退出；本地回放及真实状态驱动都验收，文件存在不算完成
CHAR-225,上床/躺下过渡,角色动作与交互,动画特效,真实休息/诊疗,缺失待制,"提示词.md:57-59；src/rendering/citizen-appearance.ts:4,28-42,128-143（仅位移摆肢/坐姿/平躺，无骨骼动作库）",统一骨骼后人工关键帧/重定向；Tripo动画仅候选，须检查接触点、循环、位移和事件同步；未生成/未接入,只读权威活动/位置差/暂停、角色朝向；拟动画状态适配器/接触点；不得以动画驱动资金、身体路线或时间,CHAR-073,统一骨骼clip；复用同母版，参数速度不另扩成model,首尾/接触点正确，无穿地/穿座；暂停不推进；速度与权威位移一致；现场活动取消即退出；本地回放及真实状态驱动都验收，文件存在不算完成
CHAR-226,侧卧睡眠循环,角色动作与交互,动画特效,sleeping状态,缺失待制,"提示词.md:57-59；src/rendering/citizen-appearance.ts:4,28-42,128-143（仅位移摆肢/坐姿/平躺，无骨骼动作库）",统一骨骼后人工关键帧/重定向；Tripo动画仅候选，须检查接触点、循环、位移和事件同步；未生成/未接入,只读权威活动/位置差/暂停、角色朝向；拟动画状态适配器/接触点；不得以动画驱动资金、身体路线或时间,CHAR-073,统一骨骼clip；复用同母版，参数速度不另扩成model,首尾/接触点正确，无穿地/穿座；暂停不推进；速度与权威位移一致；现场活动取消即退出；本地回放及真实状态驱动都验收，文件存在不算完成
CHAR-227,醒来起床过渡,角色动作与交互,动画特效,睡眠/作息,缺失待制,"提示词.md:57-59；src/rendering/citizen-appearance.ts:4,28-42,128-143（仅位移摆肢/坐姿/平躺，无骨骼动作库）",统一骨骼后人工关键帧/重定向；Tripo动画仅候选，须检查接触点、循环、位移和事件同步；未生成/未接入,只读权威活动/位置差/暂停、角色朝向；拟动画状态适配器/接触点；不得以动画驱动资金、身体路线或时间,CHAR-073,统一骨骼clip；复用同母版，参数速度不另扩成model,首尾/接触点正确，无穿地/穿座；暂停不推进；速度与权威位移一致；现场活动取消即退出；本地回放及真实状态驱动都验收，文件存在不算完成
CHAR-228,向上取物动作,角色动作与交互,动画特效,购物/职业,缺失待制,"提示词.md:57-59；src/rendering/citizen-appearance.ts:4,28-42,128-143（仅位移摆肢/坐姿/平躺，无骨骼动作库）",统一骨骼后人工关键帧/重定向；Tripo动画仅候选，须检查接触点、循环、位移和事件同步；未生成/未接入,只读权威活动/位置差/暂停、角色朝向；拟动画状态适配器/接触点；不得以动画驱动资金、身体路线或时间,CHAR-073,统一骨骼clip；复用同母版，参数速度不另扩成model,首尾/接触点正确，无穿地/穿座；暂停不推进；速度与权威位移一致；现场活动取消即退出；本地回放及真实状态驱动都验收，文件存在不算完成
CHAR-229,俯身取物动作,角色动作与交互,动画特效,家务/物品,缺失待制,"提示词.md:57-59；src/rendering/citizen-appearance.ts:4,28-42,128-143（仅位移摆肢/坐姿/平躺，无骨骼动作库）",统一骨骼后人工关键帧/重定向；Tripo动画仅候选，须检查接触点、循环、位移和事件同步；未生成/未接入,只读权威活动/位置差/暂停、角色朝向；拟动画状态适配器/接触点；不得以动画驱动资金、身体路线或时间,CHAR-073,统一骨骼clip；复用同母版，参数速度不另扩成model,首尾/接触点正确，无穿地/穿座；暂停不推进；速度与权威位移一致；现场活动取消即退出；本地回放及真实状态驱动都验收，文件存在不算完成
CHAR-230,双手抱物行走循环,角色动作与交互,动画特效,有限货运,缺失待制,"提示词.md:57-59；src/rendering/citizen-appearance.ts:4,28-42,128-143（仅位移摆肢/坐姿/平躺，无骨骼动作库）",统一骨骼后人工关键帧/重定向；Tripo动画仅候选，须检查接触点、循环、位移和事件同步；未生成/未接入,只读权威活动/位置差/暂停、角色朝向；拟动画状态适配器/接触点；不得以动画驱动资金、身体路线或时间,CHAR-073,统一骨骼clip；复用同母版，参数速度不另扩成model,首尾/接触点正确，无穿地/穿座；暂停不推进；速度与权威位移一致；现场活动取消即退出；本地回放及真实状态驱动都验收，文件存在不算完成
CHAR-231,提袋行走姿态层,角色动作与交互,动画特效,购物/旅行,缺失待制,"提示词.md:57-59；src/rendering/citizen-appearance.ts:4,28-42,128-143（仅位移摆肢/坐姿/平躺，无骨骼动作库）",统一骨骼后人工关键帧/重定向；Tripo动画仅候选，须检查接触点、循环、位移和事件同步；未生成/未接入,只读权威活动/位置差/暂停、角色朝向；拟动画状态适配器/接触点；不得以动画驱动资金、身体路线或时间,CHAR-073,统一骨骼clip；复用同母版，参数速度不另扩成model,首尾/接触点正确，无穿地/穿座；暂停不推进；速度与权威位移一致；现场活动取消即退出；本地回放及真实状态驱动都验收，文件存在不算完成
CHAR-232,撑伞行走姿态层,角色动作与交互,动画特效,雨天通勤,缺失待制,"提示词.md:57-59；src/rendering/citizen-appearance.ts:4,28-42,128-143（仅位移摆肢/坐姿/平躺，无骨骼动作库）",统一骨骼后人工关键帧/重定向；Tripo动画仅候选，须检查接触点、循环、位移和事件同步；未生成/未接入,只读权威活动/位置差/暂停、角色朝向；拟动画状态适配器/接触点；不得以动画驱动资金、身体路线或时间,CHAR-073,统一骨骼clip；复用同母版，参数速度不另扩成model,首尾/接触点正确，无穿地/穿座；暂停不推进；速度与权威位移一致；现场活动取消即退出；本地回放及真实状态驱动都验收，文件存在不算完成
CHAR-233,拄杖行走接触循环,角色动作与交互,动画特效,老年/康复,缺失待制,"提示词.md:57-59；src/rendering/citizen-appearance.ts:4,28-42,128-143（仅位移摆肢/坐姿/平躺，无骨骼动作库）",统一骨骼后人工关键帧/重定向；Tripo动画仅候选，须检查接触点、循环、位移和事件同步；未生成/未接入,只读权威活动/位置差/暂停、角色朝向；拟动画状态适配器/接触点；不得以动画驱动资金、身体路线或时间,CHAR-073,统一骨骼clip；复用同母版，参数速度不另扩成model,首尾/接触点正确，无穿地/穿座；暂停不推进；速度与权威位移一致；现场活动取消即退出；本地回放及真实状态驱动都验收，文件存在不算完成
CHAR-234,伤患扶身行走,角色动作与交互,动画特效,健康/康复,缺失待制,"提示词.md:57-59；src/rendering/citizen-appearance.ts:4,28-42,128-143（仅位移摆肢/坐姿/平躺，无骨骼动作库）",统一骨骼后人工关键帧/重定向；Tripo动画仅候选，须检查接触点、循环、位移和事件同步；未生成/未接入,只读权威活动/位置差/暂停、角色朝向；拟动画状态适配器/接触点；不得以动画驱动资金、身体路线或时间,CHAR-073,统一骨骼clip；复用同母版，参数速度不另扩成model,首尾/接触点正确，无穿地/穿座；暂停不推进；速度与权威位移一致；现场活动取消即退出；本地回放及真实状态驱动都验收，文件存在不算完成
CHAR-235,持碗用筷就餐循环,角色动作与交互,动画特效,hunger/家庭餐,缺失待制,"提示词.md:57-59；src/rendering/citizen-appearance.ts:4,28-42,128-143（仅位移摆肢/坐姿/平躺，无骨骼动作库）",统一骨骼后人工关键帧/重定向；Tripo动画仅候选，须检查接触点、循环、位移和事件同步；未生成/未接入,只读权威活动/位置差/暂停、角色朝向；拟动画状态适配器/接触点；不得以动画驱动资金、身体路线或时间,CHAR-073,统一骨骼clip；复用同母版，参数速度不另扩成model,首尾/接触点正确，无穿地/穿座；暂停不推进；速度与权威位移一致；现场活动取消即退出；本地回放及真实状态驱动都验收，文件存在不算完成
CHAR-236,持杯饮用动作,角色动作与交互,动画特效,饮水/休闲；需求契约待接,缺失待制,"提示词.md:57-59；src/rendering/citizen-appearance.ts:4,28-42,128-143（仅位移摆肢/坐姿/平躺，无骨骼动作库）",统一骨骼后人工关键帧/重定向；Tripo动画仅候选，须检查接触点、循环、位移和事件同步；未生成/未接入,只读权威活动/位置差/暂停、角色朝向；拟动画状态适配器/接触点；不得以动画驱动资金、身体路线或时间,CHAR-073,统一骨骼clip；复用同母版，参数速度不另扩成model,首尾/接触点正确，无穿地/穿座；暂停不推进；速度与权威位移一致；现场活动取消即退出；本地回放及真实状态驱动都验收，文件存在不算完成
CHAR-237,翻锅/搅拌烹饪循环,角色动作与交互,动画特效,extension.cooking,缺失待制,"提示词.md:57-59；src/rendering/citizen-appearance.ts:4,28-42,128-143（仅位移摆肢/坐姿/平躺，无骨骼动作库）",统一骨骼后人工关键帧/重定向；Tripo动画仅候选，须检查接触点、循环、位移和事件同步；未生成/未接入,只读权威活动/位置差/暂停、角色朝向；拟动画状态适配器/接触点；不得以动画驱动资金、身体路线或时间,CHAR-073,统一骨骼clip；复用同母版，参数速度不另扩成model,首尾/接触点正确，无穿地/穿座；暂停不推进；速度与权威位移一致；现场活动取消即退出；本地回放及真实状态驱动都验收，文件存在不算完成
CHAR-238,扫地循环,角色动作与交互,动画特效,家务；行为契约待接,缺失待制,"提示词.md:57-59；src/rendering/citizen-appearance.ts:4,28-42,128-143（仅位移摆肢/坐姿/平躺，无骨骼动作库）",统一骨骼后人工关键帧/重定向；Tripo动画仅候选，须检查接触点、循环、位移和事件同步；未生成/未接入,只读权威活动/位置差/暂停、角色朝向；拟动画状态适配器/接触点；不得以动画驱动资金、身体路线或时间,CHAR-073,统一骨骼clip；复用同母版，参数速度不另扩成model,首尾/接触点正确，无穿地/穿座；暂停不推进；速度与权威位移一致；现场活动取消即退出；本地回放及真实状态驱动都验收，文件存在不算完成
CHAR-239,擦拭循环,角色动作与交互,动画特效,家务；行为契约待接,缺失待制,"提示词.md:57-59；src/rendering/citizen-appearance.ts:4,28-42,128-143（仅位移摆肢/坐姿/平躺，无骨骼动作库）",统一骨骼后人工关键帧/重定向；Tripo动画仅候选，须检查接触点、循环、位移和事件同步；未生成/未接入,只读权威活动/位置差/暂停、角色朝向；拟动画状态适配器/接触点；不得以动画驱动资金、身体路线或时间,CHAR-073,统一骨骼clip；复用同母版，参数速度不另扩成model,首尾/接触点正确，无穿地/穿座；暂停不推进；速度与权威位移一致；现场活动取消即退出；本地回放及真实状态驱动都验收，文件存在不算完成
CHAR-240,洗手洗脸动作,角色动作与交互,动画特效,卫生/美容；行为契约待接,缺失待制,"提示词.md:57-59；src/rendering/citizen-appearance.ts:4,28-42,128-143（仅位移摆肢/坐姿/平躺，无骨骼动作库）",统一骨骼后人工关键帧/重定向；Tripo动画仅候选，须检查接触点、循环、位移和事件同步；未生成/未接入,只读权威活动/位置差/暂停、角色朝向；拟动画状态适配器/接触点；不得以动画驱动资金、身体路线或时间,CHAR-073,统一骨骼clip；复用同母版，参数速度不另扩成model,首尾/接触点正确，无穿地/穿座；暂停不推进；速度与权威位移一致；现场活动取消即退出；本地回放及真实状态驱动都验收，文件存在不算完成
CHAR-241,持书阅读循环,角色动作与交互,动画特效,studying/文化现场阅读,缺失待制,"src/simulation/culture.ts:32-36,149,265-273；src/simulation.ts:963,967；src/rendering/citizen-appearance.ts:128（现场数据存在，无活动clip）",统一骨骼后人工关键帧/重定向；Tripo动画仅候选，须检查接触点、循环、位移和事件同步；未生成/未接入,只读权威活动/位置差/暂停、角色朝向；拟动画状态适配器/接触点；不得以动画驱动资金、身体路线或时间,CHAR-073,统一骨骼clip；复用同母版，参数速度不另扩成model,首尾/接触点正确，无穿地/穿座；暂停不推进；速度与权威位移一致；现场活动取消即退出；本地回放及真实状态驱动都验收，文件存在不算完成
CHAR-242,坐/站书写循环,角色动作与交互,动画特效,教学/文学创作,缺失待制,"src/simulation/culture.ts:32-36,149,265-273；src/simulation.ts:963,967；src/rendering/citizen-appearance.ts:128（现场数据存在，无活动clip）",统一骨骼后人工关键帧/重定向；Tripo动画仅候选，须检查接触点、循环、位移和事件同步；未生成/未接入,只读权威活动/位置差/暂停、角色朝向；拟动画状态适配器/接触点；不得以动画驱动资金、身体路线或时间,CHAR-073,统一骨骼clip；复用同母版，参数速度不另扩成model,首尾/接触点正确，无穿地/穿座；暂停不推进；速度与权威位移一致；现场活动取消即退出；本地回放及真实状态驱动都验收，文件存在不算完成
CHAR-243,教师示讲手势循环,角色动作与交互,动画特效,school服务分钟,缺失待制,"src/simulation/culture.ts:32-36,149,265-273；src/simulation.ts:963,967；src/rendering/citizen-appearance.ts:128（现场数据存在，无活动clip）",统一骨骼后人工关键帧/重定向；Tripo动画仅候选，须检查接触点、循环、位移和事件同步；未生成/未接入,只读权威活动/位置差/暂停、角色朝向；拟动画状态适配器/接触点；不得以动画驱动资金、身体路线或时间,CHAR-073,统一骨骼clip；复用同母版，参数速度不另扩成model,首尾/接触点正确，无穿地/穿座；暂停不推进；速度与权威位移一致；现场活动取消即退出；本地回放及真实状态驱动都验收，文件存在不算完成
CHAR-244,设备维修循环,角色动作与交互,动画特效,culture transport服务,缺失待制,"src/simulation/culture.ts:32-36,149,265-273；src/simulation.ts:963,967；src/rendering/citizen-appearance.ts:128（现场数据存在，无活动clip）",统一骨骼后人工关键帧/重定向；Tripo动画仅候选，须检查接触点、循环、位移和事件同步；未生成/未接入,只读权威活动/位置差/暂停、角色朝向；拟动画状态适配器/接触点；不得以动画驱动资金、身体路线或时间,CHAR-073,统一骨骼clip；复用同母版，参数速度不另扩成model,首尾/接触点正确，无穿地/穿座；暂停不推进；速度与权威位移一致；现场活动取消即退出；本地回放及真实状态驱动都验收，文件存在不算完成
CHAR-245,工坊敲锤劳动循环,角色动作与交互,动画特效,working/施工,缺失待制,"提示词.md:57-59；src/rendering/citizen-appearance.ts:4,28-42,128-143（仅位移摆肢/坐姿/平躺，无骨骼动作库）",统一骨骼后人工关键帧/重定向；Tripo动画仅候选，须检查接触点、循环、位移和事件同步；未生成/未接入,只读权威活动/位置差/暂停、角色朝向；拟动画状态适配器/接触点；不得以动画驱动资金、身体路线或时间,CHAR-073,统一骨骼clip；复用同母版，参数速度不另扩成model,首尾/接触点正确，无穿地/穿座；暂停不推进；速度与权威位移一致；现场活动取消即退出；本地回放及真实状态驱动都验收，文件存在不算完成
CHAR-246,田作挥锄循环,角色动作与交互,动画特效,农场工作,缺失待制,"提示词.md:57-59；src/rendering/citizen-appearance.ts:4,28-42,128-143（仅位移摆肢/坐姿/平躺，无骨骼动作库）",统一骨骼后人工关键帧/重定向；Tripo动画仅候选，须检查接触点、循环、位移和事件同步；未生成/未接入,只读权威活动/位置差/暂停、角色朝向；拟动画状态适配器/接触点；不得以动画驱动资金、身体路线或时间,CHAR-073,统一骨骼clip；复用同母版，参数速度不另扩成model,首尾/接触点正确，无穿地/穿座；暂停不推进；速度与权威位移一致；现场活动取消即退出；本地回放及真实状态驱动都验收，文件存在不算完成
CHAR-247,采收与入篮循环,角色动作与交互,动画特效,农场生产；产出仍由模拟,缺失待制,"提示词.md:57-59；src/rendering/citizen-appearance.ts:4,28-42,128-143（仅位移摆肢/坐姿/平躺，无骨骼动作库）",统一骨骼后人工关键帧/重定向；Tripo动画仅候选，须检查接触点、循环、位移和事件同步；未生成/未接入,只读权威活动/位置差/暂停、角色朝向；拟动画状态适配器/接触点；不得以动画驱动资金、身体路线或时间,CHAR-073,统一骨骼clip；复用同母版，参数速度不另扩成model,首尾/接触点正确，无穿地/穿座；暂停不推进；速度与权威位移一致；现场活动取消即退出；本地回放及真实状态驱动都验收，文件存在不算完成
CHAR-248,柜台购买/递接动作,角色动作与交互,动画特效,真实商铺sale,缺失待制,"提示词.md:57-59；src/rendering/citizen-appearance.ts:4,28-42,128-143（仅位移摆肢/坐姿/平躺，无骨骼动作库）",统一骨骼后人工关键帧/重定向；Tripo动画仅候选，须检查接触点、循环、位移和事件同步；未生成/未接入,只读权威活动/位置差/暂停、角色朝向；拟动画状态适配器/接触点；不得以动画驱动资金、身体路线或时间,CHAR-073,统一骨骼clip；复用同母版，参数速度不另扩成model,首尾/接触点正确，无穿地/穿座；暂停不推进；速度与权威位移一致；现场活动取消即退出；本地回放及真实状态驱动都验收，文件存在不算完成
CHAR-249,手持终端核对动作,角色动作与交互,动画特效,治理/金融/交通职业,缺失待制,"提示词.md:57-59；src/rendering/citizen-appearance.ts:4,28-42,128-143（仅位移摆肢/坐姿/平躺，无骨骼动作库）",统一骨骼后人工关键帧/重定向；Tripo动画仅候选，须检查接触点、循环、位移和事件同步；未生成/未接入,只读权威活动/位置差/暂停、角色朝向；拟动画状态适配器/接触点；不得以动画驱动资金、身体路线或时间,CHAR-073,统一骨骼clip；复用同母版，参数速度不另扩成model,首尾/接触点正确，无穿地/穿座；暂停不推进；速度与权威位移一致；现场活动取消即退出；本地回放及真实状态驱动都验收，文件存在不算完成
CHAR-250,警务巡逻观察姿态,角色动作与交互,动画特效,真实巡逻/响应,缺失待制,src/simulation.ts:904；src/rendering/citizen-appearance.ts:128（responding会真实移动但walking只识别moving）,统一骨骼后人工关键帧/重定向；Tripo动画仅候选，须检查接触点、循环、位移和事件同步；未生成/未接入,只读权威活动/位置差/暂停、角色朝向；拟动画状态适配器/接触点；不得以动画驱动资金、身体路线或时间,CHAR-073,统一骨骼clip；复用同母版，参数速度不另扩成model,首尾/接触点正确，无穿地/穿座；暂停不推进；速度与权威位移一致；现场活动取消即退出；本地回放及真实状态驱动都验收，文件存在不算完成
CHAR-251,低身检查/记录动作,角色动作与交互,动画特效,investigating状态,缺失待制,src/simulation.ts:904；src/rendering/citizen-appearance.ts:128（responding会真实移动但walking只识别moving）,统一骨骼后人工关键帧/重定向；Tripo动画仅候选，须检查接触点、循环、位移和事件同步；未生成/未接入,只读权威活动/位置差/暂停、角色朝向；拟动画状态适配器/接触点；不得以动画驱动资金、身体路线或时间,CHAR-073,统一骨骼clip；复用同母版，参数速度不另扩成model,首尾/接触点正确，无穿地/穿座；暂停不推进；速度与权威位移一致；现场活动取消即退出；本地回放及真实状态驱动都验收，文件存在不算完成
CHAR-252,守卫执勤致礼动作,角色动作与交互,动画特效,士兵/职业交互,缺失待制,"提示词.md:57-59；src/rendering/citizen-appearance.ts:4,28-42,128-143（仅位移摆肢/坐姿/平躺，无骨骼动作库）",统一骨骼后人工关键帧/重定向；Tripo动画仅候选，须检查接触点、循环、位移和事件同步；未生成/未接入,只读权威活动/位置差/暂停、角色朝向；拟动画状态适配器/接触点；不得以动画驱动资金、身体路线或时间,CHAR-073,统一骨骼clip；复用同母版，参数速度不另扩成model,首尾/接触点正确，无穿地/穿座；暂停不推进；速度与权威位移一致；现场活动取消即退出；本地回放及真实状态驱动都验收，文件存在不算完成
CHAR-253,医生问诊检查循环,角色动作与交互,动画特效,clinical共同现场分钟,缺失待制,"src/simulation/clinical.ts:67-76,104-115；src/simulation.ts:971；src/rendering/citizen-appearance.ts:128（仅坐/走/死分支）",统一骨骼后人工关键帧/重定向；Tripo动画仅候选，须检查接触点、循环、位移和事件同步；未生成/未接入,只读权威活动/位置差/暂停、角色朝向；拟动画状态适配器/接触点；不得以动画驱动资金、身体路线或时间,CHAR-073,统一骨骼clip；复用同母版，参数速度不另扩成model,首尾/接触点正确，无穿地/穿座；暂停不推进；速度与权威位移一致；现场活动取消即退出；本地回放及真实状态驱动都验收，文件存在不算完成
CHAR-254,医生诊察与患者接触配对,角色动作与交互,动画特效,clinical inTreatment,缺失待制,"src/simulation/clinical.ts:67-76,104-115；src/simulation.ts:971；src/rendering/citizen-appearance.ts:128（仅坐/走/死分支）",统一骨骼后人工关键帧/重定向；Tripo动画仅候选，须检查接触点、循环、位移和事件同步；未生成/未接入,只读权威活动/位置差/暂停、角色朝向；拟动画状态适配器/接触点；不得以动画驱动资金、身体路线或时间,CHAR-073,统一骨骼clip；复用同母版，参数速度不另扩成model,首尾/接触点正确，无穿地/穿座；暂停不推进；速度与权威位移一致；现场活动取消即退出；本地回放及真实状态驱动都验收，文件存在不算完成
CHAR-255,护理包扎配对动作,角色动作与交互,动画特效,医护/康复；护理职员契约待接,缺失待制,"src/simulation/clinical.ts:67-76,104-115；src/simulation.ts:971；src/rendering/citizen-appearance.ts:128（仅坐/走/死分支）",统一骨骼后人工关键帧/重定向；Tripo动画仅候选，须检查接触点、循环、位移和事件同步；未生成/未接入,只读权威活动/位置差/暂停、角色朝向；拟动画状态适配器/接触点；不得以动画驱动资金、身体路线或时间,CHAR-073,统一骨骼clip；复用同母版，参数速度不另扩成model,首尾/接触点正确，无穿地/穿座；暂停不推进；速度与权威位移一致；现场活动取消即退出；本地回放及真实状态驱动都验收，文件存在不算完成
CHAR-256,伤患休息循环,角色动作与交互,动画特效,healing/健康,缺失待制,"src/simulation/clinical.ts:67-76,104-115；src/simulation.ts:971；src/rendering/citizen-appearance.ts:128（仅坐/走/死分支）",统一骨骼后人工关键帧/重定向；Tripo动画仅候选，须检查接触点、循环、位移和事件同步；未生成/未接入,只读权威活动/位置差/暂停、角色朝向；拟动画状态适配器/接触点；不得以动画驱动资金、身体路线或时间,CHAR-073,统一骨骼clip；复用同母版，参数速度不另扩成model,首尾/接触点正确，无穿地/穿座；暂停不推进；速度与权威位移一致；现场活动取消即退出；本地回放及真实状态驱动都验收，文件存在不算完成
CHAR-257,亲友安慰配对动作,角色动作与交互,动画特效,关系/家庭/心理,缺失待制,"提示词.md:57-59；src/rendering/citizen-appearance.ts:4,28-42,128-143（仅位移摆肢/坐姿/平躺，无骨骼动作库）",统一骨骼后人工关键帧/重定向；Tripo动画仅候选，须检查接触点、循环、位移和事件同步；未生成/未接入,只读权威活动/位置差/暂停、角色朝向；拟动画状态适配器/接触点；不得以动画驱动资金、身体路线或时间,CHAR-073,统一骨骼clip；复用同母版，参数速度不另扩成model,首尾/接触点正确，无穿地/穿座；暂停不推进；速度与权威位移一致；现场活动取消即退出；本地回放及真实状态驱动都验收，文件存在不算完成
CHAR-258,交谈招手问候,角色动作与交互,动画特效,socializing,缺失待制,"提示词.md:57-59；src/rendering/citizen-appearance.ts:4,28-42,128-143（仅位移摆肢/坐姿/平躺，无骨骼动作库）",统一骨骼后人工关键帧/重定向；Tripo动画仅候选，须检查接触点、循环、位移和事件同步；未生成/未接入,只读权威活动/位置差/暂停、角色朝向；拟动画状态适配器/接触点；不得以动画驱动资金、身体路线或时间,CHAR-073,统一骨骼clip；复用同母版，参数速度不另扩成model,首尾/接触点正确，无穿地/穿座；暂停不推进；速度与权威位移一致；现场活动取消即退出；本地回放及真实状态驱动都验收，文件存在不算完成
CHAR-259,说话手势循环,角色动作与交互,动画特效,关系/日常交互,缺失待制,"提示词.md:57-59；src/rendering/citizen-appearance.ts:4,28-42,128-143（仅位移摆肢/坐姿/平躺，无骨骼动作库）",统一骨骼后人工关键帧/重定向；Tripo动画仅候选，须检查接触点、循环、位移和事件同步；未生成/未接入,只读权威活动/位置差/暂停、角色朝向；拟动画状态适配器/接触点；不得以动画驱动资金、身体路线或时间,CHAR-073,统一骨骼clip；复用同母版，参数速度不另扩成model,首尾/接触点正确，无穿地/穿座；暂停不推进；速度与权威位移一致；现场活动取消即退出；本地回放及真实状态驱动都验收，文件存在不算完成
CHAR-260,握手配对动作,角色动作与交互,动画特效,合作/社交,缺失待制,"提示词.md:57-59；src/rendering/citizen-appearance.ts:4,28-42,128-143（仅位移摆肢/坐姿/平躺，无骨骼动作库）",统一骨骼后人工关键帧/重定向；Tripo动画仅候选，须检查接触点、循环、位移和事件同步；未生成/未接入,只读权威活动/位置差/暂停、角色朝向；拟动画状态适配器/接触点；不得以动画驱动资金、身体路线或时间,CHAR-073,统一骨骼clip；复用同母版，参数速度不另扩成model,首尾/接触点正确，无穿地/穿座；暂停不推进；速度与权威位移一致；现场活动取消即退出；本地回放及真实状态驱动都验收，文件存在不算完成
CHAR-261,赠物与收物配对动作,角色动作与交互,动画特效,gift/食品物权,缺失待制,"提示词.md:57-59；src/rendering/citizen-appearance.ts:4,28-42,128-143（仅位移摆肢/坐姿/平躺，无骨骼动作库）",统一骨骼后人工关键帧/重定向；Tripo动画仅候选，须检查接触点、循环、位移和事件同步；未生成/未接入,只读权威活动/位置差/暂停、角色朝向；拟动画状态适配器/接触点；不得以动画驱动资金、身体路线或时间,CHAR-073,统一骨骼clip；复用同母版，参数速度不另扩成model,首尾/接触点正确，无穿地/穿座；暂停不推进；速度与权威位移一致；现场活动取消即退出；本地回放及真实状态驱动都验收，文件存在不算完成
CHAR-262,拥抱配对动作,角色动作与交互,动画特效,亲友/婚恋；需双方情境同意,缺失待制,"提示词.md:57-59；src/rendering/citizen-appearance.ts:4,28-42,128-143（仅位移摆肢/坐姿/平躺，无骨骼动作库）",统一骨骼后人工关键帧/重定向；Tripo动画仅候选，须检查接触点、循环、位移和事件同步；未生成/未接入,只读权威活动/位置差/暂停、角色朝向；拟动画状态适配器/接触点；不得以动画驱动资金、身体路线或时间,CHAR-073,统一骨骼clip；复用同母版，参数速度不另扩成model,首尾/接触点正确，无穿地/穿座；暂停不推进；速度与权威位移一致；现场活动取消即退出；本地回放及真实状态驱动都验收，文件存在不算完成
CHAR-263,表白/求婚手势配对,角色动作与交互,动画特效,court/propose；规则决定结果,缺失待制,"提示词.md:57-59；src/rendering/citizen-appearance.ts:4,28-42,128-143（仅位移摆肢/坐姿/平躺，无骨骼动作库）",统一骨骼后人工关键帧/重定向；Tripo动画仅候选，须检查接触点、循环、位移和事件同步；未生成/未接入,只读权威活动/位置差/暂停、角色朝向；拟动画状态适配器/接触点；不得以动画驱动资金、身体路线或时间,CHAR-073,统一骨骼clip；复用同母版，参数速度不另扩成model,首尾/接触点正确，无穿地/穿座；暂停不推进；速度与权威位移一致；现场活动取消即退出；本地回放及真实状态驱动都验收，文件存在不算完成
CHAR-264,拒绝与回避手势,角色动作与交互,动画特效,关系/冲突,缺失待制,"提示词.md:57-59；src/rendering/citizen-appearance.ts:4,28-42,128-143（仅位移摆肢/坐姿/平躺，无骨骼动作库）",统一骨骼后人工关键帧/重定向；Tripo动画仅候选，须检查接触点、循环、位移和事件同步；未生成/未接入,只读权威活动/位置差/暂停、角色朝向；拟动画状态适配器/接触点；不得以动画驱动资金、身体路线或时间,CHAR-073,统一骨骼clip；复用同母版，参数速度不另扩成model,首尾/接触点正确，无穿地/穿座；暂停不推进；速度与权威位移一致；现场活动取消即退出；本地回放及真实状态驱动都验收，文件存在不算完成
CHAR-265,争论指示手势,角色动作与交互,动画特效,conflict/仇敌,缺失待制,"提示词.md:57-59；src/rendering/citizen-appearance.ts:4,28-42,128-143（仅位移摆肢/坐姿/平躺，无骨骼动作库）",统一骨骼后人工关键帧/重定向；Tripo动画仅候选，须检查接触点、循环、位移和事件同步；未生成/未接入,只读权威活动/位置差/暂停、角色朝向；拟动画状态适配器/接触点；不得以动画驱动资金、身体路线或时间,CHAR-073,统一骨骼clip；复用同母版，参数速度不另扩成model,首尾/接触点正确，无穿地/穿座；暂停不推进；速度与权威位移一致；现场活动取消即退出；本地回放及真实状态驱动都验收，文件存在不算完成
CHAR-266,和解致意配对,角色动作与交互,动画特效,reconcile,缺失待制,"提示词.md:57-59；src/rendering/citizen-appearance.ts:4,28-42,128-143（仅位移摆肢/坐姿/平躺，无骨骼动作库）",统一骨骼后人工关键帧/重定向；Tripo动画仅候选，须检查接触点、循环、位移和事件同步；未生成/未接入,只读权威活动/位置差/暂停、角色朝向；拟动画状态适配器/接触点；不得以动画驱动资金、身体路线或时间,CHAR-073,统一骨骼clip；复用同母版，参数速度不另扩成model,首尾/接触点正确，无穿地/穿座；暂停不推进；速度与权威位移一致；现场活动取消即退出；本地回放及真实状态驱动都验收，文件存在不算完成
CHAR-267,抱婴儿与轻摇配对,角色动作与交互,动画特效,家庭照护,缺失待制,"提示词.md:75；src/simulation/family.ts:14-32,376-443；src/rendering/citizen-appearance.ts:15,20-21（生命数据已存在，非精细造型资产）",统一骨骼后人工关键帧/重定向；Tripo动画仅候选，须检查接触点、循环、位移和事件同步；未生成/未接入,只读权威活动/位置差/暂停、角色朝向；拟动画状态适配器/接触点；不得以动画驱动资金、身体路线或时间,CHAR-073,统一骨骼clip；复用同母版，参数速度不另扩成model,首尾/接触点正确，无穿地/穿座；暂停不推进；速度与权威位移一致；现场活动取消即退出；本地回放及真实状态驱动都验收，文件存在不算完成
CHAR-268,照护者喂食配对,角色动作与交互,动画特效,family-food物权,缺失待制,"提示词.md:75；src/simulation/family.ts:14-32,376-443；src/rendering/citizen-appearance.ts:15,20-21（生命数据已存在，非精细造型资产）",统一骨骼后人工关键帧/重定向；Tripo动画仅候选，须检查接触点、循环、位移和事件同步；未生成/未接入,只读权威活动/位置差/暂停、角色朝向；拟动画状态适配器/接触点；不得以动画驱动资金、身体路线或时间,CHAR-073,统一骨骼clip；复用同母版，参数速度不另扩成model,首尾/接触点正确，无穿地/穿座；暂停不推进；速度与权威位移一致；现场活动取消即退出；本地回放及真实状态驱动都验收，文件存在不算完成
CHAR-269,幼儿游戏循环,角色动作与交互,动画特效,家庭/娱乐；行为契约待接,缺失待制,"提示词.md:75；src/simulation/family.ts:14-32,376-443；src/rendering/citizen-appearance.ts:15,20-21（生命数据已存在，非精细造型资产）",统一骨骼后人工关键帧/重定向；Tripo动画仅候选，须检查接触点、循环、位移和事件同步；未生成/未接入,只读权威活动/位置差/暂停、角色朝向；拟动画状态适配器/接触点；不得以动画驱动资金、身体路线或时间,CHAR-074,统一骨骼clip；复用同母版，参数速度不另扩成model,首尾/接触点正确，无穿地/穿座；暂停不推进；速度与权威位移一致；现场活动取消即退出；本地回放及真实状态驱动都验收，文件存在不算完成
CHAR-270,婚礼相对礼拜配对,角色动作与交互,动画特效,FamilyCeremony wedding,缺失待制,src/simulation/family.ts:448-461；src/simulation/extensions.ts:449-450；src/rendering/citizen-appearance.ts:128（无仪式动作）,统一骨骼后人工关键帧/重定向；Tripo动画仅候选，须检查接触点、循环、位移和事件同步；未生成/未接入,只读权威活动/位置差/暂停、角色朝向；拟动画状态适配器/接触点；不得以动画驱动资金、身体路线或时间,CHAR-073,统一骨骼clip；复用同母版，参数速度不另扩成model,首尾/接触点正确，无穿地/穿座；暂停不推进；速度与权威位移一致；现场活动取消即退出；本地回放及真实状态驱动都验收，文件存在不算完成
CHAR-271,亲友悼念致礼动作,角色动作与交互,动画特效,FamilyCeremony funeral,缺失待制,src/simulation/family.ts:448-461；src/simulation/extensions.ts:449-450；src/rendering/citizen-appearance.ts:128（无仪式动作）,统一骨骼后人工关键帧/重定向；Tripo动画仅候选，须检查接触点、循环、位移和事件同步；未生成/未接入,只读权威活动/位置差/暂停、角色朝向；拟动画状态适配器/接触点；不得以动画驱动资金、身体路线或时间,CHAR-073,统一骨骼clip；复用同母版，参数速度不另扩成model,首尾/接触点正确，无穿地/穿座；暂停不推进；速度与权威位移一致；现场活动取消即退出；本地回放及真实状态驱动都验收，文件存在不算完成
CHAR-272,悲伤擦泪动作,角色动作与交互,动画特效,mood/悼念,缺失待制,src/simulation/family.ts:448-461；src/simulation/extensions.ts:449-450；src/rendering/citizen-appearance.ts:128（无仪式动作）,统一骨骼后人工关键帧/重定向；Tripo动画仅候选，须检查接触点、循环、位移和事件同步；未生成/未接入,只读权威活动/位置差/暂停、角色朝向；拟动画状态适配器/接触点；不得以动画驱动资金、身体路线或时间,CHAR-073,统一骨骼clip；复用同母版，参数速度不另扩成model,首尾/接触点正确，无穿地/穿座；暂停不推进；速度与权威位移一致；现场活动取消即退出；本地回放及真实状态驱动都验收，文件存在不算完成
CHAR-273,庆祝鼓掌动作,角色动作与交互,动画特效,节庆/婚礼/活动,缺失待制,src/simulation/family.ts:448-461；src/simulation/extensions.ts:449-450；src/rendering/citizen-appearance.ts:128（无仪式动作）,统一骨骼后人工关键帧/重定向；Tripo动画仅候选，须检查接触点、循环、位移和事件同步；未生成/未接入,只读权威活动/位置差/暂停、角色朝向；拟动画状态适配器/接触点；不得以动画驱动资金、身体路线或时间,CHAR-073,统一骨骼clip；复用同母版，参数速度不另扩成model,首尾/接触点正确，无穿地/穿座；暂停不推进；速度与权威位移一致；现场活动取消即退出；本地回放及真实状态驱动都验收，文件存在不算完成
CHAR-274,死亡站立到倒地过渡,角色动作与交互,动画特效,alive变false；需地面接触且不修改死因,缺失待制,"提示词.md:57-59；src/rendering/citizen-appearance.ts:4,28-42,128-143（仅位移摆肢/坐姿/平躺，无骨骼动作库）",统一骨骼后人工关键帧/重定向；Tripo动画仅候选，须检查接触点、循环、位移和事件同步；未生成/未接入,只读权威活动/位置差/暂停、角色朝向；拟动画状态适配器/接触点；不得以动画驱动资金、身体路线或时间,CHAR-073,统一骨骼clip；复用同母版，参数速度不另扩成model,首尾/接触点正确，无穿地/穿座；暂停不推进；速度与权威位移一致；现场活动取消即退出；本地回放及真实状态驱动都验收，文件存在不算完成
CHAR-275,细体素遗体静止姿态,角色动作与交互,动画特效,death/葬前呈现,缺失待制,"提示词.md:57-59；src/rendering/citizen-appearance.ts:4,28-42,128-143（仅位移摆肢/坐姿/平躺，无骨骼动作库）",统一骨骼后人工关键帧/重定向；Tripo动画仅候选，须检查接触点、循环、位移和事件同步；未生成/未接入,只读权威活动/位置差/暂停、角色朝向；拟动画状态适配器/接触点；不得以动画驱动资金、身体路线或时间,CHAR-073,统一骨骼clip；复用同母版，参数速度不另扩成model,首尾/接触点正确，无穿地/穿座；暂停不推进；速度与权威位移一致；现场活动取消即退出；本地回放及真实状态驱动都验收，文件存在不算完成
CHAR-276,道路载具侧门登乘动作,角色动作与交互,动画特效,汽车/公交乘降,缺失待制,"提示词.md:43,121,115；src/types.ts:25,29,52；src/simulation.ts:912,944；src/rendering/citizen-appearance.ts:128（现直接riding坐姿，无乘降过渡）",统一骨骼后人工关键帧/重定向；Tripo动画仅候选，须检查接触点、循环、位移和事件同步；未生成/未接入,只读权威活动/位置差/暂停、角色朝向；拟动画状态适配器/接触点；不得以动画驱动资金、身体路线或时间,CHAR-073,侧门接触点/车台高参数，公交台阶与汽车低座作同骨骼适配；不每车型复制整人；只读位置/乘员/停止状态,首尾/接触点正确，无穿地/穿座；暂停不推进；速度与权威位移一致；现场活动取消即退出；本地回放及真实状态驱动都验收，文件存在不算完成
CHAR-277,道路载具侧门离乘动作,角色动作与交互,动画特效,汽车/公交乘降,缺失待制,"提示词.md:43,121,115；src/types.ts:25,29,52；src/simulation.ts:912,944；src/rendering/citizen-appearance.ts:128（现直接riding坐姿，无乘降过渡）",统一骨骼后人工关键帧/重定向；Tripo动画仅候选，须检查接触点、循环、位移和事件同步；未生成/未接入,只读权威活动/位置差/暂停、角色朝向；拟动画状态适配器/接触点；不得以动画驱动资金、身体路线或时间,CHAR-073,从合法停靠位读出车门/落脚点；安全规则仍由交通；只读位置/乘员/停止状态,首尾/接触点正确，无穿地/穿座；暂停不推进；速度与权威位移一致；现场活动取消即退出；本地回放及真实状态驱动都验收，文件存在不算完成
CHAR-278,平层站台进入与落座动作,角色动作与交互,动画特效,磁悬浮/轻轨/缆车,缺失待制,"提示词.md:43,121,115；src/types.ts:25,29,52；src/simulation.ts:912,944；src/rendering/citizen-appearance.ts:128（现直接riding坐姿，无乘降过渡）",统一骨骼后人工关键帧/重定向；Tripo动画仅候选，须检查接触点、循环、位移和事件同步；未生成/未接入,只读权威活动/位置差/暂停、角色朝向；拟动画状态适配器/接触点；不得以动画驱动资金、身体路线或时间,CHAR-073,共用平层门口到座位动作，门宽/座位socket来自车辆接口；只读位置/乘员/停止状态,首尾/接触点正确，无穿地/穿座；暂停不推进；速度与权威位移一致；现场活动取消即退出；本地回放及真实状态驱动都验收，文件存在不算完成
CHAR-279,平层站台起身离乘动作,角色动作与交互,动画特效,磁悬浮/轻轨/缆车,缺失待制,"提示词.md:43,121,115；src/types.ts:25,29,52；src/simulation.ts:912,944；src/rendering/citizen-appearance.ts:128（现直接riding坐姿，无乘降过渡）",统一骨骼后人工关键帧/重定向；Tripo动画仅候选，须检查接触点、循环、位移和事件同步；未生成/未接入,只读权威活动/位置差/暂停、角色朝向；拟动画状态适配器/接触点；不得以动画驱动资金、身体路线或时间,CHAR-073,共用平层离座/出门适配，不能用动画越过门/站台；只读位置/乘员/停止状态,首尾/接触点正确，无穿地/穿座；暂停不推进；速度与权威位移一致；现场活动取消即退出；本地回放及真实状态驱动都验收，文件存在不算完成
CHAR-280,跳板/坡道登船扶手动作,角色动作与交互,动画特效,渡轮乘降,缺失待制,"提示词.md:43,121,115；src/types.ts:25,29,52；src/simulation.ts:912,944；src/rendering/citizen-appearance.ts:128（现直接riding坐姿，无乘降过渡）",统一骨骼后人工关键帧/重定向；Tripo动画仅候选，须检查接触点、循环、位移和事件同步；未生成/未接入,只读权威活动/位置差/暂停、角色朝向；拟动画状态适配器/接触点；不得以动画驱动资金、身体路线或时间,CHAR-073,脚步遵守权威坡道路径；船体动作参数不造路线；只读位置/乘员/停止状态,首尾/接触点正确，无穿地/穿座；暂停不推进；速度与权威位移一致；现场活动取消即退出；本地回放及真实状态驱动都验收，文件存在不算完成
CHAR-281,起身与坡道离船动作,角色动作与交互,动画特效,渡轮乘降,缺失待制,"提示词.md:43,121,115；src/types.ts:25,29,52；src/simulation.ts:912,944；src/rendering/citizen-appearance.ts:128（现直接riding坐姿，无乘降过渡）",统一骨骼后人工关键帧/重定向；Tripo动画仅候选，须检查接触点、循环、位移和事件同步；未生成/未接入,只读权威活动/位置差/暂停、角色朝向；拟动画状态适配器/接触点；不得以动画驱动资金、身体路线或时间,CHAR-073,绑定真实码头/泊位，不根据画面伪造靠岸；只读位置/乘员/停止状态,首尾/接触点正确，无穿地/穿座；暂停不推进；速度与权威位移一致；现场活动取消即退出；本地回放及真实状态驱动都验收，文件存在不算完成
CHAR-282,航空舱门登乘落座动作,角色动作与交互,动画特效,航班/无人机/战机,缺失待制,"提示词.md:43,121,115；src/types.ts:25,29,52；src/simulation.ts:912,944；src/rendering/citizen-appearance.ts:128（现直接riding坐姿，无乘降过渡）",统一骨骼后人工关键帧/重定向；Tripo动画仅候选，须检查接触点、循环、位移和事件同步；未生成/未接入,只读权威活动/位置差/暂停、角色朝向；拟动画状态适配器/接触点；不得以动画驱动资金、身体路线或时间,CHAR-073,按现航空资格/近身合法上机事件读取；舱门与座位参数待车辆母版提供；只读位置/乘员/停止状态,首尾/接触点正确，无穿地/穿座；暂停不推进；速度与权威位移一致；现场活动取消即退出；本地回放及真实状态驱动都验收，文件存在不算完成
CHAR-283,航空舱门安全离乘动作,角色动作与交互,动画特效,航空离机,缺失待制,"提示词.md:43,121,115；src/types.ts:25,29,52；src/simulation.ts:912,944；src/rendering/citizen-appearance.ts:128（现直接riding坐姿，无乘降过渡）",统一骨骼后人工关键帧/重定向；Tripo动画仅候选，须检查接触点、循环、位移和事件同步；未生成/未接入,只读权威活动/位置差/暂停、角色朝向；拟动画状态适配器/接触点；不得以动画驱动资金、身体路线或时间,CHAR-073,仅合法parked/landed离机；不能由clip修改飞行状态；只读位置/乘员/停止状态,首尾/接触点正确，无穿地/穿座；暂停不推进；速度与权威位移一致；现场活动取消即退出；本地回放及真实状态驱动都验收，文件存在不算完成
CHAR-284,驾驶座握控循环,角色动作与交互,动画特效,道路/航空驾驶,缺失待制,"提示词.md:43,121,115；src/types.ts:25,29,52；src/simulation.ts:912,944；src/rendering/citizen-appearance.ts:128（现直接riding坐姿，无乘降过渡）",统一骨骼后人工关键帧/重定向；Tripo动画仅候选，须检查接触点、循环、位移和事件同步；未生成/未接入,只读权威活动/位置差/暂停、角色朝向；拟动画状态适配器/接触点；不得以动画驱动资金、身体路线或时间,CHAR-073,同骨骼握持方向盘/双柄位置；控制输入只是视觉读取；只读位置/乘员/停止状态,首尾/接触点正确，无穿地/穿座；暂停不推进；速度与权威位移一致；现场活动取消即退出；本地回放及真实状态驱动都验收，文件存在不算完成
CHAR-285,系/解安全束带动作,角色动作与交互,动画特效,交通乘坐,缺失待制,"提示词.md:43,121,115；src/types.ts:25,29,52；src/simulation.ts:912,944；src/rendering/citizen-appearance.ts:128（现直接riding坐姿，无乘降过渡）",统一骨骼后人工关键帧/重定向；Tripo动画仅候选，须检查接触点、循环、位移和事件同步；未生成/未接入,只读权威活动/位置差/暂停、角色朝向；拟动画状态适配器/接触点；不得以动画驱动资金、身体路线或时间,CHAR-073,带扣socket与车辆兼容；无带件的车型不展示；只读位置/乘员/停止状态,首尾/接触点正确，无穿地/穿座；暂停不推进；速度与权威位移一致；现场活动取消即退出；本地回放及真实状态驱动都验收，文件存在不算完成
CHAR-286,站立乘客抓握循环,角色动作与交互,动画特效,公共交通,缺失待制,"提示词.md:43,121,115；src/types.ts:25,29,52；src/simulation.ts:912,944；src/rendering/citizen-appearance.ts:128（现直接riding坐姿，无乘降过渡）",统一骨骼后人工关键帧/重定向；Tripo动画仅候选，须检查接触点、循环、位移和事件同步；未生成/未接入,只读权威活动/位置差/暂停、角色朝向；拟动画状态适配器/接触点；不得以动画驱动资金、身体路线或时间,CHAR-073,读取乘客空间/抓杆socket；不凭空增加乘员或容量；只读位置/乘员/停止状态,首尾/接触点正确，无穿地/穿座；暂停不推进；速度与权威位移一致；现场活动取消即退出；本地回放及真实状态驱动都验收，文件存在不算完成
CHAR-287,升降厢进入等待退出动作,角色动作与交互,动画特效,垂直升降井,缺失待制,"提示词.md:43,121,115；src/types.ts:25,29,52；src/simulation.ts:912,944；src/rendering/citizen-appearance.ts:128（现直接riding坐姿，无乘降过渡）",统一骨骼后人工关键帧/重定向；Tripo动画仅候选，须检查接触点、循环、位移和事件同步；未生成/未接入,只读权威活动/位置差/暂停、角色朝向；拟动画状态适配器/接触点；不得以动画驱动资金、身体路线或时间,CHAR-073,复用行走/待机与门口模板；不新增独立行走model；只读位置/乘员/停止状态,首尾/接触点正确，无穿地/穿座；暂停不推进；速度与权威位移一致；现场活动取消即退出；本地回放及真实状态驱动都验收，文件存在不算完成
CHAR-288,喜悦/微笑细体素脸材质组,角色与动物材质,材质贴图,心情/社交,缺失待制,"src/rendering/citizen-appearance.ts:55-70,104-112（现只有平静/紧张年龄六格及程序衣纹）；开发备忘录.md:322",手工像素/细体素面色与共享图集；纯视觉纹理，不需付费生成,只读Citizen.id/position/state/role + extension.actorProfiles.age/alive；拟visualDescriptor/骨骼socket；不写模拟或碰撞,CHAR-066,同一图集/材质参数覆盖年龄与体型；不将每个情绪或颜色算独立model,脸/衣/毛在白天夜晚可辨；像素尺度统一，无写实照片覆盖粗形体；图集边缘与LOD采样不串格
CHAR-289,悲伤/悼念脸材质组,角色与动物材质,材质贴图,心理/婚丧,缺失待制,"src/rendering/citizen-appearance.ts:55-70,104-112（现只有平静/紧张年龄六格及程序衣纹）；开发备忘录.md:322",手工像素/细体素面色与共享图集；纯视觉纹理，不需付费生成,只读Citizen.id/position/state/role + extension.actorProfiles.age/alive；拟visualDescriptor/骨骼socket；不写模拟或碰撞,CHAR-066,同一图集/材质参数覆盖年龄与体型；不将每个情绪或颜色算独立model,脸/衣/毛在白天夜晚可辨；像素尺度统一，无写实照片覆盖粗形体；图集边缘与LOD采样不串格
CHAR-290,愤怒/冲突脸材质组,角色与动物材质,材质贴图,仇敌/争论,缺失待制,"src/rendering/citizen-appearance.ts:55-70,104-112（现只有平静/紧张年龄六格及程序衣纹）；开发备忘录.md:322",手工像素/细体素面色与共享图集；纯视觉纹理，不需付费生成,只读Citizen.id/position/state/role + extension.actorProfiles.age/alive；拟visualDescriptor/骨骼socket；不写模拟或碰撞,CHAR-066,同一图集/材质参数覆盖年龄与体型；不将每个情绪或颜色算独立model,脸/衣/毛在白天夜晚可辨；像素尺度统一，无写实照片覆盖粗形体；图集边缘与LOD采样不串格
CHAR-291,疲惫/困倦脸材质组,角色与动物材质,材质贴图,fatigue/睡眠,缺失待制,"src/rendering/citizen-appearance.ts:55-70,104-112（现只有平静/紧张年龄六格及程序衣纹）；开发备忘录.md:322",手工像素/细体素面色与共享图集；纯视觉纹理，不需付费生成,只读Citizen.id/position/state/role + extension.actorProfiles.age/alive；拟visualDescriptor/骨骼socket；不写模拟或碰撞,CHAR-066,同一图集/材质参数覆盖年龄与体型；不将每个情绪或颜色算独立model,脸/衣/毛在白天夜晚可辨；像素尺度统一，无写实照片覆盖粗形体；图集边缘与LOD采样不串格
CHAR-292,疼痛/病弱脸材质组,角色与动物材质,材质贴图,health/临床,缺失待制,"src/rendering/citizen-appearance.ts:55-70,104-112（现只有平静/紧张年龄六格及程序衣纹）；开发备忘录.md:322",手工像素/细体素面色与共享图集；纯视觉纹理，不需付费生成,只读Citizen.id/position/state/role + extension.actorProfiles.age/alive；拟visualDescriptor/骨骼socket；不写模拟或碰撞,CHAR-066,同一图集/材质参数覆盖年龄与体型；不将每个情绪或颜色算独立model,脸/衣/毛在白天夜晚可辨；像素尺度统一，无写实照片覆盖粗形体；图集边缘与LOD采样不串格
CHAR-293,惊讶/警觉脸材质组,角色与动物材质,材质贴图,事件/治安,缺失待制,"src/rendering/citizen-appearance.ts:55-70,104-112（现只有平静/紧张年龄六格及程序衣纹）；开发备忘录.md:322",手工像素/细体素面色与共享图集；纯视觉纹理，不需付费生成,只读Citizen.id/position/state/role + extension.actorProfiles.age/alive；拟visualDescriptor/骨骼socket；不写模拟或碰撞,CHAR-066,同一图集/材质参数覆盖年龄与体型；不将每个情绪或颜色算独立model,脸/衣/毛在白天夜晚可辨；像素尺度统一，无写实照片覆盖粗形体；图集边缘与LOD采样不串格
CHAR-294,专注工作脸材质组,角色与动物材质,材质贴图,学习/职业,缺失待制,"src/rendering/citizen-appearance.ts:55-70,104-112（现只有平静/紧张年龄六格及程序衣纹）；开发备忘录.md:322",手工像素/细体素面色与共享图集；纯视觉纹理，不需付费生成,只读Citizen.id/position/state/role + extension.actorProfiles.age/alive；拟visualDescriptor/骨骼socket；不写模拟或碰撞,CHAR-066,同一图集/材质参数覆盖年龄与体型；不将每个情绪或颜色算独立model,脸/衣/毛在白天夜晚可辨；像素尺度统一，无写实照片覆盖粗形体；图集边缘与LOD采样不串格
CHAR-295,闭眼睡眠脸材质组,角色与动物材质,材质贴图,sleeping,缺失待制,"src/rendering/citizen-appearance.ts:55-70,104-112（现只有平静/紧张年龄六格及程序衣纹）；开发备忘录.md:322",手工像素/细体素面色与共享图集；纯视觉纹理，不需付费生成,只读Citizen.id/position/state/role + extension.actorProfiles.age/alive；拟visualDescriptor/骨骼socket；不写模拟或碰撞,CHAR-066,同一图集/材质参数覆盖年龄与体型；不将每个情绪或颜色算独立model,脸/衣/毛在白天夜晚可辨；像素尺度统一，无写实照片覆盖粗形体；图集边缘与LOD采样不串格
CHAR-296,婴儿脸部材质组,角色与动物材质,材质贴图,age<2生命,缺失待制,"src/rendering/citizen-appearance.ts:55-70,104-112（现只有平静/紧张年龄六格及程序衣纹）；开发备忘录.md:322",手工像素/细体素面色与共享图集；纯视觉纹理，不需付费生成,只读Citizen.id/position/state/role + extension.actorProfiles.age/alive；拟visualDescriptor/骨骼socket；不写模拟或碰撞,CHAR-066,同一图集/材质参数覆盖年龄与体型；不将每个情绪或颜色算独立model,脸/衣/毛在白天夜晚可辨；像素尺度统一，无写实照片覆盖粗形体；图集边缘与LOD采样不串格
CHAR-297,老年皱纹灰鬓细节材质组,角色与动物材质,材质贴图,衰老,缺失待制,"src/rendering/citizen-appearance.ts:55-70,104-112（现只有平静/紧张年龄六格及程序衣纹）；开发备忘录.md:322",手工像素/细体素面色与共享图集；纯视觉纹理，不需付费生成,只读Citizen.id/position/state/role + extension.actorProfiles.age/alive；拟visualDescriptor/骨骼socket；不写模拟或碰撞,CHAR-066,同一图集/材质参数覆盖年龄与体型；不将每个情绪或颜色算独立model,脸/衣/毛在白天夜晚可辨；像素尺度统一，无写实照片覆盖粗形体；图集边缘与LOD采样不串格
CHAR-298,日常衣布纹与缝边图集,角色与动物材质,材质贴图,居民服饰,缺失待制,"src/rendering/citizen-appearance.ts:55-70,104-112（现只有平静/紧张年龄六格及程序衣纹）；开发备忘录.md:322",手工像素/细体素面色与共享图集；纯视觉纹理，不需付费生成,只读Citizen.id/position/state/role + extension.actorProfiles.age/alive；拟visualDescriptor/骨骼socket；不写模拟或碰撞,CHAR-113,同一图集/材质参数覆盖年龄与体型；不将每个情绪或颜色算独立model,脸/衣/毛在白天夜晚可辨；像素尺度统一，无写实照片覆盖粗形体；图集边缘与LOD采样不串格
CHAR-299,职业布料标识图集,角色与动物材质,材质贴图,制服/职业,缺失待制,"src/rendering/citizen-appearance.ts:55-70,104-112（现只有平静/紧张年龄六格及程序衣纹）；开发备忘录.md:322",手工像素/细体素面色与共享图集；纯视觉纹理，不需付费生成,只读Citizen.id/position/state/role + extension.actorProfiles.age/alive；拟visualDescriptor/骨骼socket；不写模拟或碰撞,CHAR-113,同一图集/材质参数覆盖年龄与体型；不将每个情绪或颜色算独立model,脸/衣/毛在白天夜晚可辨；像素尺度统一，无写实照片覆盖粗形体；图集边缘与LOD采样不串格
CHAR-300,婚丧礼服布纹图集,角色与动物材质,材质贴图,家庭仪式,缺失待制,"src/rendering/citizen-appearance.ts:55-70,104-112（现只有平静/紧张年龄六格及程序衣纹）；开发备忘录.md:322",手工像素/细体素面色与共享图集；纯视觉纹理，不需付费生成,只读Citizen.id/position/state/role + extension.actorProfiles.age/alive；拟visualDescriptor/骨骼socket；不写模拟或碰撞,CHAR-113,同一图集/材质参数覆盖年龄与体型；不将每个情绪或颜色算独立model,脸/衣/毛在白天夜晚可辨；像素尺度统一，无写实照片覆盖粗形体；图集边缘与LOD采样不串格
CHAR-301,细体素毛发端面与发色图集,角色与动物材质,材质贴图,发型美容,缺失待制,"src/rendering/citizen-appearance.ts:55-70,104-112（现只有平静/紧张年龄六格及程序衣纹）；开发备忘录.md:322",手工像素/细体素面色与共享图集；纯视觉纹理，不需付费生成,只读Citizen.id/position/state/role + extension.actorProfiles.age/alive；拟visualDescriptor/骨骼socket；不写模拟或碰撞,CHAR-085,同一图集/材质参数覆盖年龄与体型；不将每个情绪或颜色算独立model,脸/衣/毛在白天夜晚可辨；像素尺度统一，无写实照片覆盖粗形体；图集边缘与LOD采样不串格
CHAR-302,动物毛羽鳞图集母版,角色与动物材质,材质贴图,宠物/家畜/生态,缺失待制,"src/rendering/citizen-appearance.ts:55-70,104-112（现只有平静/紧张年龄六格及程序衣纹）；开发备忘录.md:322",手工像素/细体素面色与共享图集；纯视觉纹理，不需付费生成,只读Citizen.id/position/state/role + extension.actorProfiles.age/alive；拟visualDescriptor/骨骼socket；不写模拟或碰撞,CHAR-302,同一图集/材质参数覆盖年龄与体型；不将每个情绪或颜色算独立model,脸/衣/毛在白天夜晚可辨；像素尺度统一，无写实照片覆盖粗形体；图集边缘与LOD采样不串格
CHAR-303,眨眼与注视微动画,角色动作与交互,动画特效,近景交谈/情绪,缺失待制,"src/rendering/citizen-appearance.ts:55-70,138（只有静态style选择）；src/types.ts:44",统一骨骼后人工关键帧/重定向；Tripo动画仅候选，须检查接触点、循环、位移和事件同步；未生成/未接入,只读权威活动/位置差/暂停、角色朝向；拟动画状态适配器/接触点；不得以动画驱动资金、身体路线或时间,CHAR-066,表情图集或轻量局部绑定；只在真实交谈/情绪条件更新，不附加独立NPC clock,首尾/接触点正确，无穿地/穿座；暂停不推进；速度与权威位移一致；现场活动取消即退出；本地回放及真实状态驱动都验收，文件存在不算完成
CHAR-304,说话口型切换微动画,角色动作与交互,动画特效,近景交谈/情绪,缺失待制,"src/rendering/citizen-appearance.ts:55-70,138（只有静态style选择）；src/types.ts:44",统一骨骼后人工关键帧/重定向；Tripo动画仅候选，须检查接触点、循环、位移和事件同步；未生成/未接入,只读权威活动/位置差/暂停、角色朝向；拟动画状态适配器/接触点；不得以动画驱动资金、身体路线或时间,CHAR-066,表情图集或轻量局部绑定；只在真实交谈/情绪条件更新，不附加独立NPC clock,首尾/接触点正确，无穿地/穿座；暂停不推进；速度与权威位移一致；现场活动取消即退出；本地回放及真实状态驱动都验收，文件存在不算完成
CHAR-305,情绪脸材质过渡动画,角色动作与交互,动画特效,近景交谈/情绪,缺失待制,"src/rendering/citizen-appearance.ts:55-70,138（只有静态style选择）；src/types.ts:44",统一骨骼后人工关键帧/重定向；Tripo动画仅候选，须检查接触点、循环、位移和事件同步；未生成/未接入,只读权威活动/位置差/暂停、角色朝向；拟动画状态适配器/接触点；不得以动画驱动资金、身体路线或时间,CHAR-066,表情图集或轻量局部绑定；只在真实交谈/情绪条件更新，不附加独立NPC clock,首尾/接触点正确，无穿地/穿座；暂停不推进；速度与权威位移一致；现场活动取消即退出；本地回放及真实状态驱动都验收，文件存在不算完成
CHAR-306,猫精细体素视觉母版,宠物家畜与生态动物,基础组件,宠物,待核实,"开发备忘录.md:322；docs/需求实现验证矩阵.md:56；src/types.ts:33,48（有biodiversity数值，无动物实体/外观契约）；src/renderer.ts:829-832（只消费居民、货品、车辆）",物种候选：未指定最终物种；确认物种后先单件细体素概念图与尺度核形，再Tripo图生视觉件候选/手工体素建模；离线验GLB、硬边、平面法线与5cm细格，不改0.2m玩法网格,拟动物实体id/species/owner/position/age/state + 可见区池接口；当前types.ts无该契约，资产不假造生态或库存,CHAR-306,四足类独立形体；本行是可制作候选，不宣称物种生态/畜牧经济已实现；先确认生态范围,近景有可辨的细体素轮廓、五官/拼接层次；5cm细格与硬边法线，无粗大方块替代；米制原点/朝向一致，绑定与LOD同形；不改受保护身体净空；物种尺寸/栖息介质正确，躯干/羽鳞/尾部有轮廓，不用胶囊替代
CHAR-307,犬精细体素视觉母版,宠物家畜与生态动物,基础组件,宠物,待核实,"开发备忘录.md:322；docs/需求实现验证矩阵.md:56；src/types.ts:33,48（有biodiversity数值，无动物实体/外观契约）；src/renderer.ts:829-832（只消费居民、货品、车辆）",物种候选：未指定最终物种；确认物种后先单件细体素概念图与尺度核形，再Tripo图生视觉件候选/手工体素建模；离线验GLB、硬边、平面法线与5cm细格，不改0.2m玩法网格,拟动物实体id/species/owner/position/age/state + 可见区池接口；当前types.ts无该契约，资产不假造生态或库存,CHAR-307,四足类独立形体；本行是可制作候选，不宣称物种生态/畜牧经济已实现；先确认生态范围,近景有可辨的细体素轮廓、五官/拼接层次；5cm细格与硬边法线，无粗大方块替代；米制原点/朝向一致，绑定与LOD同形；不改受保护身体净空；物种尺寸/栖息介质正确，躯干/羽鳞/尾部有轮廓，不用胶囊替代
CHAR-308,兔精细体素视觉母版,宠物家畜与生态动物,基础组件,宠物/小型生态,待核实,"开发备忘录.md:322；docs/需求实现验证矩阵.md:56；src/types.ts:33,48（有biodiversity数值，无动物实体/外观契约）；src/renderer.ts:829-832（只消费居民、货品、车辆）",物种候选：未指定最终物种；确认物种后先单件细体素概念图与尺度核形，再Tripo图生视觉件候选/手工体素建模；离线验GLB、硬边、平面法线与5cm细格，不改0.2m玩法网格,拟动物实体id/species/owner/position/age/state + 可见区池接口；当前types.ts无该契约，资产不假造生态或库存,CHAR-308,四足类独立形体；本行是可制作候选，不宣称物种生态/畜牧经济已实现；先确认生态范围,近景有可辨的细体素轮廓、五官/拼接层次；5cm细格与硬边法线，无粗大方块替代；米制原点/朝向一致，绑定与LOD同形；不改受保护身体净空；物种尺寸/栖息介质正确，躯干/羽鳞/尾部有轮廓，不用胶囊替代
CHAR-309,观赏鱼精细体素视觉母版,宠物家畜与生态动物,基础组件,宠物水族,待核实,"开发备忘录.md:322；docs/需求实现验证矩阵.md:56；src/types.ts:33,48（有biodiversity数值，无动物实体/外观契约）；src/renderer.ts:829-832（只消费居民、货品、车辆）",物种候选：未指定最终物种；确认物种后先单件细体素概念图与尺度核形，再Tripo图生视觉件候选/手工体素建模；离线验GLB、硬边、平面法线与5cm细格，不改0.2m玩法网格,拟动物实体id/species/owner/position/age/state + 可见区池接口；当前types.ts无该契约，资产不假造生态或库存,CHAR-309,鱼类独立形体；本行是可制作候选，不宣称物种生态/畜牧经济已实现；先确认生态范围,近景有可辨的细体素轮廓、五官/拼接层次；5cm细格与硬边法线，无粗大方块替代；米制原点/朝向一致，绑定与LOD同形；不改受保护身体净空；物种尺寸/栖息介质正确，躯干/羽鳞/尾部有轮廓，不用胶囊替代
CHAR-310,鸡精细体素视觉母版,宠物家畜与生态动物,基础组件,家禽/农业,待核实,"开发备忘录.md:322；docs/需求实现验证矩阵.md:56；src/types.ts:33,48（有biodiversity数值，无动物实体/外观契约）；src/renderer.ts:829-832（只消费居民、货品、车辆）",物种候选：未指定最终物种；确认物种后先单件细体素概念图与尺度核形，再Tripo图生视觉件候选/手工体素建模；离线验GLB、硬边、平面法线与5cm细格，不改0.2m玩法网格,拟动物实体id/species/owner/position/age/state + 可见区池接口；当前types.ts无该契约，资产不假造生态或库存,CHAR-310,鸟类独立形体；本行是可制作候选，不宣称物种生态/畜牧经济已实现；先确认生态范围,近景有可辨的细体素轮廓、五官/拼接层次；5cm细格与硬边法线，无粗大方块替代；米制原点/朝向一致，绑定与LOD同形；不改受保护身体净空；物种尺寸/栖息介质正确，躯干/羽鳞/尾部有轮廓，不用胶囊替代
CHAR-311,鸭精细体素视觉母版,宠物家畜与生态动物,基础组件,家禽/水岸农业,待核实,"开发备忘录.md:322；docs/需求实现验证矩阵.md:56；src/types.ts:33,48（有biodiversity数值，无动物实体/外观契约）；src/renderer.ts:829-832（只消费居民、货品、车辆）",物种候选：未指定最终物种；确认物种后先单件细体素概念图与尺度核形，再Tripo图生视觉件候选/手工体素建模；离线验GLB、硬边、平面法线与5cm细格，不改0.2m玩法网格,拟动物实体id/species/owner/position/age/state + 可见区池接口；当前types.ts无该契约，资产不假造生态或库存,CHAR-311,鸟类独立形体；本行是可制作候选，不宣称物种生态/畜牧经济已实现；先确认生态范围,近景有可辨的细体素轮廓、五官/拼接层次；5cm细格与硬边法线，无粗大方块替代；米制原点/朝向一致，绑定与LOD同形；不改受保护身体净空；物种尺寸/栖息介质正确，躯干/羽鳞/尾部有轮廓，不用胶囊替代
CHAR-312,鹅精细体素视觉母版,宠物家畜与生态动物,基础组件,家禽/水岸农业,待核实,"开发备忘录.md:322；docs/需求实现验证矩阵.md:56；src/types.ts:33,48（有biodiversity数值，无动物实体/外观契约）；src/renderer.ts:829-832（只消费居民、货品、车辆）",物种候选：未指定最终物种；确认物种后先单件细体素概念图与尺度核形，再Tripo图生视觉件候选/手工体素建模；离线验GLB、硬边、平面法线与5cm细格，不改0.2m玩法网格,拟动物实体id/species/owner/position/age/state + 可见区池接口；当前types.ts无该契约，资产不假造生态或库存,CHAR-312,鸟类独立形体；本行是可制作候选，不宣称物种生态/畜牧经济已实现；先确认生态范围,近景有可辨的细体素轮廓、五官/拼接层次；5cm细格与硬边法线，无粗大方块替代；米制原点/朝向一致，绑定与LOD同形；不改受保护身体净空；物种尺寸/栖息介质正确，躯干/羽鳞/尾部有轮廓，不用胶囊替代
CHAR-313,猪精细体素视觉母版,宠物家畜与生态动物,基础组件,家畜/农业,待核实,"开发备忘录.md:322；docs/需求实现验证矩阵.md:56；src/types.ts:33,48（有biodiversity数值，无动物实体/外观契约）；src/renderer.ts:829-832（只消费居民、货品、车辆）",物种候选：未指定最终物种；确认物种后先单件细体素概念图与尺度核形，再Tripo图生视觉件候选/手工体素建模；离线验GLB、硬边、平面法线与5cm细格，不改0.2m玩法网格,拟动物实体id/species/owner/position/age/state + 可见区池接口；当前types.ts无该契约，资产不假造生态或库存,CHAR-313,四足类独立形体；本行是可制作候选，不宣称物种生态/畜牧经济已实现；先确认生态范围,近景有可辨的细体素轮廓、五官/拼接层次；5cm细格与硬边法线，无粗大方块替代；米制原点/朝向一致，绑定与LOD同形；不改受保护身体净空；物种尺寸/栖息介质正确，躯干/羽鳞/尾部有轮廓，不用胶囊替代
CHAR-314,山羊精细体素视觉母版,宠物家畜与生态动物,基础组件,家畜/山地农业,待核实,"开发备忘录.md:322；docs/需求实现验证矩阵.md:56；src/types.ts:33,48（有biodiversity数值，无动物实体/外观契约）；src/renderer.ts:829-832（只消费居民、货品、车辆）",物种候选：未指定最终物种；确认物种后先单件细体素概念图与尺度核形，再Tripo图生视觉件候选/手工体素建模；离线验GLB、硬边、平面法线与5cm细格，不改0.2m玩法网格,拟动物实体id/species/owner/position/age/state + 可见区池接口；当前types.ts无该契约，资产不假造生态或库存,CHAR-314,四足类独立形体；本行是可制作候选，不宣称物种生态/畜牧经济已实现；先确认生态范围,近景有可辨的细体素轮廓、五官/拼接层次；5cm细格与硬边法线，无粗大方块替代；米制原点/朝向一致，绑定与LOD同形；不改受保护身体净空；物种尺寸/栖息介质正确，躯干/羽鳞/尾部有轮廓，不用胶囊替代
CHAR-315,牛精细体素视觉母版,宠物家畜与生态动物,基础组件,家畜/农业,待核实,"开发备忘录.md:322；docs/需求实现验证矩阵.md:56；src/types.ts:33,48（有biodiversity数值，无动物实体/外观契约）；src/renderer.ts:829-832（只消费居民、货品、车辆）",物种候选：未指定最终物种；确认物种后先单件细体素概念图与尺度核形，再Tripo图生视觉件候选/手工体素建模；离线验GLB、硬边、平面法线与5cm细格，不改0.2m玩法网格,拟动物实体id/species/owner/position/age/state + 可见区池接口；当前types.ts无该契约，资产不假造生态或库存,CHAR-315,四足类独立形体；本行是可制作候选，不宣称物种生态/畜牧经济已实现；先确认生态范围,近景有可辨的细体素轮廓、五官/拼接层次；5cm细格与硬边法线，无粗大方块替代；米制原点/朝向一致，绑定与LOD同形；不改受保护身体净空；物种尺寸/栖息介质正确，躯干/羽鳞/尾部有轮廓，不用胶囊替代
CHAR-316,山林鹿精细体素视觉母版,宠物家畜与生态动物,基础组件,山林生态,待核实,"开发备忘录.md:322；docs/需求实现验证矩阵.md:56；src/types.ts:33,48（有biodiversity数值，无动物实体/外观契约）；src/renderer.ts:829-832（只消费居民、货品、车辆）",物种候选：未指定最终物种；确认物种后先单件细体素概念图与尺度核形，再Tripo图生视觉件候选/手工体素建模；离线验GLB、硬边、平面法线与5cm细格，不改0.2m玩法网格,拟动物实体id/species/owner/position/age/state + 可见区池接口；当前types.ts无该契约，资产不假造生态或库存,CHAR-316,四足类独立形体；本行是可制作候选，不宣称物种生态/畜牧经济已实现；先确认生态范围,近景有可辨的细体素轮廓、五官/拼接层次；5cm细格与硬边法线，无粗大方块替代；米制原点/朝向一致，绑定与LOD同形；不改受保护身体净空；物种尺寸/栖息介质正确，躯干/羽鳞/尾部有轮廓，不用胶囊替代
CHAR-317,野猪精细体素视觉母版,宠物家畜与生态动物,基础组件,山林生态,待核实,"开发备忘录.md:322；docs/需求实现验证矩阵.md:56；src/types.ts:33,48（有biodiversity数值，无动物实体/外观契约）；src/renderer.ts:829-832（只消费居民、货品、车辆）",物种候选：未指定最终物种；确认物种后先单件细体素概念图与尺度核形，再Tripo图生视觉件候选/手工体素建模；离线验GLB、硬边、平面法线与5cm细格，不改0.2m玩法网格,拟动物实体id/species/owner/position/age/state + 可见区池接口；当前types.ts无该契约，资产不假造生态或库存,CHAR-317,四足类独立形体；本行是可制作候选，不宣称物种生态/畜牧经济已实现；先确认生态范围,近景有可辨的细体素轮廓、五官/拼接层次；5cm细格与硬边法线，无粗大方块替代；米制原点/朝向一致，绑定与LOD同形；不改受保护身体净空；物种尺寸/栖息介质正确，躯干/羽鳞/尾部有轮廓，不用胶囊替代
CHAR-318,松鼠精细体素视觉母版,宠物家畜与生态动物,基础组件,林冠生态,待核实,"开发备忘录.md:322；docs/需求实现验证矩阵.md:56；src/types.ts:33,48（有biodiversity数值，无动物实体/外观契约）；src/renderer.ts:829-832（只消费居民、货品、车辆）",物种候选：未指定最终物种；确认物种后先单件细体素概念图与尺度核形，再Tripo图生视觉件候选/手工体素建模；离线验GLB、硬边、平面法线与5cm细格，不改0.2m玩法网格,拟动物实体id/species/owner/position/age/state + 可见区池接口；当前types.ts无该契约，资产不假造生态或库存,CHAR-318,四足类独立形体；本行是可制作候选，不宣称物种生态/畜牧经济已实现；先确认生态范围,近景有可辨的细体素轮廓、五官/拼接层次；5cm细格与硬边法线，无粗大方块替代；米制原点/朝向一致，绑定与LOD同形；不改受保护身体净空；物种尺寸/栖息介质正确，躯干/羽鳞/尾部有轮廓，不用胶囊替代
CHAR-319,山林小鸟精细体素视觉母版,宠物家畜与生态动物,基础组件,林冠生态,待核实,"开发备忘录.md:322；docs/需求实现验证矩阵.md:56；src/types.ts:33,48（有biodiversity数值，无动物实体/外观契约）；src/renderer.ts:829-832（只消费居民、货品、车辆）",物种候选：未指定最终物种；确认物种后先单件细体素概念图与尺度核形，再Tripo图生视觉件候选/手工体素建模；离线验GLB、硬边、平面法线与5cm细格，不改0.2m玩法网格,拟动物实体id/species/owner/position/age/state + 可见区池接口；当前types.ts无该契约，资产不假造生态或库存,CHAR-319,鸟类独立形体；本行是可制作候选，不宣称物种生态/畜牧经济已实现；先确认生态范围,近景有可辨的细体素轮廓、五官/拼接层次；5cm细格与硬边法线，无粗大方块替代；米制原点/朝向一致，绑定与LOD同形；不改受保护身体净空；物种尺寸/栖息介质正确，躯干/羽鳞/尾部有轮廓，不用胶囊替代
CHAR-320,水岸鹭鸟精细体素视觉母版,宠物家畜与生态动物,基础组件,溪岸生态,待核实,"开发备忘录.md:322；docs/需求实现验证矩阵.md:56；src/types.ts:33,48（有biodiversity数值，无动物实体/外观契约）；src/renderer.ts:829-832（只消费居民、货品、车辆）",物种候选：未指定最终物种；确认物种后先单件细体素概念图与尺度核形，再Tripo图生视觉件候选/手工体素建模；离线验GLB、硬边、平面法线与5cm细格，不改0.2m玩法网格,拟动物实体id/species/owner/position/age/state + 可见区池接口；当前types.ts无该契约，资产不假造生态或库存,CHAR-320,鸟类独立形体；本行是可制作候选，不宣称物种生态/畜牧经济已实现；先确认生态范围,近景有可辨的细体素轮廓、五官/拼接层次；5cm细格与硬边法线，无粗大方块替代；米制原点/朝向一致，绑定与LOD同形；不改受保护身体净空；物种尺寸/栖息介质正确，躯干/羽鳞/尾部有轮廓，不用胶囊替代
CHAR-321,溪流鱼精细体素视觉母版,宠物家畜与生态动物,基础组件,河流生态,待核实,"开发备忘录.md:322；docs/需求实现验证矩阵.md:56；src/types.ts:33,48（有biodiversity数值，无动物实体/外观契约）；src/renderer.ts:829-832（只消费居民、货品、车辆）",物种候选：未指定最终物种；确认物种后先单件细体素概念图与尺度核形，再Tripo图生视觉件候选/手工体素建模；离线验GLB、硬边、平面法线与5cm细格，不改0.2m玩法网格,拟动物实体id/species/owner/position/age/state + 可见区池接口；当前types.ts无该契约，资产不假造生态或库存,CHAR-321,鱼类独立形体；本行是可制作候选，不宣称物种生态/畜牧经济已实现；先确认生态范围,近景有可辨的细体素轮廓、五官/拼接层次；5cm细格与硬边法线，无粗大方块替代；米制原点/朝向一致，绑定与LOD同形；不改受保护身体净空；物种尺寸/栖息介质正确，躯干/羽鳞/尾部有轮廓，不用胶囊替代
CHAR-322,蝶精细体素视觉母版,宠物家畜与生态动物,基础组件,林地/花间生态,待核实,"开发备忘录.md:322；docs/需求实现验证矩阵.md:56；src/types.ts:33,48（有biodiversity数值，无动物实体/外观契约）；src/renderer.ts:829-832（只消费居民、货品、车辆）",物种候选：未指定最终物种；确认物种后先单件细体素概念图与尺度核形，再Tripo图生视觉件候选/手工体素建模；离线验GLB、硬边、平面法线与5cm细格，不改0.2m玩法网格,拟动物实体id/species/owner/position/age/state + 可见区池接口；当前types.ts无该契约，资产不假造生态或库存,CHAR-322,昆虫类独立形体；本行是可制作候选，不宣称物种生态/畜牧经济已实现；先确认生态范围,近景有可辨的细体素轮廓、五官/拼接层次；5cm细格与硬边法线，无粗大方块替代；米制原点/朝向一致，绑定与LOD同形；不改受保护身体净空；物种尺寸/栖息介质正确，躯干/羽鳞/尾部有轮廓，不用胶囊替代
CHAR-323,蜂精细体素视觉母版,宠物家畜与生态动物,基础组件,农业/花间生态,待核实,"开发备忘录.md:322；docs/需求实现验证矩阵.md:56；src/types.ts:33,48（有biodiversity数值，无动物实体/外观契约）；src/renderer.ts:829-832（只消费居民、货品、车辆）",物种候选：未指定最终物种；确认物种后先单件细体素概念图与尺度核形，再Tripo图生视觉件候选/手工体素建模；离线验GLB、硬边、平面法线与5cm细格，不改0.2m玩法网格,拟动物实体id/species/owner/position/age/state + 可见区池接口；当前types.ts无该契约，资产不假造生态或库存,CHAR-323,昆虫类独立形体；本行是可制作候选，不宣称物种生态/畜牧经济已实现；先确认生态范围,近景有可辨的细体素轮廓、五官/拼接层次；5cm细格与硬边法线，无粗大方块替代；米制原点/朝向一致，绑定与LOD同形；不改受保护身体净空；物种尺寸/栖息介质正确，躯干/羽鳞/尾部有轮廓，不用胶囊替代
CHAR-324,四足动物骨骼母版,动物动作母版,基础组件,宠物/家畜/生态,缺失待制,"开发备忘录.md:322；docs/需求实现验证矩阵.md:56；src/types.ts:33,48（有biodiversity数值，无动物实体/外观契约）；src/renderer.ts:829-832（只消费居民、货品、车辆）",动物母版统一手工骨骼与挂点；Tripo绑定仅候选,拟动物实体id/species/owner/position/age/state + 可见区池接口；当前types.ts无该契约，资产不假造生态或库存,CHAR-324,按体态族复用重定向，爪/翼/尾关节规格明确，不一物种一套冗余骨架,绑定无塌体，脚/翼/尾符合物种；无GPU/长期模拟核验，交付需离线资产与真实实体驱动验收
CHAR-325,鸟类骨骼母版,动物动作母版,基础组件,宠物/家畜/生态,缺失待制,"开发备忘录.md:322；docs/需求实现验证矩阵.md:56；src/types.ts:33,48（有biodiversity数值，无动物实体/外观契约）；src/renderer.ts:829-832（只消费居民、货品、车辆）",动物母版统一手工骨骼与挂点；Tripo绑定仅候选,拟动物实体id/species/owner/position/age/state + 可见区池接口；当前types.ts无该契约，资产不假造生态或库存,CHAR-325,按体态族复用重定向，爪/翼/尾关节规格明确，不一物种一套冗余骨架,绑定无塌体，脚/翼/尾符合物种；无GPU/长期模拟核验，交付需离线资产与真实实体驱动验收
CHAR-326,鱼类游动骨骼母版,动物动作母版,基础组件,宠物/家畜/生态,缺失待制,"开发备忘录.md:322；docs/需求实现验证矩阵.md:56；src/types.ts:33,48（有biodiversity数值，无动物实体/外观契约）；src/renderer.ts:829-832（只消费居民、货品、车辆）",动物母版统一手工骨骼与挂点；Tripo绑定仅候选,拟动物实体id/species/owner/position/age/state + 可见区池接口；当前types.ts无该契约，资产不假造生态或库存,CHAR-326,按体态族复用重定向，爪/翼/尾关节规格明确，不一物种一套冗余骨架,绑定无塌体，脚/翼/尾符合物种；无GPU/长期模拟核验，交付需离线资产与真实实体驱动验收
CHAR-327,昆虫局部动作母版,动物动作母版,基础组件,宠物/家畜/生态,缺失待制,"开发备忘录.md:322；docs/需求实现验证矩阵.md:56；src/types.ts:33,48（有biodiversity数值，无动物实体/外观契约）；src/renderer.ts:829-832（只消费居民、货品、车辆）",动物母版统一手工骨骼与挂点；Tripo绑定仅候选,拟动物实体id/species/owner/position/age/state + 可见区池接口；当前types.ts无该契约，资产不假造生态或库存,CHAR-327,按体态族复用重定向，爪/翼/尾关节规格明确，不一物种一套冗余骨架,绑定无塌体，脚/翼/尾符合物种；无GPU/长期模拟核验，交付需离线资产与真实实体驱动验收
CHAR-328,宠物项圈母版,动物穿戴与组合,基础组件,宠物/农业/生态,缺失待制,"开发备忘录.md:322；docs/需求实现验证矩阵.md:56；src/types.ts:33,48（有biodiversity数值，无动物实体/外观契约）；src/renderer.ts:829-832（只消费居民、货品、车辆）",手工细体素穿戴或共享装配配置,拟动物实体id/species/owner/position/age/state + 可见区池接口；当前types.ts无该契约，资产不假造生态或库存,CHAR-328,项圈作为独立穿戴件，尺寸参数适配猫犬,穿戴不穿皮/遮断肢体；不把无实体的静态装饰算宠物玩法；动画/socket与实际物权一致
CHAR-329,宠物名牌母版,动物穿戴与组合,基础组件,宠物/农业/生态,缺失待制,"开发备忘录.md:322；docs/需求实现验证矩阵.md:56；src/types.ts:33,48（有biodiversity数值，无动物实体/外观契约）；src/renderer.ts:829-832（只消费居民、货品、车辆）",手工细体素穿戴或共享装配配置,拟动物实体id/species/owner/position/age/state + 可见区池接口；当前types.ts无该契约，资产不假造生态或库存,CHAR-329,名牌挂点与文字图集复用,穿戴不穿皮/遮断肢体；不把无实体的静态装饰算宠物玩法；动画/socket与实际物权一致
CHAR-330,宠物胸背带母版,动物穿戴与组合,基础组件,宠物/农业/生态,缺失待制,"开发备忘录.md:322；docs/需求实现验证矩阵.md:56；src/types.ts:33,48（有biodiversity数值，无动物实体/外观契约）；src/renderer.ts:829-832（只消费居民、货品、车辆）",手工细体素穿戴或共享装配配置,拟动物实体id/species/owner/position/age/state + 可见区池接口；当前types.ts无该契约，资产不假造生态或库存,CHAR-330,胸背围尺寸参数；牵引绳由角色手持件复用,穿戴不穿皮/遮断肢体；不把无实体的静态装饰算宠物玩法；动画/socket与实际物权一致
CHAR-331,家畜识别佩牌母版,动物穿戴与组合,基础组件,宠物/农业/生态,缺失待制,"开发备忘录.md:322；docs/需求实现验证矩阵.md:56；src/types.ts:33,48（有biodiversity数值，无动物实体/外观契约）；src/renderer.ts:829-832（只消费居民、货品、车辆）",手工细体素穿戴或共享装配配置,拟动物实体id/species/owner/position/age/state + 可见区池接口；当前types.ts无该契约，资产不假造生态或库存,CHAR-331,仅显示真实登记id，不制造畜牧身份,穿戴不穿皮/遮断肢体；不把无实体的静态装饰算宠物玩法；动画/socket与实际物权一致
CHAR-332,家养宠物佩戴组合,动物穿戴与组合,组合模板,宠物/农业/生态,缺失待制,"开发备忘录.md:322；docs/需求实现验证矩阵.md:56；src/types.ts:33,48（有biodiversity数值，无动物实体/外观契约）；src/renderer.ts:829-832（只消费居民、货品、车辆）",手工细体素穿戴或共享装配配置,拟动物实体id/species/owner/position/age/state + 可见区池接口；当前types.ts无该契约，资产不假造生态或库存,CHAR-306,猫/犬/兔按各母版配项圈胸背；不是整套新model,穿戴不穿皮/遮断肢体；不把无实体的静态装饰算宠物玩法；动画/socket与实际物权一致
CHAR-333,家畜与家禽生活组合,动物穿戴与组合,组合模板,宠物/农业/生态,缺失待制,"开发备忘录.md:322；docs/需求实现验证矩阵.md:56；src/types.ts:33,48（有biodiversity数值，无动物实体/外观契约）；src/renderer.ts:829-832（只消费居民、货品、车辆）",手工细体素穿戴或共享装配配置,拟动物实体id/species/owner/position/age/state + 可见区池接口；当前types.ts无该契约，资产不假造生态或库存,CHAR-315,以确认物种/年龄/健康状态装配，不假造生产链,穿戴不穿皮/遮断肢体；不把无实体的静态装饰算宠物玩法；动画/socket与实际物权一致
CHAR-334,山林水岸动物组合,动物穿戴与组合,组合模板,宠物/农业/生态,缺失待制,"开发备忘录.md:322；docs/需求实现验证矩阵.md:56；src/types.ts:33,48（有biodiversity数值，无动物实体/外观契约）；src/renderer.ts:829-832（只消费居民、货品、车辆）",手工细体素穿戴或共享装配配置,拟动物实体id/species/owner/position/age/state + 可见区池接口；当前types.ts无该契约，资产不假造生态或库存,CHAR-316,按物种/栖息介质/可见距离装配，生态逻辑待接,穿戴不穿皮/遮断肢体；不把无实体的静态装饰算宠物玩法；动画/socket与实际物权一致
CHAR-335,猫警觉坐卧待机,动物与照护动作,动画特效,宠物近景,缺失待制,"开发备忘录.md:322；docs/需求实现验证矩阵.md:56；src/types.ts:33,48（有biodiversity数值，无动物实体/外观契约）；src/renderer.ts:829-832（只消费居民、货品、车辆）",统一骨骼后人工关键帧/重定向；Tripo动画仅候选，须检查接触点、循环、位移和事件同步；未生成/未接入,拟动物实体id/species/owner/position/age/state + 可见区池接口；当前types.ts无该契约，资产不假造生态或库存；角色配对读I_ANIM接触点,CHAR-324,同体态骨骼重定向/参数适配，不复制独立动物model；真实实体/照护流程尚无契约,首尾/接触点正确，无穿地/穿座；暂停不推进；速度与权威位移一致；现场活动取消即退出；本地回放及真实状态驱动都验收，文件存在不算完成；动物足爪/翼尾接触真实介质，不能用动画虚造位置/产出
CHAR-336,猫行走/转向循环,动物与照护动作,动画特效,宠物移动,缺失待制,"开发备忘录.md:322；docs/需求实现验证矩阵.md:56；src/types.ts:33,48（有biodiversity数值，无动物实体/外观契约）；src/renderer.ts:829-832（只消费居民、货品、车辆）",统一骨骼后人工关键帧/重定向；Tripo动画仅候选，须检查接触点、循环、位移和事件同步；未生成/未接入,拟动物实体id/species/owner/position/age/state + 可见区池接口；当前types.ts无该契约，资产不假造生态或库存；角色配对读I_ANIM接触点,CHAR-324,同体态骨骼重定向/参数适配，不复制独立动物model；真实实体/照护流程尚无契约,首尾/接触点正确，无穿地/穿座；暂停不推进；速度与权威位移一致；现场活动取消即退出；本地回放及真实状态驱动都验收，文件存在不算完成；动物足爪/翼尾接触真实介质，不能用动画虚造位置/产出
CHAR-337,猫起跳落地动作,动物与照护动作,动画特效,宠物可达空间；路径契约待接,缺失待制,"开发备忘录.md:322；docs/需求实现验证矩阵.md:56；src/types.ts:33,48（有biodiversity数值，无动物实体/外观契约）；src/renderer.ts:829-832（只消费居民、货品、车辆）",统一骨骼后人工关键帧/重定向；Tripo动画仅候选，须检查接触点、循环、位移和事件同步；未生成/未接入,拟动物实体id/species/owner/position/age/state + 可见区池接口；当前types.ts无该契约，资产不假造生态或库存；角色配对读I_ANIM接触点,CHAR-324,同体态骨骼重定向/参数适配，不复制独立动物model；真实实体/照护流程尚无契约,首尾/接触点正确，无穿地/穿座；暂停不推进；速度与权威位移一致；现场活动取消即退出；本地回放及真实状态驱动都验收，文件存在不算完成；动物足爪/翼尾接触真实介质，不能用动画虚造位置/产出
CHAR-338,猫梳理/伸展循环,动物与照护动作,动画特效,宠物休闲,缺失待制,"开发备忘录.md:322；docs/需求实现验证矩阵.md:56；src/types.ts:33,48（有biodiversity数值，无动物实体/外观契约）；src/renderer.ts:829-832（只消费居民、货品、车辆）",统一骨骼后人工关键帧/重定向；Tripo动画仅候选，须检查接触点、循环、位移和事件同步；未生成/未接入,拟动物实体id/species/owner/position/age/state + 可见区池接口；当前types.ts无该契约，资产不假造生态或库存；角色配对读I_ANIM接触点,CHAR-324,同体态骨骼重定向/参数适配，不复制独立动物model；真实实体/照护流程尚无契约,首尾/接触点正确，无穿地/穿座；暂停不推进；速度与权威位移一致；现场活动取消即退出；本地回放及真实状态驱动都验收，文件存在不算完成；动物足爪/翼尾接触真实介质，不能用动画虚造位置/产出
CHAR-339,猫被抚摸响应配对,动物与照护动作,动画特效,玩家/宠物互动,缺失待制,"开发备忘录.md:322；docs/需求实现验证矩阵.md:56；src/types.ts:33,48（有biodiversity数值，无动物实体/外观契约）；src/renderer.ts:829-832（只消费居民、货品、车辆）",统一骨骼后人工关键帧/重定向；Tripo动画仅候选，须检查接触点、循环、位移和事件同步；未生成/未接入,拟动物实体id/species/owner/position/age/state + 可见区池接口；当前types.ts无该契约，资产不假造生态或库存；角色配对读I_ANIM接触点,CHAR-324,同体态骨骼重定向/参数适配，不复制独立动物model；真实实体/照护流程尚无契约,首尾/接触点正确，无穿地/穿座；暂停不推进；速度与权威位移一致；现场活动取消即退出；本地回放及真实状态驱动都验收，文件存在不算完成；动物足爪/翼尾接触真实介质，不能用动画虚造位置/产出
CHAR-340,犬坐姿与摆尾待机,动物与照护动作,动画特效,宠物近景,缺失待制,"开发备忘录.md:322；docs/需求实现验证矩阵.md:56；src/types.ts:33,48（有biodiversity数值，无动物实体/外观契约）；src/renderer.ts:829-832（只消费居民、货品、车辆）",统一骨骼后人工关键帧/重定向；Tripo动画仅候选，须检查接触点、循环、位移和事件同步；未生成/未接入,拟动物实体id/species/owner/position/age/state + 可见区池接口；当前types.ts无该契约，资产不假造生态或库存；角色配对读I_ANIM接触点,CHAR-324,同体态骨骼重定向/参数适配，不复制独立动物model；真实实体/照护流程尚无契约,首尾/接触点正确，无穿地/穿座；暂停不推进；速度与权威位移一致；现场活动取消即退出；本地回放及真实状态驱动都验收，文件存在不算完成；动物足爪/翼尾接触真实介质，不能用动画虚造位置/产出
CHAR-341,犬行走/疾行循环,动物与照护动作,动画特效,宠物移动,缺失待制,"开发备忘录.md:322；docs/需求实现验证矩阵.md:56；src/types.ts:33,48（有biodiversity数值，无动物实体/外观契约）；src/renderer.ts:829-832（只消费居民、货品、车辆）",统一骨骼后人工关键帧/重定向；Tripo动画仅候选，须检查接触点、循环、位移和事件同步；未生成/未接入,拟动物实体id/species/owner/position/age/state + 可见区池接口；当前types.ts无该契约，资产不假造生态或库存；角色配对读I_ANIM接触点,CHAR-324,同体态骨骼重定向/参数适配，不复制独立动物model；真实实体/照护流程尚无契约,首尾/接触点正确，无穿地/穿座；暂停不推进；速度与权威位移一致；现场活动取消即退出；本地回放及真实状态驱动都验收，文件存在不算完成；动物足爪/翼尾接触真实介质，不能用动画虚造位置/产出
CHAR-342,犬取回与交还动作,动物与照护动作,动画特效,宠物玩法；物权契约待接,缺失待制,"开发备忘录.md:322；docs/需求实现验证矩阵.md:56；src/types.ts:33,48（有biodiversity数值，无动物实体/外观契约）；src/renderer.ts:829-832（只消费居民、货品、车辆）",统一骨骼后人工关键帧/重定向；Tripo动画仅候选，须检查接触点、循环、位移和事件同步；未生成/未接入,拟动物实体id/species/owner/position/age/state + 可见区池接口；当前types.ts无该契约，资产不假造生态或库存；角色配对读I_ANIM接触点,CHAR-324,同体态骨骼重定向/参数适配，不复制独立动物model；真实实体/照护流程尚无契约,首尾/接触点正确，无穿地/穿座；暂停不推进；速度与权威位移一致；现场活动取消即退出；本地回放及真实状态驱动都验收，文件存在不算完成；动物足爪/翼尾接触真实介质，不能用动画虚造位置/产出
CHAR-343,犬被抚摸响应配对,动物与照护动作,动画特效,玩家/宠物互动,缺失待制,"开发备忘录.md:322；docs/需求实现验证矩阵.md:56；src/types.ts:33,48（有biodiversity数值，无动物实体/外观契约）；src/renderer.ts:829-832（只消费居民、货品、车辆）",统一骨骼后人工关键帧/重定向；Tripo动画仅候选，须检查接触点、循环、位移和事件同步；未生成/未接入,拟动物实体id/species/owner/position/age/state + 可见区池接口；当前types.ts无该契约，资产不假造生态或库存；角色配对读I_ANIM接触点,CHAR-324,同体态骨骼重定向/参数适配，不复制独立动物model；真实实体/照护流程尚无契约,首尾/接触点正确，无穿地/穿座；暂停不推进；速度与权威位移一致；现场活动取消即退出；本地回放及真实状态驱动都验收，文件存在不算完成；动物足爪/翼尾接触真实介质，不能用动画虚造位置/产出
CHAR-344,四足动物采食喝水循环,动物与照护动作,动画特效,宠物/家畜需要,缺失待制,"开发备忘录.md:322；docs/需求实现验证矩阵.md:56；src/types.ts:33,48（有biodiversity数值，无动物实体/外观契约）；src/renderer.ts:829-832（只消费居民、货品、车辆）",统一骨骼后人工关键帧/重定向；Tripo动画仅候选，须检查接触点、循环、位移和事件同步；未生成/未接入,拟动物实体id/species/owner/position/age/state + 可见区池接口；当前types.ts无该契约，资产不假造生态或库存；角色配对读I_ANIM接触点,CHAR-324,同体态骨骼重定向/参数适配，不复制独立动物model；真实实体/照护流程尚无契约,首尾/接触点正确，无穿地/穿座；暂停不推进；速度与权威位移一致；现场活动取消即退出；本地回放及真实状态驱动都验收，文件存在不算完成；动物足爪/翼尾接触真实介质，不能用动画虚造位置/产出
CHAR-345,四足动物伏卧睡眠循环,动物与照护动作,动画特效,宠物/家畜/生态,缺失待制,"开发备忘录.md:322；docs/需求实现验证矩阵.md:56；src/types.ts:33,48（有biodiversity数值，无动物实体/外观契约）；src/renderer.ts:829-832（只消费居民、货品、车辆）",统一骨骼后人工关键帧/重定向；Tripo动画仅候选，须检查接触点、循环、位移和事件同步；未生成/未接入,拟动物实体id/species/owner/position/age/state + 可见区池接口；当前types.ts无该契约，资产不假造生态或库存；角色配对读I_ANIM接触点,CHAR-324,同体态骨骼重定向/参数适配，不复制独立动物model；真实实体/照护流程尚无契约,首尾/接触点正确，无穿地/穿座；暂停不推进；速度与权威位移一致；现场活动取消即退出；本地回放及真实状态驱动都验收，文件存在不算完成；动物足爪/翼尾接触真实介质，不能用动画虚造位置/产出
CHAR-346,牛羊鹿低头采食循环,动物与照护动作,动画特效,农业/生态,缺失待制,"开发备忘录.md:322；docs/需求实现验证矩阵.md:56；src/types.ts:33,48（有biodiversity数值，无动物实体/外观契约）；src/renderer.ts:829-832（只消费居民、货品、车辆）",统一骨骼后人工关键帧/重定向；Tripo动画仅候选，须检查接触点、循环、位移和事件同步；未生成/未接入,拟动物实体id/species/owner/position/age/state + 可见区池接口；当前types.ts无该契约，资产不假造生态或库存；角色配对读I_ANIM接触点,CHAR-324,同体态骨骼重定向/参数适配，不复制独立动物model；真实实体/照护流程尚无契约,首尾/接触点正确，无穿地/穿座；暂停不推进；速度与权威位移一致；现场活动取消即退出；本地回放及真实状态驱动都验收，文件存在不算完成；动物足爪/翼尾接触真实介质，不能用动画虚造位置/产出
CHAR-347,兔跳行循环,动物与照护动作,动画特效,小型动物,缺失待制,"开发备忘录.md:322；docs/需求实现验证矩阵.md:56；src/types.ts:33,48（有biodiversity数值，无动物实体/外观契约）；src/renderer.ts:829-832（只消费居民、货品、车辆）",统一骨骼后人工关键帧/重定向；Tripo动画仅候选，须检查接触点、循环、位移和事件同步；未生成/未接入,拟动物实体id/species/owner/position/age/state + 可见区池接口；当前types.ts无该契约，资产不假造生态或库存；角色配对读I_ANIM接触点,CHAR-324,同体态骨骼重定向/参数适配，不复制独立动物model；真实实体/照护流程尚无契约,首尾/接触点正确，无穿地/穿座；暂停不推进；速度与权威位移一致；现场活动取消即退出；本地回放及真实状态驱动都验收，文件存在不算完成；动物足爪/翼尾接触真实介质，不能用动画虚造位置/产出
CHAR-348,猪类拱地动作,动物与照护动作,动画特效,家畜/林地生态,缺失待制,"开发备忘录.md:322；docs/需求实现验证矩阵.md:56；src/types.ts:33,48（有biodiversity数值，无动物实体/外观契约）；src/renderer.ts:829-832（只消费居民、货品、车辆）",统一骨骼后人工关键帧/重定向；Tripo动画仅候选，须检查接触点、循环、位移和事件同步；未生成/未接入,拟动物实体id/species/owner/position/age/state + 可见区池接口；当前types.ts无该契约，资产不假造生态或库存；角色配对读I_ANIM接触点,CHAR-324,同体态骨骼重定向/参数适配，不复制独立动物model；真实实体/照护流程尚无契约,首尾/接触点正确，无穿地/穿座；暂停不推进；速度与权威位移一致；现场活动取消即退出；本地回放及真实状态驱动都验收，文件存在不算完成；动物足爪/翼尾接触真实介质，不能用动画虚造位置/产出
CHAR-349,松鼠攀枝循环,动物与照护动作,动画特效,林冠生态；支撑路线待接,缺失待制,"开发备忘录.md:322；docs/需求实现验证矩阵.md:56；src/types.ts:33,48（有biodiversity数值，无动物实体/外观契约）；src/renderer.ts:829-832（只消费居民、货品、车辆）",统一骨骼后人工关键帧/重定向；Tripo动画仅候选，须检查接触点、循环、位移和事件同步；未生成/未接入,拟动物实体id/species/owner/position/age/state + 可见区池接口；当前types.ts无该契约，资产不假造生态或库存；角色配对读I_ANIM接触点,CHAR-324,同体态骨骼重定向/参数适配，不复制独立动物model；真实实体/照护流程尚无契约,首尾/接触点正确，无穿地/穿座；暂停不推进；速度与权威位移一致；现场活动取消即退出；本地回放及真实状态驱动都验收，文件存在不算完成；动物足爪/翼尾接触真实介质，不能用动画虚造位置/产出
CHAR-350,家禽行走与啄食循环,动物与照护动作,动画特效,农业,缺失待制,"开发备忘录.md:322；docs/需求实现验证矩阵.md:56；src/types.ts:33,48（有biodiversity数值，无动物实体/外观契约）；src/renderer.ts:829-832（只消费居民、货品、车辆）",统一骨骼后人工关键帧/重定向；Tripo动画仅候选，须检查接触点、循环、位移和事件同步；未生成/未接入,拟动物实体id/species/owner/position/age/state + 可见区池接口；当前types.ts无该契约，资产不假造生态或库存；角色配对读I_ANIM接触点,CHAR-325,同体态骨骼重定向/参数适配，不复制独立动物model；真实实体/照护流程尚无契约,首尾/接触点正确，无穿地/穿座；暂停不推进；速度与权威位移一致；现场活动取消即退出；本地回放及真实状态驱动都验收，文件存在不算完成；动物足爪/翼尾接触真实介质，不能用动画虚造位置/产出
CHAR-351,鸟类起飞飞行降落,动物与照护动作,动画特效,山林水岸生态,缺失待制,"开发备忘录.md:322；docs/需求实现验证矩阵.md:56；src/types.ts:33,48（有biodiversity数值，无动物实体/外观契约）；src/renderer.ts:829-832（只消费居民、货品、车辆）",统一骨骼后人工关键帧/重定向；Tripo动画仅候选，须检查接触点、循环、位移和事件同步；未生成/未接入,拟动物实体id/species/owner/position/age/state + 可见区池接口；当前types.ts无该契约，资产不假造生态或库存；角色配对读I_ANIM接触点,CHAR-325,同体态骨骼重定向/参数适配，不复制独立动物model；真实实体/照护流程尚无契约,首尾/接触点正确，无穿地/穿座；暂停不推进；速度与权威位移一致；现场活动取消即退出；本地回放及真实状态驱动都验收，文件存在不算完成；动物足爪/翼尾接触真实介质，不能用动画虚造位置/产出
CHAR-352,鸭鹅水面游动循环,动物与照护动作,动画特效,水岸家禽,缺失待制,"开发备忘录.md:322；docs/需求实现验证矩阵.md:56；src/types.ts:33,48（有biodiversity数值，无动物实体/外观契约）；src/renderer.ts:829-832（只消费居民、货品、车辆）",统一骨骼后人工关键帧/重定向；Tripo动画仅候选，须检查接触点、循环、位移和事件同步；未生成/未接入,拟动物实体id/species/owner/position/age/state + 可见区池接口；当前types.ts无该契约，资产不假造生态或库存；角色配对读I_ANIM接触点,CHAR-325,同体态骨骼重定向/参数适配，不复制独立动物model；真实实体/照护流程尚无契约,首尾/接触点正确，无穿地/穿座；暂停不推进；速度与权威位移一致；现场活动取消即退出；本地回放及真实状态驱动都验收，文件存在不算完成；动物足爪/翼尾接触真实介质，不能用动画虚造位置/产出
CHAR-353,鱼类摆尾游动循环,动物与照护动作,动画特效,宠物水族/溪流,缺失待制,"开发备忘录.md:322；docs/需求实现验证矩阵.md:56；src/types.ts:33,48（有biodiversity数值，无动物实体/外观契约）；src/renderer.ts:829-832（只消费居民、货品、车辆）",统一骨骼后人工关键帧/重定向；Tripo动画仅候选，须检查接触点、循环、位移和事件同步；未生成/未接入,拟动物实体id/species/owner/position/age/state + 可见区池接口；当前types.ts无该契约，资产不假造生态或库存；角色配对读I_ANIM接触点,CHAR-326,同体态骨骼重定向/参数适配，不复制独立动物model；真实实体/照护流程尚无契约,首尾/接触点正确，无穿地/穿座；暂停不推进；速度与权威位移一致；现场活动取消即退出；本地回放及真实状态驱动都验收，文件存在不算完成；动物足爪/翼尾接触真实介质，不能用动画虚造位置/产出
CHAR-354,蜂蝶翅动飞行循环,动物与照护动作,动画特效,生态/农业,缺失待制,"开发备忘录.md:322；docs/需求实现验证矩阵.md:56；src/types.ts:33,48（有biodiversity数值，无动物实体/外观契约）；src/renderer.ts:829-832（只消费居民、货品、车辆）",统一骨骼后人工关键帧/重定向；Tripo动画仅候选，须检查接触点、循环、位移和事件同步；未生成/未接入,拟动物实体id/species/owner/position/age/state + 可见区池接口；当前types.ts无该契约，资产不假造生态或库存；角色配对读I_ANIM接触点,CHAR-327,同体态骨骼重定向/参数适配，不复制独立动物model；真实实体/照护流程尚无契约,首尾/接触点正确，无穿地/穿座；暂停不推进；速度与权威位移一致；现场活动取消即退出；本地回放及真实状态驱动都验收，文件存在不算完成；动物足爪/翼尾接触真实介质，不能用动画虚造位置/产出
CHAR-355,角色蹲下抚摸与喂宠配对,动物与照护动作,动画特效,玩家/宠物日常,缺失待制,"开发备忘录.md:322；docs/需求实现验证矩阵.md:56；src/types.ts:33,48（有biodiversity数值，无动物实体/外观契约）；src/renderer.ts:829-832（只消费居民、货品、车辆）",统一骨骼后人工关键帧/重定向；Tripo动画仅候选，须检查接触点、循环、位移和事件同步；未生成/未接入,拟动物实体id/species/owner/position/age/state + 可见区池接口；当前types.ts无该契约，资产不假造生态或库存；角色配对读I_ANIM接触点,CHAR-073,同体态骨骼重定向/参数适配，不复制独立动物model；真实实体/照护流程尚无契约,首尾/接触点正确，无穿地/穿座；暂停不推进；速度与权威位移一致；现场活动取消即退出；本地回放及真实状态驱动都验收，文件存在不算完成；动物足爪/翼尾接触真实介质，不能用动画虚造位置/产出
CHAR-356,角色与犬牵引行走配对,动物与照护动作,动画特效,宠物通勤,缺失待制,"开发备忘录.md:322；docs/需求实现验证矩阵.md:56；src/types.ts:33,48（有biodiversity数值，无动物实体/外观契约）；src/renderer.ts:829-832（只消费居民、货品、车辆）",统一骨骼后人工关键帧/重定向；Tripo动画仅候选，须检查接触点、循环、位移和事件同步；未生成/未接入,拟动物实体id/species/owner/position/age/state + 可见区池接口；当前types.ts无该契约，资产不假造生态或库存；角色配对读I_ANIM接触点,CHAR-073,同体态骨骼重定向/参数适配，不复制独立动物model；真实实体/照护流程尚无契约,首尾/接触点正确，无穿地/穿座；暂停不推进；速度与权威位移一致；现场活动取消即退出；本地回放及真实状态驱动都验收，文件存在不算完成；动物足爪/翼尾接触真实介质，不能用动画虚造位置/产出
CHAR-357,精细人体近景LOD装配,角色动物LOD,配色尺寸变体,可见区/画质/池化,缺失待制,提示词.md:145-149；src/rendering/citizen-appearance.ts:121-134（当前LOD来自程序粗部件）,从已验近景母版离线减面/合并图集与socket派生,只读Citizen.id/position/state/role + extension.actorProfiles.age/alive；拟visualDescriptor/骨骼socket；不写模拟或碰撞,CHAR-059,近景保五官/手足/衣饰层次，复用人体与衣装母版；近远LOD不是独立model,在固定相机/昼夜对照检查切换形体与颜色稳定、无弹跳或分身；预算记录实测，macOS帧率未测不声称通过
CHAR-358,精细人体中景LOD派生,角色动物LOD,配色尺寸变体,可见区/画质/池化,缺失待制,提示词.md:145-149；src/rendering/citizen-appearance.ts:121-134（当前LOD来自程序粗部件）,从已验近景母版离线减面/合并图集与socket派生,只读Citizen.id/position/state/role + extension.actorProfiles.age/alive；拟visualDescriptor/骨骼socket；不写模拟或碰撞,CHAR-059,合并不影响轮廓的衣饰，人物位置/朝向/年龄不变；近远LOD不是独立model,在固定相机/昼夜对照检查切换形体与颜色稳定、无弹跳或分身；预算记录实测，macOS帧率未测不声称通过
CHAR-359,精细人体远景LOD派生,角色动物LOD,配色尺寸变体,可见区/画质/池化,缺失待制,提示词.md:145-149；src/rendering/citizen-appearance.ts:121-134（当前LOD来自程序粗部件）,从已验近景母版离线减面/合并图集与socket派生,只读Citizen.id/position/state/role + extension.actorProfiles.age/alive；拟visualDescriptor/骨骼socket；不写模拟或碰撞,CHAR-059,体态轮廓代理/低骨骼频率，实例颜色保持，远景不能变另一个人；近远LOD不是独立model,在固定相机/昼夜对照检查切换形体与颜色稳定、无弹跳或分身；预算记录实测，macOS帧率未测不声称通过
CHAR-360,儿童人体LOD派生,角色动物LOD,配色尺寸变体,可见区/画质/池化,缺失待制,提示词.md:145-149；src/rendering/citizen-appearance.ts:121-134（当前LOD来自程序粗部件）,从已验近景母版离线减面/合并图集与socket派生,只读Citizen.id/position/state/role + extension.actorProfiles.age/alive；拟visualDescriptor/骨骼socket；不写模拟或碰撞,CHAR-063,各级保儿童头身比例，不能用成人代理仅缩小；近远LOD不是独立model,在固定相机/昼夜对照检查切换形体与颜色稳定、无弹跳或分身；预算记录实测，macOS帧率未测不声称通过
CHAR-361,四足动物LOD族派生,角色动物LOD,配色尺寸变体,可见区/画质/池化,缺失待制,"提示词.md:145-149；src/rendering/citizen-appearance.ts:121-134（现仅程序near/far）；开发备忘录.md:322；docs/需求实现验证矩阵.md:56；src/types.ts:33,48（有biodiversity数值，无动物实体/外观契约）；src/renderer.ts:829-832（只消费居民、货品、车辆）",从已验近景母版离线减面/合并图集与socket派生,拟动物实体id/species/owner/position/age/state + 可见区池接口；当前types.ts无该契约，资产不假造生态或库存,CHAR-306,按每个已确认四足母版生成近/中/远几何，族规则不算每色新model；近远LOD不是独立model,在固定相机/昼夜对照检查切换形体与颜色稳定、无弹跳或分身；预算记录实测，macOS帧率未测不声称通过
CHAR-362,鸟类动物LOD族派生,角色动物LOD,配色尺寸变体,可见区/画质/池化,缺失待制,"提示词.md:145-149；src/rendering/citizen-appearance.ts:121-134（现仅程序near/far）；开发备忘录.md:322；docs/需求实现验证矩阵.md:56；src/types.ts:33,48（有biodiversity数值，无动物实体/外观契约）；src/renderer.ts:829-832（只消费居民、货品、车辆）",从已验近景母版离线减面/合并图集与socket派生,拟动物实体id/species/owner/position/age/state + 可见区池接口；当前types.ts无该契约，资产不假造生态或库存,CHAR-319,保鸟翼/尾/落地尺寸，远距代理不穿栖息面；近远LOD不是独立model,在固定相机/昼夜对照检查切换形体与颜色稳定、无弹跳或分身；预算记录实测，macOS帧率未测不声称通过
CHAR-363,鱼类动物LOD族派生,角色动物LOD,配色尺寸变体,可见区/画质/池化,缺失待制,"提示词.md:145-149；src/rendering/citizen-appearance.ts:121-134（现仅程序near/far）；开发备忘录.md:322；docs/需求实现验证矩阵.md:56；src/types.ts:33,48（有biodiversity数值，无动物实体/外观契约）；src/renderer.ts:829-832（只消费居民、货品、车辆）",从已验近景母版离线减面/合并图集与socket派生,拟动物实体id/species/owner/position/age/state + 可见区池接口；当前types.ts无该契约，资产不假造生态或库存,CHAR-321,保水下轮廓与实际水域，只读动物位置；近远LOD不是独立model,在固定相机/昼夜对照检查切换形体与颜色稳定、无弹跳或分身；预算记录实测，macOS帧率未测不声称通过
CHAR-364,昆虫动物LOD族派生,角色动物LOD,配色尺寸变体,可见区/画质/池化,缺失待制,"提示词.md:145-149；src/rendering/citizen-appearance.ts:121-134（现仅程序near/far）；开发备忘录.md:322；docs/需求实现验证矩阵.md:56；src/types.ts:33,48（有biodiversity数值，无动物实体/外观契约）；src/renderer.ts:829-832（只消费居民、货品、车辆）",从已验近景母版离线减面/合并图集与socket派生,拟动物实体id/species/owner/position/age/state + 可见区池接口；当前types.ts无该契约，资产不假造生态或库存,CHAR-322,按距离减少翼动/几何，不假造群落产出；近远LOD不是独立model,在固定相机/昼夜对照检查切换形体与颜色稳定、无弹跳或分身；预算记录实测，macOS帧率未测不声称通过
UI-001,云字应用图标SVG,二维界面视觉,基础组件,应用识别,已集成代码生成,public/favicon.svg:1–5；当前DOM/CSS/SVG源代码；不是3D模型文件,现有DOM/CSS/Canvas/SVG保留并按统一风格评审,真实simulation/view state + semantic button/aria + 原生鼠标键盘；界面不写虚构现金库存或跳过到场规则,UI-001,响应式尺寸属于同一模板，不按屏幕尺寸重复算独立模型,原生DOM功能验证；文字可读/对比/遮挡和比例需实拍审核；本清单不新增美术验收通过结论
UI-002,标题与城市标识牌,二维界面视觉,组合模板,城市身份,已集成代码生成,src/ui.ts:146–149；当前DOM/CSS/SVG源代码；不是3D模型文件,现有DOM/CSS/Canvas/SVG保留并按统一风格评审,真实simulation/view state + semantic button/aria + 原生鼠标键盘；界面不写虚构现金库存或跳过到场规则,UI-002,响应式尺寸属于同一模板，不按屏幕尺寸重复算独立模型,原生DOM功能验证；文字可读/对比/遮挡和比例需实拍审核；本清单不新增美术验收通过结论
UI-003,日时天气状态条,二维界面视觉,组合模板,自然时钟天气,已集成代码生成,src/ui.ts:149；当前DOM/CSS/SVG源代码；不是3D模型文件,现有DOM/CSS/Canvas/SVG保留并按统一风格评审,真实simulation/view state + semantic button/aria + 原生鼠标键盘；界面不写虚构现金库存或跳过到场规则,UI-003,响应式尺寸属于同一模板，不按屏幕尺寸重复算独立模型,原生DOM功能验证；文字可读/对比/遮挡和比例需实拍审核；本清单不新增美术验收通过结论
UI-004,新旅人操作提示,二维界面视觉,组合模板,第一人称初始操作,已集成代码生成,src/ui.ts:151–155；当前DOM/CSS/SVG源代码；不是3D模型文件,现有DOM/CSS/Canvas/SVG保留并按统一风格评审,真实simulation/view state + semantic button/aria + 原生鼠标键盘；界面不写虚构现金库存或跳过到场规则,UI-004,响应式尺寸属于同一模板，不按屏幕尺寸重复算独立模型,原生DOM功能验证；文字可读/对比/遮挡和比例需实拍审核；本清单不新增美术验收通过结论
UI-005,真实城区与交通小地图,二维界面视觉,组合模板,地理与公共交通,已集成代码生成,src/ui.ts:156；当前DOM/CSS/SVG源代码；不是3D模型文件,现有DOM/CSS/Canvas/SVG保留并按统一风格评审,真实simulation/view state + semantic button/aria + 原生鼠标键盘；界面不写虚构现金库存或跳过到场规则,UI-005,响应式尺寸属于同一模板，不按屏幕尺寸重复算独立模型,原生DOM功能验证；文字可读/对比/遮挡和比例需实拍审核；本清单不新增美术验收通过结论
UI-006,当前位置与身份提示,二维界面视觉,组合模板,空间与身份反馈,已集成代码生成,src/ui.ts:151–155;454；当前DOM/CSS/SVG源代码；不是3D模型文件,现有DOM/CSS/Canvas/SVG保留并按统一风格评审,真实simulation/view state + semantic button/aria + 原生鼠标键盘；界面不写虚构现金库存或跳过到场规则,UI-006,响应式尺寸属于同一模板，不按屏幕尺寸重复算独立模型,原生DOM功能验证；文字可读/对比/遮挡和比例需实拍审核；本清单不新增美术验收通过结论
UI-007,城市手册页签与框架,二维界面视觉,组合模板,生活城市交通人脉设置,已集成代码生成,src/ui.ts:157；当前DOM/CSS/SVG源代码；不是3D模型文件,现有DOM/CSS/Canvas/SVG保留并按统一风格评审,真实simulation/view state + semantic button/aria + 原生鼠标键盘；界面不写虚构现金库存或跳过到场规则,UI-007,响应式尺寸属于同一模板，不按屏幕尺寸重复算独立模型,原生DOM功能验证；文字可读/对比/遮挡和比例需实拍审核；本清单不新增美术验收通过结论
UI-008,持有身份与资产档案,二维界面视觉,组合模板,多重职业和资金,已集成代码生成,src/ui.ts:159；当前DOM/CSS/SVG源代码；不是3D模型文件,现有DOM/CSS/Canvas/SVG保留并按统一风格评审,真实simulation/view state + semantic button/aria + 原生鼠标键盘；界面不写虚构现金库存或跳过到场规则,UI-008,响应式尺寸属于同一模板，不按屏幕尺寸重复算独立模型,原生DOM功能验证；文字可读/对比/遮挡和比例需实拍审核；本清单不新增美术验收通过结论
UI-009,需求状态条,二维界面视觉,组合模板,饥饿体力社交娱乐,已集成代码生成,src/ui.ts:159；当前DOM/CSS/SVG源代码；不是3D模型文件,现有DOM/CSS/Canvas/SVG保留并按统一风格评审,真实simulation/view state + semantic button/aria + 原生鼠标键盘；界面不写虚构现金库存或跳过到场规则,UI-009,响应式尺寸属于同一模板，不按屏幕尺寸重复算独立模型,原生DOM功能验证；文字可读/对比/遮挡和比例需实拍审核；本清单不新增美术验收通过结论
UI-010,到场日常操作面板,二维界面视觉,组合模板,住宅工班生活,已集成代码生成,src/ui.ts:159；当前DOM/CSS/SVG源代码；不是3D模型文件,现有DOM/CSS/Canvas/SVG保留并按统一风格评审,真实simulation/view state + semantic button/aria + 原生鼠标键盘；界面不写虚构现金库存或跳过到场规则,UI-010,响应式尺寸属于同一模板，不按屏幕尺寸重复算独立模型,原生DOM功能验证；文字可读/对比/遮挡和比例需实拍审核；本清单不新增美术验收通过结论
UI-011,职业方向与考核面板,二维界面视觉,组合模板,身份获取规则,已集成代码生成,src/ui.ts:159；当前DOM/CSS/SVG源代码；不是3D模型文件,现有DOM/CSS/Canvas/SVG保留并按统一风格评审,真实simulation/view state + semantic button/aria + 原生鼠标键盘；界面不写虚构现金库存或跳过到场规则,UI-011,响应式尺寸属于同一模板，不按屏幕尺寸重复算独立模型,原生DOM功能验证；文字可读/对比/遮挡和比例需实拍审核；本清单不新增美术验收通过结论
UI-012,背包与事件记录,二维界面视觉,组合模板,真实物资与历史反馈,已集成代码生成,src/ui.ts:159；当前DOM/CSS/SVG源代码；不是3D模型文件,现有DOM/CSS/Canvas/SVG保留并按统一风格评审,真实simulation/view state + semantic button/aria + 原生鼠标键盘；界面不写虚构现金库存或跳过到场规则,UI-012,响应式尺寸属于同一模板，不按屏幕尺寸重复算独立模型,原生DOM功能验证；文字可读/对比/遮挡和比例需实拍审核；本清单不新增美术验收通过结论
UI-013,城市制度与统计页,二维界面视觉,组合模板,治理金融信息社会制度,已集成代码生成,src/ui.ts:160；当前DOM/CSS/SVG源代码；不是3D模型文件,现有DOM/CSS/Canvas/SVG保留并按统一风格评审,真实simulation/view state + semantic button/aria + 原生鼠标键盘；界面不写虚构现金库存或跳过到场规则,UI-013,响应式尺寸属于同一模板，不按屏幕尺寸重复算独立模型,原生DOM功能验证；文字可读/对比/遮挡和比例需实拍审核；本清单不新增美术验收通过结论
UI-014,城区导航和交通班次页,二维界面视觉,组合模板,到站购票与换乘,已集成代码生成,src/ui.ts:161；当前DOM/CSS/SVG源代码；不是3D模型文件,现有DOM/CSS/Canvas/SVG保留并按统一风格评审,真实simulation/view state + semantic button/aria + 原生鼠标键盘；界面不写虚构现金库存或跳过到场规则,UI-014,响应式尺寸属于同一模板，不按屏幕尺寸重复算独立模型,原生DOM功能验证；文字可读/对比/遮挡和比例需实拍审核；本清单不新增美术验收通过结论
UI-015,居民关系与家庭页,二维界面视觉,组合模板,交流家庭与文化活动,已集成代码生成,src/ui.ts:162；当前DOM/CSS/SVG源代码；不是3D模型文件,现有DOM/CSS/Canvas/SVG保留并按统一风格评审,真实simulation/view state + semantic button/aria + 原生鼠标键盘；界面不写虚构现金库存或跳过到场规则,UI-015,响应式尺寸属于同一模板，不按屏幕尺寸重复算独立模型,原生DOM功能验证；文字可读/对比/遮挡和比例需实拍审核；本清单不新增美术验收通过结论
UI-016,画面与资源设置页,二维界面视觉,组合模板,质量距离分辨率,已集成代码生成,src/ui.ts:163；当前DOM/CSS/SVG源代码；不是3D模型文件,现有DOM/CSS/Canvas/SVG保留并按统一风格评审,真实simulation/view state + semantic button/aria + 原生鼠标键盘；界面不写虚构现金库存或跳过到场规则,UI-016,响应式尺寸属于同一模板，不按屏幕尺寸重复算独立模型,原生DOM功能验证；文字可读/对比/遮挡和比例需实拍审核；本清单不新增美术验收通过结论
UI-017,本地存档导入导出页,二维界面视觉,组合模板,保存读取与原子导入,已集成代码生成,src/ui.ts:163；当前DOM/CSS/SVG源代码；不是3D模型文件,现有DOM/CSS/Canvas/SVG保留并按统一风格评审,真实simulation/view state + semantic button/aria + 原生鼠标键盘；界面不写虚构现金库存或跳过到场规则,UI-017,响应式尺寸属于同一模板，不按屏幕尺寸重复算独立模型,原生DOM功能验证；文字可读/对比/遮挡和比例需实拍审核；本清单不新增美术验收通过结论
UI-018,操作帮助浮层,二维界面视觉,组合模板,步行交互航空,已集成代码生成,src/ui.ts:165；当前DOM/CSS/SVG源代码；不是3D模型文件,现有DOM/CSS/Canvas/SVG保留并按统一风格评审,真实simulation/view state + semantic button/aria + 原生鼠标键盘；界面不写虚构现金库存或跳过到场规则,UI-018,响应式尺寸属于同一模板，不按屏幕尺寸重复算独立模型,原生DOM功能验证；文字可读/对比/遮挡和比例需实拍审核；本清单不新增美术验收通过结论
UI-019,城市交通与自然时钟控制条,二维界面视觉,组合模板,现场找无人机去机场与时间,已集成代码生成,src/ui.ts:166;src/main.ts:284–300；当前DOM/CSS/SVG源代码；不是3D模型文件,现有DOM/CSS/Canvas/SVG保留并按统一风格评审,真实simulation/view state + semantic button/aria + 原生鼠标键盘；界面不写虚构现金库存或跳过到场规则,UI-019,响应式尺寸属于同一模板，不按屏幕尺寸重复算独立模型,原生DOM功能验证；文字可读/对比/遮挡和比例需实拍审核；本清单不新增美术验收通过结论
UI-020,建筑场所与功能点卡,二维界面视觉,组合模板,真实房内位置和权限反馈,已集成代码生成,src/ui.ts:54–62;159；当前DOM/CSS/SVG源代码；不是3D模型文件,现有DOM/CSS/Canvas/SVG保留并按统一风格评审,真实simulation/view state + semantic button/aria + 原生鼠标键盘；界面不写虚构现金库存或跳过到场规则,UI-020,响应式尺寸属于同一模板，不按屏幕尺寸重复算独立模型,原生DOM功能验证；文字可读/对比/遮挡和比例需实拍审核；本清单不新增美术验收通过结论
UI-021,现场航空器租用与登机卡,二维界面视觉,组合模板,身份租金电量返航,已集成代码生成,src/ui.ts:811;src/main.ts:284–300；当前DOM/CSS/SVG源代码；不是3D模型文件,现有DOM/CSS/Canvas/SVG保留并按统一风格评审,真实simulation/view state + semantic button/aria + 原生鼠标键盘；界面不写虚构现金库存或跳过到场规则,UI-021,响应式尺寸属于同一模板，不按屏幕尺寸重复算独立模型,原生DOM功能验证；文字可读/对比/遮挡和比例需实拍审核；本清单不新增美术验收通过结论
UI-022,目的地导航按钮与路线提示,二维界面视觉,组合模板,真实门站点步行导航,已集成代码生成,src/ui.ts:94;src/main.ts:115；当前DOM/CSS/SVG源代码；不是3D模型文件,现有DOM/CSS/Canvas/SVG保留并按统一风格评审,真实simulation/view state + semantic button/aria + 原生鼠标键盘；界面不写虚构现金库存或跳过到场规则,UI-022,响应式尺寸属于同一模板，不按屏幕尺寸重复算独立模型,原生DOM功能验证；文字可读/对比/遮挡和比例需实拍审核；本清单不新增美术验收通过结论
UI-023,系统字体与纸色玻璃配色样式,二维界面视觉,材质贴图,界面文字与层级,已集成代码生成,src/style.css:1–23;112–119；当前DOM/CSS/SVG源代码；不是3D模型文件,现有DOM/CSS/Canvas/SVG保留并按统一风格评审,真实simulation/view state + semantic button/aria + 原生鼠标键盘；界面不写虚构现金库存或跳过到场规则,UI-023,响应式尺寸属于同一模板，不按屏幕尺寸重复算独立模型,原生DOM功能验证；文字可读/对比/遮挡和比例需实拍审核；本清单不新增美术验收通过结论
UI-024,界面控件焦点与可访问状态配方,二维界面视觉,组合模板,键盘焦点页签禁用反馈,已集成代码生成,src/ui.ts:54–62;157;src/style.css:1–30；当前DOM/CSS/SVG源代码；不是3D模型文件,现有DOM/CSS/Canvas/SVG保留并按统一风格评审,真实simulation/view state + semantic button/aria + 原生鼠标键盘；界面不写虚构现金库存或跳过到场规则,UI-024,响应式尺寸属于同一模板，不按屏幕尺寸重复算独立模型,原生DOM功能验证；文字可读/对比/遮挡和比例需实拍审核；本清单不新增美术验收通过结论
ENV-134,未来国风盆景剪裁矮树母版,住宅模块/盆景,基础组件,住宅室内/庭院可复用盆景,缺失待制,用户2026-10-02最新fallback明确盆景独立可复用；现ENV-097仅规划容器，未核出专用矮干精细盆景mesh,统一future国风精细体素参考，程序可复用母版或待实测独立Tripo组件；未收费生成,ENV-097独立盆器 + ENV-073植被材质；完整占用/重心/盆底放置,ENV-134,独立矮干、枝条及离散体素冠；不是将自然整树任意缩放后冒认盆景,米制/Y向上/盆底中心原点，独立尺寸及盆口接口；实际mesh/放置数量待核，安装0；不能堵门窗梯孔/功能点；不把引用图当碰撞或模型验收
ENV-135,可搬盆景容器与植株组合,住宅模块/盆景,组合模板,模块化住宅组装/重复摆放,缺失待制,用户2026-10-02最新fallback明确盆景独立可复用；现ENV-097仅规划容器，未核出专用矮干精细盆景mesh,统一future国风精细体素参考，程序可复用母版或待实测独立Tripo组件；未收费生成,ENV-097盆器 + ENV-134矮树；两母版可拆换，场景安装位另配,ENV-135,容器与植物为独立资产；整套组合、摆放变换和保护体不再计新模型,米制/Y向上/盆底中心原点，独立尺寸及盆口接口；实际mesh/放置数量待核，安装0；不能堵门窗梯孔/功能点；不把引用图当碰撞或模型验收
BUILT-315,未来国风住宅精细能源灯带母版,未来国风住宅/能源模块,基础组件,模块立面/门窗与檐缘能源视觉,缺失待制,最新v3风格参考及父明确组件要求；BUILT-117旧底光带是相关源，未证同形接口或本栋新模块,统一future国风精细体素参考，程序可复用母版或待实测独立Tripo组件；未收费生成,门窗立面与灯具材料，真实安装保护体；BUILT-117旧底光带仅相关源非确证同形,BUILT-315,细硬边外壳/发光面为独立模块；颜色/长度参数派生，不能把旧灯笼或整楼底带冒认本模块,米制/Y向上/背面安装平面中心原点；端部对接、电气视觉/材质槽和真实保护体独立；长度与重复数待核，安装0；不能堵门窗梯孔/功能点；图非mesh或碰撞证明
BUILT-316,住宅悬挑通廊承力梁母版,未来国风住宅/通廊承力,基础组件,未来住屋院上通廊/模块承力,缺失待制,最新v3院上连廊为风格新增；既有塔梁/隔离高桥梁不是本住宅梁的同形接口证据,统一future国风精细体素参考，程序可复用母版或待实测独立Tripo组件；未收费生成,可信新FloorPlan/实体梁端支座/楼板栏杆/可达性和存档指纹,BUILT-316,住宅梁与既有高桥塔梁形体接口未证同一；具体截面、跨长及数量待共享方案，安装0,米制/Y向上/梁端承托中心原点；支座截面、真实跨度/支撑/身体净空、楼板接缝共同确定；尺寸数量待可信方案，安装0；不能在旧recipe凭图新增可走面
BUILT-317,未来国风住宅玻璃金属通廊组合,未来国风住宅/通廊组合,组合模板,独立组件拼装/替换/重复与真实行走,缺失待制,最新v3院上连廊风格新增与父明确可复用组装要求；当前FloorPlan无此桥，非已集成,统一future国风精细体素参考，程序可复用母版或待实测独立Tripo组件；未收费生成,BUILT-316承力梁 +楼板、玻璃金属护栏、两端接口 +可信共享geometry/route,BUILT-317,v3连桥是风格新增；组合配方不加模型数，不能凭外观图在当前旧recipe中发明可行走桥,米制/Y向上/真实两端landing与梁支座同源；通廊楼板、栏杆、梁、端口、collision/support/route/save指纹统一；原recipe保持；未设计/安装0，图不代替普通玩家通行或资源释放验收
